<?xml version="1.0" encoding="UTF-8"?>
<osm version="0.6" generator="Overpass API 0.7.62.11 87bfad18">
<note>The data included in this document is from www.openstreetmap.org. The data is made available under ODbL.</note>
<meta osm_base="2026-09-27T05:08:25Z"/>

  <node id="12067308" lat="14.5378672" lon="120.9957327"/>
  <node id="12067355" lat="14.5388794" lon="121.0108253"/>
  <node id="12067356" lat="14.5395407" lon="121.0142918"/>
  <node id="12067456" lat="14.6330264" lon="121.0446760"/>
  <node id="12067593" lat="14.6022214" lon="121.0588907"/>
  <node id="12067600" lat="14.5996487" lon="121.0595774">
    <tag k="distance" v="21"/>
    <tag k="highway" v="milestone"/>
    <tag k="inscription" v="K|21"/>
  </node>
  <node id="12067604" lat="14.5978902" lon="121.0596048"/>
  <node id="12067613" lat="14.5845181" lon="121.0554759">
    <tag k="highway" v="motorway_junction"/>
    <tag k="name" v="Shaw Crossing"/>
  </node>
  <node id="12067619" lat="14.5830925" lon="121.0546824"/>
  <node id="12067627" lat="14.5715805" lon="121.0467307"/>
  <node id="12067636" lat="14.5641423" lon="121.0444963"/>
  <node id="12089240" lat="14.6574930" lon="121.0203684"/>
  <node id="21590566" lat="14.5372995" lon="120.9928809"/>
  <node id="21834288" lat="14.5934408" lon="121.0582841">
    <tag k="highway" v="traffic_signals"/>
  </node>
  <node id="24077626" lat="14.5516242" lon="121.0311598"/>
  <node id="24078211" lat="14.5533618" lon="121.0332271"/>
  <node id="24078317" lat="14.5634484" lon="121.0443787"/>
  <node id="24078516" lat="14.5937043" lon="121.0588375"/>
  <node id="24078582" lat="14.5651044" lon="121.0451350"/>
  <node id="24078839" lat="14.6307056" lon="121.0457084">
    <tag k="highway" v="traffic_signals"/>
  </node>
  <node id="24078977" lat="14.6316627" lon="121.0456402"/>
  <node id="24079238" lat="14.6285550" lon="121.0470307">
    <tag k="highway" v="motorway_junction"/>
    <tag k="name" v="GMA Kamuning"/>
  </node>
  <node id="24079369" lat="14.5395728" lon="121.0148271"/>
  <node id="24080055" lat="14.5376173" lon="120.9957652"/>
  <node id="24080291" lat="14.5374525" lon="121.0014700"/>
  <node id="24080672" lat="14.5625720" lon="121.0438086"/>
  <node id="24080775" lat="14.5712786" lon="121.0468901"/>
  <node id="24080860" lat="14.5822345" lon="121.0545019"/>
  <node id="24081039" lat="14.5977415" lon="121.0598492"/>
  <node id="24081110" lat="14.5996325" lon="121.0598249"/>
  <node id="24081128" lat="14.6010735" lon="121.0595514"/>
  <node id="24081145" lat="14.6023825" lon="121.0590899"/>
  <node id="24081632" lat="14.6327664" lon="121.0450686"/>
  <node id="24081884" lat="14.6330079" lon="121.0445936">
    <tag k="highway" v="traffic_signals"/>
  </node>
  <node id="24081972" lat="14.6327673" lon="121.0451267"/>
  <node id="24915141" lat="14.5361547" lon="120.9888757">
    <tag k="highway" v="traffic_signals"/>
  </node>
  <node id="24915142" lat="14.5361961" lon="120.9890502">
    <tag k="highway" v="traffic_signals"/>
  </node>
  <node id="24915143" lat="14.5369808" lon="120.9926193">
    <tag k="highway" v="traffic_signals"/>
  </node>
  <node id="25389521" lat="14.5372408" lon="120.9925870">
    <tag k="highway" v="traffic_signals"/>
  </node>
  <node id="25389523" lat="14.5371940" lon="120.9923399">
    <tag k="highway" v="traffic_signals"/>
  </node>
  <node id="25426149" lat="14.5370465" lon="120.9929099"/>
  <node id="25426152" lat="14.5369329" lon="120.9923715">
    <tag k="highway" v="traffic_signals"/>
  </node>
  <node id="25650633" lat="14.5376696" lon="121.0031290"/>
  <node id="27049103" lat="14.5369373" lon="120.9912549"/>
  <node id="29098405" lat="14.5931803" lon="121.0586597">
    <tag k="highway" v="traffic_signals"/>
  </node>
  <node id="29523876" lat="14.6215736" lon="121.0499577">
    <tag k="highway" v="traffic_signals"/>
  </node>
  <node id="31241755" lat="14.5805794" lon="121.0529468"/>
  <node id="32167669" lat="14.5378367" lon="121.0044673"/>
  <node id="32168211" lat="14.5402182" lon="121.0164158"/>
  <node id="32168953" lat="14.5403768" lon="121.0164095"/>
  <node id="32169081" lat="14.5392941" lon="121.0133321"/>
  <node id="32169158" lat="14.5390993" lon="121.0133388">
    <tag k="highway" v="motorway_junction"/>
    <tag k="name" v="Magallanes Interchange"/>
  </node>
  <node id="33471553" lat="14.6215967" lon="121.0502862">
    <tag k="highway" v="traffic_signals"/>
  </node>
  <node id="34012852" lat="14.5378667" lon="120.9974185"/>
  <node id="34012859" lat="14.5376333" lon="120.9975079"/>
  <node id="35453950" lat="14.6574299" lon="121.0007195"/>
  <node id="35454005" lat="14.6574313" lon="120.9990772"/>
  <node id="35454011" lat="14.6572547" lon="120.9988604">
    <tag k="highway" v="motorway_junction"/>
    <tag k="name" v="Balintawak Cloverleaf"/>
    <tag k="noref" v="yes"/>
  </node>
  <node id="35454206" lat="14.6574521" lon="120.9963185"/>
  <node id="35454276" lat="14.6574456" lon="120.9955601"/>
  <node id="35454291" lat="14.6574319" lon="120.9947652"/>
  <node id="35454310" lat="14.6574253" lon="120.9940238"/>
  <node id="35454329" lat="14.6574038" lon="120.9932448"/>
  <node id="35454344" lat="14.6573975" lon="120.9924573"/>
  <node id="35454358" lat="14.6573808" lon="120.9916825"/>
  <node id="35454377" lat="14.6573749" lon="120.9909156"/>
  <node id="35454400" lat="14.6573629" lon="120.9901676"/>
  <node id="35454848" lat="14.6573248" lon="120.9876431"/>
  <node id="35455722" lat="14.6574692" lon="120.9978451"/>
  <node id="35455723" lat="14.6574618" lon="120.9970759"/>
  <node id="35456301" lat="14.6560771" lon="121.0285161"/>
  <node id="40826229" lat="14.6256225" lon="121.0481084"/>
  <node id="50630443" lat="14.6572753" lon="121.0010388"/>
  <node id="57127910" lat="14.5355544" lon="120.9848365"/>
  <node id="60093318" lat="14.6119920" lon="121.0547218"/>
  <node id="60171014" lat="14.6109504" lon="121.0552177">
    <tag k="countdown_timer:vehicles" v="yes"/>
    <tag k="highway" v="traffic_signals"/>
  </node>
  <node id="61679340" lat="14.6131413" lon="121.0537984"/>
  <node id="61679564" lat="14.6062563" lon="121.0570536"/>
  <node id="68901115" lat="14.6016657" lon="121.0591107"/>
  <node id="78041031" lat="14.6168404" lon="121.0521253"/>
  <node id="78041112" lat="14.6219565" lon="121.0500150"/>
  <node id="79626404" lat="14.6572984" lon="120.9854512"/>
  <node id="87632972" lat="14.5953140" lon="121.0592848"/>
  <node id="88762715" lat="14.6571132" lon="120.9904356">
    <tag k="highway" v="traffic_signals"/>
    <tag k="note" v="human-based traffic signaling (presence of constables)"/>
    <tag k="supervised" v="05:00-22:00"/>
    <tag k="traffic_signals" v="traffic_lights"/>
  </node>
  <node id="88764198" lat="14.6570996" lon="120.9882441"/>
  <node id="88765810" lat="14.6571851" lon="120.9944320"/>
  <node id="88771457" lat="14.5975826" lon="121.0595743"/>
  <node id="88772467" lat="14.5933049" lon="121.0582354">
    <tag k="highway" v="traffic_signals"/>
  </node>
  <node id="88772903" lat="14.5930397" lon="121.0586102">
    <tag k="highway" v="traffic_signals"/>
  </node>
  <node id="88777530" lat="14.5834368" lon="121.0548904"/>
  <node id="88779660" lat="14.5985075" lon="121.0596343"/>
  <node id="88782921" lat="14.6553525" lon="121.0303697"/>
  <node id="88783440" lat="14.6556223" lon="121.0293904">
    <tag k="highway" v="motorway_junction"/>
    <tag k="name" v="North EDSA"/>
  </node>
  <node id="88787349" lat="14.6144810" lon="121.0532696"/>
  <node id="88788228" lat="14.6135610" lon="121.0536039"/>
  <node id="88788259" lat="14.6118555" lon="121.0544198"/>
  <node id="88798869" lat="14.5847929" lon="121.0558486"/>
  <node id="88901373" lat="14.5792396" lon="121.0523774"/>
  <node id="88901997" lat="14.5746344" lon="121.0489488"/>
  <node id="88903674" lat="14.5766587" lon="121.0504554"/>
  <node id="88927152" lat="14.5611510" lon="121.0424718">
    <tag k="distance" v="26"/>
    <tag k="highway" v="milestone"/>
    <tag k="inscription" v="K26"/>
  </node>
  <node id="92293957" lat="14.5956993" lon="121.0591838"/>
  <node id="92293959" lat="14.5913639" lon="121.0577442"/>
  <node id="92300703" lat="14.5810912" lon="121.0536848">
    <tag k="highway" v="traffic_signals"/>
  </node>
  <node id="96347306" lat="14.5997298" lon="121.0598143"/>
  <node id="103784873" lat="14.6574214" lon="121.0109989"/>
  <node id="103796296" lat="14.6556656" lon="121.0291813"/>
  <node id="138712026" lat="14.5371284" lon="120.9920490"/>
  <node id="138712055" lat="14.5368742" lon="120.9920810"/>
  <node id="138712174" lat="14.5371725" lon="120.9922447"/>
  <node id="140992612" lat="14.5379025" lon="120.9966017"/>
  <node id="143676951" lat="14.5376637" lon="121.0006428">
    <tag k="highway" v="traffic_signals"/>
  </node>
  <node id="143676963" lat="14.5374014" lon="121.0005623">
    <tag k="highway" v="traffic_signals"/>
  </node>
  <node id="143676980" lat="14.5376681" lon="121.0007401">
    <tag k="highway" v="traffic_signals"/>
  </node>
  <node id="186466010" lat="14.5812554" lon="121.0538029">
    <tag k="highway" v="traffic_signals"/>
  </node>
  <node id="186466037" lat="14.5814695" lon="121.0535637">
    <tag k="highway" v="traffic_signals"/>
  </node>
  <node id="224865426" lat="14.6332834" lon="121.0448046"/>
  <node id="225197616" lat="14.5549044" lon="121.0346772"/>
  <node id="225266123" lat="14.5473873" lon="121.0262035">
    <tag k="countdown_timer:vehicles" v="yes"/>
    <tag k="highway" v="traffic_signals"/>
  </node>
  <node id="237016137" lat="14.5726268" lon="121.0472522"/>
  <node id="237037369" lat="14.5723606" lon="121.0473941"/>
  <node id="242433615" lat="14.5730885" lon="121.0475176"/>
  <node id="243433817" lat="14.5391003" lon="121.0122131"/>
  <node id="243433824" lat="14.5393383" lon="121.0135973"/>
  <node id="243434165" lat="14.5390023" lon="121.0116474"/>
  <node id="243434743" lat="14.5399977" lon="121.0153306"/>
  <node id="243460921" lat="14.6419219" lon="121.0391324"/>
  <node id="243461145" lat="14.6331536" lon="121.0448912"/>
  <node id="243461673" lat="14.5396277" lon="121.0142810"/>
  <node id="243461675" lat="14.5398037" lon="121.0148118"/>
  <node id="243508481" lat="14.5674682" lon="121.0455462"/>
  <node id="243508486" lat="14.5675045" lon="121.0458036"/>
  <node id="243508493" lat="14.5690937" lon="121.0460524"/>
  <node id="243508499" lat="14.5701382" lon="121.0462849"/>
  <node id="243796885" lat="14.5381742" lon="121.0048491"/>
  <node id="243951193" lat="14.5376631" lon="120.9966407"/>
  <node id="243951194" lat="14.5378027" lon="120.9951587">
    <tag k="distance" v="32"/>
    <tag k="highway" v="milestone"/>
  </node>
  <node id="243951195" lat="14.5375659" lon="120.9952070">
    <tag k="distance" v="32"/>
    <tag k="highway" v="milestone"/>
  </node>
  <node id="244312768" lat="14.5394681" lon="121.0137348"/>
  <node id="244312769" lat="14.5403723" lon="121.0162796"/>
  <node id="244312772" lat="14.5401918" lon="121.0158435"/>
  <node id="244452511" lat="14.5424449" lon="121.0198144"/>
  <node id="246782846" lat="14.6371169" lon="121.0419839"/>
  <node id="246783235" lat="14.6179758" lon="121.0516027"/>
  <node id="248838703" lat="14.5356378" lon="120.9855259"/>
  <node id="249226767" lat="14.6372654" lon="121.0421727"/>
  <node id="250543335" lat="14.6577024" lon="121.0159895"/>
  <node id="250543852" lat="14.6577329" lon="121.0174683"/>
  <node id="250544419" lat="14.6576350" lon="121.0117081"/>
  <node id="250544755" lat="14.6574973" lon="121.0166013"/>
  <node id="250544983" lat="14.6576217" lon="121.0107948"/>
  <node id="250545550" lat="14.6499489" lon="121.0336164"/>
  <node id="252179221" lat="14.5893608" lon="121.0573950"/>
  <node id="258776816" lat="14.6112472" lon="121.0550775"/>
  <node id="258776872" lat="14.6111089" lon="121.0547637"/>
  <node id="258776877" lat="14.6105656" lon="121.0550212"/>
  <node id="258777067" lat="14.6106839" lon="121.0553437"/>
  <node id="258777207" lat="14.6457426" lon="121.0366521"/>
  <node id="259654650" lat="14.5407299" lon="121.0171655"/>
  <node id="259654651" lat="14.5397083" lon="121.0147572"/>
  <node id="259655618" lat="14.5454154" lon="121.0233650"/>
  <node id="259657388" lat="14.5394038" lon="121.0148765"/>
  <node id="259657389" lat="14.5396801" lon="121.0156421"/>
  <node id="259657390" lat="14.5398837" lon="121.0162024"/>
  <node id="259657391" lat="14.5398709" lon="121.0163241"/>
  <node id="259657393" lat="14.5397687" lon="121.0165571">
    <tag k="distance" v="9"/>
    <tag k="highway" v="milestone"/>
    <tag k="inscription" v="K9"/>
  </node>
  <node id="264479650" lat="14.6572505" lon="120.9987215"/>
  <node id="266740522" lat="14.5476394" lon="121.0259671">
    <tag k="countdown_timer:vehicles" v="yes"/>
    <tag k="highway" v="traffic_signals"/>
  </node>
  <node id="266741147" lat="14.5485197" lon="121.0270032"/>
  <node id="266809148" lat="14.5354048" lon="120.9855480"/>
  <node id="286082780" lat="14.6442044" lon="121.0377379">
    <tag k="highway" v="traffic_signals"/>
  </node>
  <node id="286082839" lat="14.6443940" lon="121.0376169">
    <tag k="highway" v="traffic_signals"/>
  </node>
  <node id="286083464" lat="14.6451904" lon="121.0366503"/>
  <node id="286083465" lat="14.6430490" lon="121.0380707"/>
  <node id="286083466" lat="14.6415857" lon="121.0390889"/>
  <node id="288458254" lat="14.6437225" lon="121.0376029"/>
  <node id="288463431" lat="14.6494834" lon="121.0342732"/>
  <node id="295525881" lat="14.6449157" lon="121.0372773"/>
  <node id="295525883" lat="14.6448874" lon="121.0368409"/>
  <node id="295660686" lat="14.5695146" lon="121.0461333"/>
  <node id="298098895" lat="14.6440036" lon="121.0374140">
    <tag k="highway" v="traffic_signals"/>
  </node>
  <node id="298959201" lat="14.6100161" lon="121.0556532"/>
  <node id="298963478" lat="14.6013154" lon="121.0594887"/>
  <node id="299385496" lat="14.5616037" lon="121.0429651"/>
  <node id="299385664" lat="14.5600081" lon="121.0411157"/>
  <node id="299385789" lat="14.5656381" lon="121.0450334"/>
  <node id="299385801" lat="14.5656900" lon="121.0453071"/>
  <node id="299929643" lat="14.5386762" lon="121.0108744"/>
  <node id="303814522" lat="14.5496115" lon="121.0288499"/>
  <node id="305099887" lat="14.6287848" lon="121.0466522"/>
  <node id="305111668" lat="14.5894350" lon="121.0570647"/>
  <node id="305576005" lat="14.5387235" lon="121.0111871"/>
  <node id="312264218" lat="14.6439100" lon="121.0379269"/>
  <node id="313099445" lat="14.5374628" lon="121.0015388"/>
  <node id="313099577" lat="14.5378047" lon="121.0042115"/>
  <node id="313099686" lat="14.5376878" lon="120.9996379"/>
  <node id="313463498" lat="14.5670978" lon="121.0454443"/>
  <node id="313469366" lat="14.5595670" lon="121.0405970"/>
  <node id="313469981" lat="14.5591921" lon="121.0401479"/>
  <node id="313470521" lat="14.5585179" lon="121.0393555"/>
  <node id="313470547" lat="14.5582028" lon="121.0389736"/>
  <node id="313474007" lat="14.5566338" lon="121.0371115"/>
  <node id="313474131" lat="14.5569601" lon="121.0374891"/>
  <node id="313474145" lat="14.5574972" lon="121.0380963">
    <tag k="highway" v="motorway_junction"/>
    <tag k="name" v="Kalayaan/Rockwell"/>
  </node>
  <node id="313484951" lat="14.5578499" lon="121.0385685"/>
  <node id="313493538" lat="14.5582301" lon="121.0386134">
    <tag k="highway" v="motorway_junction"/>
    <tag k="name" v="Buendia"/>
  </node>
  <node id="313708346" lat="14.5636599" lon="121.0442412"/>
  <node id="313708347" lat="14.5627558" lon="121.0436547"/>
  <node id="313870322" lat="14.5465325" lon="121.0251305"/>
  <node id="313870367" lat="14.5464199" lon="121.0250791"/>
  <node id="313870403" lat="14.5458584" lon="121.0244097"/>
  <node id="313870473" lat="14.5474865" lon="121.0263265">
    <tag k="countdown_timer:pedestrians" v="yes"/>
    <tag k="crossing" v="traffic_signals"/>
    <tag k="crossing:markings" v="ladder"/>
    <tag k="highway" v="crossing"/>
    <tag k="kerb" v="raised"/>
    <tag k="tactile_paving" v="no"/>
    <tag k="wheelchair" v="yes"/>
  </node>
  <node id="313870474" lat="14.5503675" lon="121.0296032"/>
  <node id="313870590" lat="14.5488303" lon="121.0279024"/>
  <node id="313870591" lat="14.5503274" lon="121.0297122"/>
  <node id="313872466" lat="14.5559527" lon="121.0360137"/>
  <node id="313872467" lat="14.5554892" lon="121.0354882"/>
  <node id="313872471" lat="14.5555591" lon="121.0358973"/>
  <node id="313872522" lat="14.5563673" lon="121.0367954"/>
  <node id="313873068" lat="14.5599663" lon="121.0406787"/>
  <node id="313873154" lat="14.5598228" lon="121.0405095"/>
  <node id="313925521" lat="14.5477351" lon="121.0266240"/>
  <node id="313926476" lat="14.5520027" lon="121.0312196">
    <tag k="highway" v="motorway_junction"/>
    <tag k="name" v="Ayala"/>
  </node>
  <node id="313926478" lat="14.5507440" lon="121.0297701"/>
  <node id="313926600" lat="14.5516147" lon="121.0306621"/>
  <node id="313926605" lat="14.5507632" lon="121.0296198"/>
  <node id="313927858" lat="14.5456190" lon="121.0235472"/>
  <node id="316156993" lat="14.6234581" lon="121.0490754"/>
  <node id="316955026" lat="14.5377436" lon="121.0014002"/>
  <node id="316955350" lat="14.5379757" lon="121.0031877"/>
  <node id="316969133" lat="14.5507791" lon="121.0302302"/>
  <node id="318834573" lat="14.5677897" lon="121.0459356"/>
  <node id="320134107" lat="14.5828839" lon="121.0549495"/>
  <node id="320506539" lat="14.6574335" lon="120.9985191"/>
  <node id="320507370" lat="14.6572023" lon="120.9961055"/>
  <node id="320507717" lat="14.6574726" lon="120.9982888"/>
  <node id="320507945" lat="14.6570478" lon="120.9854848"/>
  <node id="321326397" lat="14.5547006" lon="121.0348555"/>
  <node id="321326401" lat="14.5559814" lon="121.0363917"/>
  <node id="321551795" lat="14.5926507" lon="121.0584746"/>
  <node id="321552827" lat="14.5906286" lon="121.0577413"/>
  <node id="321552875" lat="14.5948456" lon="121.0592316"/>
  <node id="321553333" lat="14.5894149" lon="121.0571473"/>
  <node id="321553342" lat="14.5875485" lon="121.0564551"/>
  <node id="321554297" lat="14.5922766" lon="121.0583506"/>
  <node id="321554352" lat="14.5923927" lon="121.0579322"/>
  <node id="321554358" lat="14.5930547" lon="121.0581525"/>
  <node id="321744892" lat="14.5782699" lon="121.0514048"/>
  <node id="321744985" lat="14.5792384" lon="121.0520933"/>
  <node id="323115614" lat="14.6569756" lon="120.9843089"/>
  <node id="324228757" lat="14.6046439" lon="121.0580574"/>
  <node id="330378903" lat="14.6200122" lon="121.0507547"/>
  <node id="330379463" lat="14.6003775" lon="121.0597113"/>
  <node id="331134097" lat="14.5812946" lon="121.0534432">
    <tag k="highway" v="traffic_signals"/>
  </node>
  <node id="331672815" lat="14.5378026" lon="120.9982994"/>
  <node id="332517750" lat="14.5791755" lon="121.0561678"/>
  <node id="333469778" lat="14.5383488" lon="121.0063013"/>
  <node id="333524086" lat="14.6168792" lon="121.0522154"/>
  <node id="333524087" lat="14.6150965" lon="121.0530021"/>
  <node id="333524088" lat="14.6148910" lon="121.0530802"/>
  <node id="333524170" lat="14.6149876" lon="121.0532988">
    <tag k="highway" v="motorway_junction"/>
    <tag k="name" v="P. Tuazon"/>
  </node>
  <node id="333524277" lat="14.6167638" lon="121.0524044"/>
  <node id="333524278" lat="14.6151707" lon="121.0531566">
    <tag k="distance" v="19"/>
    <tag k="highway" v="milestone"/>
    <tag k="inscription" v="K|19"/>
  </node>
  <node id="333526141" lat="14.6241771" lon="121.0487909">
    <tag k="highway" v="motorway_junction"/>
    <tag k="name" v="Cubao"/>
  </node>
  <node id="333526143" lat="14.6218922" lon="121.0498691"/>
  <node id="334104112" lat="14.5794279" lon="121.0556981"/>
  <node id="334108271" lat="14.5794868" lon="121.0557477"/>
  <node id="334108288" lat="14.5788669" lon="121.0563319"/>
  <node id="334410588" lat="14.5785795" lon="121.0515365"/>
  <node id="334410607" lat="14.5781706" lon="121.0515251"/>
  <node id="334410876" lat="14.5691122" lon="121.0462728"/>
  <node id="338400276" lat="14.5411272" lon="121.0179077"/>
  <node id="339399837" lat="14.5357176" lon="120.9858907"/>
  <node id="340147715" lat="14.5618521" lon="121.0428825"/>
  <node id="340650955" lat="14.5724208" lon="121.0471444"/>
  <node id="340651757" lat="14.5725029" lon="121.0474625"/>
  <node id="344569372" lat="14.5627629" lon="121.0439486"/>
  <node id="345516348" lat="14.5392881" lon="121.0144863"/>
  <node id="345516354" lat="14.5394046" lon="121.0146245"/>
  <node id="345516355" lat="14.5394785" lon="121.0148508"/>
  <node id="345516356" lat="14.5401642" lon="121.0164975"/>
  <node id="345516366" lat="14.5404847" lon="121.0170056">
    <tag k="hazard" v="dangerous_road"/>
  </node>
  <node id="345573099" lat="14.6092429" lon="121.0556896"/>
  <node id="345573100" lat="14.6124577" lon="121.0542005"/>
  <node id="345573381" lat="14.6093271" lon="121.0558567"/>
  <node id="345573382" lat="14.6091604" lon="121.0559711">
    <tag k="highway" v="motorway_junction"/>
    <tag k="name" v="Santolan"/>
  </node>
  <node id="345573456" lat="14.6130533" lon="121.0541695"/>
  <node id="345573458" lat="14.6125204" lon="121.0543672"/>
  <node id="348029009" lat="14.5368737" lon="120.9909907"/>
  <node id="370308116" lat="14.5912362" lon="121.0576000"/>
  <node id="371129865" lat="14.5374586" lon="120.9935680"/>
  <node id="385993608" lat="14.6571577" lon="120.9926674"/>
  <node id="414556813" lat="14.5822903" lon="121.0544432"/>
  <node id="414556826" lat="14.5783308" lon="121.0516373"/>
  <node id="414557227" lat="14.5823577" lon="121.0543462"/>
  <node id="414584559" lat="14.5375696" lon="120.9983432"/>
  <node id="445412176" lat="14.5379266" lon="121.0051877"/>
  <node id="449755670" lat="14.5383684" lon="121.0085509"/>
  <node id="452811250" lat="14.6560816" lon="121.0273055"/>
  <node id="452870175" lat="14.5667817" lon="121.0453641"/>
  <node id="462068195" lat="14.6325327" lon="121.0448749"/>
  <node id="462069082" lat="14.6290005" lon="121.0465870"/>
  <node id="462069122" lat="14.6290217" lon="121.0468072"/>
  <node id="462069305" lat="14.6331257" lon="121.0448559"/>
  <node id="479738699" lat="14.6287324" lon="121.0470005"/>
  <node id="490819305" lat="14.6236472" lon="121.0493090">
    <tag k="distance" v="18"/>
    <tag k="highway" v="milestone"/>
    <tag k="source" v="survey"/>
  </node>
  <node id="496083457" lat="14.5696743" lon="121.0464227"/>
  <node id="496084634" lat="14.5699643" lon="121.0462363"/>
  <node id="496095907" lat="14.6108646" lon="121.0548742">
    <tag k="countdown_timer:vehicles" v="yes"/>
    <tag k="highway" v="traffic_signals"/>
  </node>
  <node id="496117367" lat="14.5922513" lon="121.0583428"/>
  <node id="504009072" lat="14.6136872" lon="121.0538758"/>
  <node id="504019415" lat="14.6476472" lon="121.0354070">
    <tag k="distance" v="15"/>
    <tag k="highway" v="milestone"/>
    <tag k="name" v="Kilometer 15"/>
  </node>
  <node id="504043456" lat="14.6575692" lon="121.0070393"/>
  <node id="512091457" lat="14.6274594" lon="121.0475399"/>
  <node id="523941898" lat="14.5741927" lon="121.0483054"/>
  <node id="523956057" lat="14.6189985" lon="121.0514626"/>
  <node id="523958867" lat="14.6196725" lon="121.0508287"/>
  <node id="523958868" lat="14.6214709" lon="121.0500025">
    <tag k="highway" v="traffic_signals"/>
  </node>
  <node id="523960191" lat="14.6212802" lon="121.0504233"/>
  <node id="523961397" lat="14.6218609" lon="121.0501576"/>
  <node id="523962960" lat="14.6216970" lon="121.0502334">
    <tag k="highway" v="traffic_signals"/>
  </node>
  <node id="523963095" lat="14.6217479" lon="121.0498655"/>
  <node id="527765724" lat="14.6573124" lon="121.0229128"/>
  <node id="556538494" lat="14.5734293" lon="121.0477509"/>
  <node id="566895348" lat="14.6577689" lon="121.0193829"/>
  <node id="566895353" lat="14.6577187" lon="121.0205998"/>
  <node id="566895359" lat="14.6571752" lon="121.0224764"/>
  <node id="567262411" lat="14.6540293" lon="121.0312454">
    <tag k="barrier" v="height_restrictor"/>
  </node>
  <node id="570699089" lat="14.5513816" lon="121.0308144"/>
  <node id="570700035" lat="14.5500713" lon="121.0294076">
    <tag k="highway" v="traffic_signals"/>
  </node>
  <node id="577406327" lat="14.6555859" lon="121.0295591"/>
  <node id="577406331" lat="14.6549334" lon="121.0303425"/>
  <node id="593999447" lat="14.6558972" lon="121.0293330"/>
  <node id="593999463" lat="14.6456305" lon="121.0364613">
    <tag k="distance" v="15"/>
    <tag k="highway" v="milestone"/>
    <tag k="name" v="Kilometer 15"/>
  </node>
  <node id="594000411" lat="14.6102682" lon="121.0551513"/>
  <node id="594000412" lat="14.6092162" lon="121.0556404"/>
  <node id="600218408" lat="14.6559474" lon="121.0291062"/>
  <node id="600218409" lat="14.6559730" lon="121.0289865"/>
  <node id="600218410" lat="14.6560007" lon="121.0288633"/>
  <node id="612236899" lat="14.6574478" lon="121.0019048"/>
  <node id="614005992" lat="14.6104069" lon="121.0554705"/>
  <node id="614127344" lat="14.5377481" lon="121.0014331"/>
  <node id="617556533" lat="14.6572914" lon="120.9999357"/>
  <node id="617556631" lat="14.6574269" lon="121.0003249"/>
  <node id="617556632" lat="14.6574247" lon="120.9999756"/>
  <node id="671874623" lat="14.6576737" lon="121.0143313"/>
  <node id="671874625" lat="14.6574700" lon="121.0143170"/>
  <node id="671874629" lat="14.6575269" lon="121.0193436"/>
  <node id="673239199" lat="14.5736125" lon="121.0478833"/>
  <node id="673260964" lat="14.6086352" lon="121.0562216"/>
  <node id="673308065" lat="14.6574640" lon="121.0139074"/>
  <node id="673315020" lat="14.6575726" lon="121.0072417"/>
  <node id="674492671" lat="14.6575223" lon="121.0198308"/>
  <node id="679547473" lat="14.6204454" lon="121.0508070"/>
  <node id="679547546" lat="14.6200615" lon="121.0508679"/>
  <node id="681130465" lat="14.6173189" lon="121.0522278"/>
  <node id="681145830" lat="14.6296916" lon="121.0461613"/>
  <node id="681146586" lat="14.6351585" lon="121.0435568"/>
  <node id="720696446" lat="14.6181767" lon="121.0518353"/>
  <node id="720702081" lat="14.6203563" lon="121.0508499"/>
  <node id="746066065" lat="14.5813803" lon="121.0538927">
    <tag k="crossing" v="traffic_signals"/>
    <tag k="highway" v="crossing"/>
  </node>
  <node id="746066074" lat="14.5815589" lon="121.0536253">
    <tag k="crossing" v="traffic_signals"/>
    <tag k="highway" v="crossing"/>
  </node>
  <node id="747628282" lat="14.5880739" lon="121.0566393"/>
  <node id="750630860" lat="14.5386960" lon="121.0094236"/>
  <node id="763949661" lat="14.6469967" lon="121.0355370"/>
  <node id="817088410" lat="14.6331285" lon="121.0445140">
    <tag k="highway" v="traffic_signals"/>
  </node>
  <node id="827406972" lat="14.5706800" lon="121.0466927"/>
  <node id="832623603" lat="14.6013567" lon="121.0592143"/>
  <node id="833184498" lat="14.5375978" lon="120.9955067"/>
  <node id="833184550" lat="14.5376124" lon="120.9942099"/>
  <node id="922440797" lat="14.5378835" lon="120.9971917"/>
  <node id="957845503" lat="14.6257257" lon="121.0483310"/>
  <node id="962951230" lat="14.6281562" lon="121.0469526"/>
  <node id="962951247" lat="14.6280030" lon="121.0470206"/>
  <node id="962951392" lat="14.6310273" lon="121.0455610">
    <tag k="distance" v="17"/>
    <tag k="highway" v="milestone"/>
  </node>
  <node id="962953430" lat="14.5780323" lon="121.0511640"/>
  <node id="962953432" lat="14.5779213" lon="121.0513853">
    <tag k="highway" v="motorway_junction"/>
    <tag k="name" v="Shaw Crossing"/>
  </node>
  <node id="962953453" lat="14.5781318" lon="121.0515796"/>
  <node id="962953481" lat="14.5783096" lon="121.0513378"/>
  <node id="962956570" lat="14.5777466" lon="121.0509374"/>
  <node id="962956576" lat="14.5776464" lon="121.0508618"/>
  <node id="962956582" lat="14.5773329" lon="121.0506256"/>
  <node id="962956590" lat="14.5771963" lon="121.0505234"/>
  <node id="963432226" lat="14.6209489" lon="121.0505704"/>
  <node id="964753379" lat="14.5613152" lon="121.0422861">
    <tag k="distance" v="26"/>
    <tag k="highway" v="milestone"/>
    <tag k="inscription" v="K26"/>
  </node>
  <node id="964753388" lat="14.5689390" lon="121.0460101">
    <tag k="distance" v="25"/>
    <tag k="highway" v="milestone"/>
  </node>
  <node id="964753417" lat="14.5553635" lon="121.0356499">
    <tag k="distance" v="27"/>
    <tag k="highway" v="milestone"/>
    <tag k="name" v="Kilometer 27"/>
    <tag k="ref" v="27"/>
  </node>
  <node id="964832042" lat="14.6152116" lon="121.0532422">
    <tag k="distance" v="19"/>
    <tag k="highway" v="milestone"/>
    <tag k="inscription" v="K|19"/>
  </node>
  <node id="964832237" lat="14.6150683" lon="121.0529473">
    <tag k="distance" v="19"/>
    <tag k="highway" v="milestone"/>
    <tag k="inscription" v="K|19"/>
  </node>
  <node id="964836253" lat="14.6054977" lon="121.0573958"/>
  <node id="964837196" lat="14.5786242" lon="121.0519276"/>
  <node id="973541486" lat="14.6239007" lon="121.0491807"/>
  <node id="973541489" lat="14.6240427" lon="121.0490754"/>
  <node id="973552605" lat="14.6161259" lon="121.0524538"/>
  <node id="973552665" lat="14.6164667" lon="121.0523000">
    <tag k="highway" v="traffic_signals"/>
    <tag k="mapillary" v="206416784652899"/>
  </node>
  <node id="973552682" lat="14.6164458" lon="121.0526466">
    <tag k="highway" v="traffic_signals"/>
  </node>
  <node id="973558871" lat="14.6188794" lon="121.0512784"/>
  <node id="983430262" lat="14.5376587" lon="121.0004884"/>
  <node id="994339253" lat="14.5793388" lon="121.0524505"/>
  <node id="1021545469" lat="14.5475849" lon="121.0264438"/>
  <node id="1074584514" lat="14.6576983" lon="121.0157507"/>
  <node id="1075204931" lat="14.5766310" lon="121.0501005">
    <tag k="distance" v="24"/>
    <tag k="highway" v="milestone"/>
    <tag k="inscription" v="K24"/>
  </node>
  <node id="1075205087" lat="14.6064516" lon="121.0572318">
    <tag k="distance" v="20"/>
    <tag k="highway" v="milestone"/>
  </node>
  <node id="1075205320" lat="14.6273697" lon="121.0473089"/>
  <node id="1107250611" lat="14.5370632" lon="120.9917781"/>
  <node id="1107250621" lat="14.5376119" lon="121.0026852"/>
  <node id="1135756371" lat="14.5380477" lon="121.0060994"/>
  <node id="1140292370" lat="14.6427083" lon="121.0387138"/>
  <node id="1141810405" lat="14.6551944" lon="121.0301624"/>
  <node id="1249662120" lat="14.5939703" lon="121.0589336"/>
  <node id="1263630907" lat="14.5380506" lon="121.0038204"/>
  <node id="1272285047" lat="14.5385718" lon="121.0080610"/>
  <node id="1272285049" lat="14.5383029" lon="121.0080915"/>
  <node id="1272285052" lat="14.5382763" lon="121.0078673"/>
  <node id="1272285053" lat="14.5385465" lon="121.0078143"/>
  <node id="1276924654" lat="14.5820579" lon="121.0540039"/>
  <node id="1281873039" lat="14.5767440" lon="121.0505199">
    <tag k="distance" v="24"/>
    <tag k="highway" v="milestone"/>
    <tag k="inscription" v="K24"/>
  </node>
  <node id="1293039826" lat="14.6575188" lon="121.0041230"/>
  <node id="1293071630" lat="14.6575295" lon="121.0190753"/>
  <node id="1293071637" lat="14.6577604" lon="121.0190729"/>
  <node id="1293071645" lat="14.6575262" lon="121.0187401"/>
  <node id="1293071689" lat="14.6577571" lon="121.0187377"/>
  <node id="1307423504" lat="14.6523923" lon="121.0323783"/>
  <node id="1316799535" lat="14.6567889" lon="121.0241626"/>
  <node id="1323803268" lat="14.5374610" lon="120.9996899"/>
  <node id="1327337466" lat="14.6575613" lon="121.0065799"/>
  <node id="1347624257" lat="14.5927293" lon="121.0580485"/>
  <node id="1362327008" lat="14.6574514" lon="121.0130482"/>
  <node id="1377334723" lat="14.6293184" lon="121.0463325"/>
  <node id="1381245402" lat="14.5398269" lon="121.0150867"/>
  <node id="1411126030" lat="14.6303880" lon="121.0462316"/>
  <node id="1412035727" lat="14.6574258" lon="120.9999357">
    <tag k="highway" v="motorway_junction"/>
    <tag k="name" v="Balintawak Cloverleaf"/>
    <tag k="noref" v="yes"/>
  </node>
  <node id="1416848130" lat="14.6565585" lon="121.0263648"/>
  <node id="1418830464" lat="14.6421328" lon="121.0386628"/>
  <node id="1423836315" lat="14.5377936" lon="121.0041219">
    <tag k="distance" v="31"/>
    <tag k="highway" v="milestone"/>
  </node>
  <node id="1423836325" lat="14.5380807" lon="121.0040708">
    <tag k="distance" v="31"/>
    <tag k="highway" v="milestone"/>
  </node>
  <node id="1440033327" lat="14.6575020" lon="121.0031564"/>
  <node id="1440033367" lat="14.6575086" lon="121.0035339"/>
  <node id="1440033389" lat="14.6574830" lon="121.0020589"/>
  <node id="1446031115" lat="14.6460914" lon="121.0360843"/>
  <node id="1497962778" lat="14.6317961" lon="121.0455772"/>
  <node id="1501006041" lat="14.6099545" lon="121.0556825"/>
  <node id="1532341812" lat="14.5633296" lon="121.0440524"/>
  <node id="1595681066" lat="14.5551193" lon="121.0348627"/>
  <node id="1615251652" lat="14.6116238" lon="121.0549016"/>
  <node id="1615251678" lat="14.6115032" lon="121.0545807"/>
  <node id="1627742469" lat="14.5363644" lon="120.9888480">
    <tag k="highway" v="traffic_signals"/>
  </node>
  <node id="1627742471" lat="14.5364056" lon="120.9890261">
    <tag k="highway" v="traffic_signals"/>
  </node>
  <node id="1648499023" lat="14.6575111" lon="121.0220058"/>
  <node id="1663866326" lat="14.5719283" lon="121.0471667"/>
  <node id="1690194022" lat="14.5366449" lon="120.9900403"/>
  <node id="1705520753" lat="14.5360373" lon="120.9883532"/>
  <node id="1723298719" lat="14.5375262" lon="120.9949917"/>
  <node id="1723298722" lat="14.5375918" lon="120.9941267"/>
  <node id="1735964860" lat="14.5911045" lon="121.0579747">
    <tag k="distance" v="22"/>
    <tag k="highway" v="milestone"/>
  </node>
  <node id="1740120869" lat="14.5849413" lon="121.0558383"/>
  <node id="1740120873" lat="14.5866541" lon="121.0564351"/>
  <node id="1909553429" lat="14.5825900" lon="121.0547589"/>
  <node id="1909558882" lat="14.5842441" lon="121.0556355"/>
  <node id="1909558883" lat="14.5835513" lon="121.0552935"/>
  <node id="1966222183" lat="14.5374193" lon="121.0011214"/>
  <node id="1966222184" lat="14.5374094" lon="121.0009522"/>
  <node id="1981388318" lat="14.5844215" lon="121.0553665"/>
  <node id="1987893049" lat="14.5470424" lon="121.0253227"/>
  <node id="1987893050" lat="14.5472044" lon="121.0255073"/>
  <node id="1987893051" lat="14.5477810" lon="121.0261727"/>
  <node id="1993301997" lat="14.5382537" lon="121.0076750"/>
  <node id="2013381877" lat="14.5870291" lon="121.0565643"/>
  <node id="2138782155" lat="14.5556514" lon="121.0354563"/>
  <node id="2242494551" lat="14.5472501" lon="121.0260332">
    <tag k="countdown_timer:pedestrians" v="yes"/>
    <tag k="crossing" v="traffic_signals"/>
    <tag k="highway" v="crossing"/>
    <tag k="tactile_paving" v="no"/>
    <tag k="wheelchair" v="yes"/>
  </node>
  <node id="2331992409" lat="14.5827412" lon="121.0545797"/>
  <node id="2331992410" lat="14.5832159" lon="121.0550299"/>
  <node id="2331992411" lat="14.5835833" lon="121.0550577"/>
  <node id="2331992413" lat="14.5835947" lon="121.0552354"/>
  <node id="2331992414" lat="14.5843919" lon="121.0554349"/>
  <node id="2331992415" lat="14.5839611" lon="121.0554314"/>
  <node id="2370264844" lat="14.6214184" lon="121.0503604"/>
  <node id="2370264845" lat="14.6213336" lon="121.0500658"/>
  <node id="2389108049" lat="14.5393548" lon="121.0141924"/>
  <node id="2389108051" lat="14.5391953" lon="121.0136137"/>
  <node id="2397945844" lat="14.6167773" lon="121.0524884"/>
  <node id="2460488426" lat="14.5398280" lon="121.0164603">
    <tag k="button_operated" v="no"/>
    <tag k="crossing" v="uncontrolled"/>
    <tag k="crossing:markings" v="zebra"/>
    <tag k="highway" v="crossing"/>
    <tag k="kerb" v="raised"/>
    <tag k="tactile_paving" v="no"/>
    <tag k="wheelchair" v="no"/>
  </node>
  <node id="2467398191" lat="14.6441934" lon="121.0372887">
    <tag k="highway" v="traffic_signals"/>
  </node>
  <node id="2467577355" lat="14.6573621" lon="121.0214500"/>
  <node id="2467577359" lat="14.6575427" lon="121.0218505">
    <tag k="distance" v="13"/>
    <tag k="highway" v="milestone"/>
    <tag k="inscription" v="K|0013||QC"/>
    <tag k="mapillary" v="1194686704403115"/>
  </node>
  <node id="2467577360" lat="14.6239239" lon="121.0488523">
    <tag k="distance" v="18"/>
    <tag k="highway" v="milestone"/>
    <tag k="source" v="survey"/>
  </node>
  <node id="2467577361" lat="14.6577779" lon="121.0199523"/>
  <node id="2467729092" lat="14.5820609" lon="121.0543822"/>
  <node id="2467729098" lat="14.6140476" lon="121.0534680">
    <tag k="highway" v="motorway_junction"/>
    <tag k="name" v="Santolan"/>
  </node>
  <node id="2554268006" lat="14.5836248" lon="121.0549969"/>
  <node id="2596356488" lat="14.5386288" lon="121.0086157"/>
  <node id="2697093716" lat="14.5501894" lon="121.0295343">
    <tag k="highway" v="traffic_signals"/>
  </node>
  <node id="2886434136" lat="14.6160698" lon="121.0528257"/>
  <node id="3262823888" lat="14.5577005" lon="121.0381166"/>
  <node id="3262824161" lat="14.5579774" lon="121.0383483"/>
  <node id="3308928592" lat="14.5396794" lon="121.0153779"/>
  <node id="3308928594" lat="14.5398674" lon="121.0161066"/>
  <node id="3308928595" lat="14.5398940" lon="121.0156561"/>
  <node id="3308928598" lat="14.5410025" lon="121.0176830"/>
  <node id="3309043461" lat="14.6559197" lon="121.0292288"/>
  <node id="3309043462" lat="14.6559347" lon="121.0291654"/>
  <node id="3309043464" lat="14.6559609" lon="121.0290445"/>
  <node id="3309043465" lat="14.6559863" lon="121.0289250"/>
  <node id="3309043466" lat="14.6560143" lon="121.0287980"/>
  <node id="3309552985" lat="14.5402818" lon="121.0167467"/>
  <node id="3666796561" lat="14.6335693" lon="121.0446183"/>
  <node id="3668802714" lat="14.6311757" lon="121.0458707">
    <tag k="distance" v="17"/>
    <tag k="highway" v="milestone"/>
    <tag k="name" v="Kilometer 17"/>
  </node>
  <node id="3675773151" lat="14.5400534" lon="121.0154811"/>
  <node id="3775184561" lat="14.5500470" lon="121.0288445"/>
  <node id="3775184564" lat="14.5503159" lon="121.0291888">
    <tag k="highway" v="traffic_signals"/>
  </node>
  <node id="3775184569" lat="14.5504490" lon="121.0293205">
    <tag k="highway" v="traffic_signals"/>
  </node>
  <node id="3775184570" lat="14.5505637" lon="121.0294340"/>
  <node id="3775184578" lat="14.5512144" lon="121.0301484"/>
  <node id="3775223370" lat="14.5453468" lon="121.0238039"/>
  <node id="3775223371" lat="14.5450425" lon="121.0233642">
    <tag k="highway" v="motorway_junction"/>
    <tag k="name" v="Ayala"/>
  </node>
  <node id="3775223373" lat="14.5463362" lon="121.0245200"/>
  <node id="3775223375" lat="14.5467545" lon="121.0249869"/>
  <node id="3775223376" lat="14.5471206" lon="121.0253580"/>
  <node id="3775223383" lat="14.5474973" lon="121.0258133">
    <tag k="countdown_timer:pedestrians" v="yes"/>
    <tag k="crossing" v="traffic_signals"/>
    <tag k="crossing:markings" v="ladder"/>
    <tag k="highway" v="crossing"/>
    <tag k="kerb" v="raised"/>
    <tag k="tactile_paving" v="no"/>
    <tag k="wheelchair" v="yes"/>
  </node>
  <node id="3775223385" lat="14.5487815" lon="121.0273547"/>
  <node id="3775223388" lat="14.5488270" lon="121.0273605"/>
  <node id="3775223391" lat="14.5496026" lon="121.0282819">
    <tag k="barrier" v="height_restrictor"/>
    <tag k="maxheight" v="5"/>
  </node>
  <node id="4079991541" lat="14.5402948" lon="121.0160973"/>
  <node id="4109461104" lat="14.6550409" lon="121.0305762">
    <tag k="distance" v="14"/>
    <tag k="highway" v="milestone"/>
    <tag k="name" v="Kilometer 14"/>
  </node>
  <node id="4109461105" lat="14.6549038" lon="121.0303634">
    <tag k="distance" v="14"/>
    <tag k="highway" v="milestone"/>
    <tag k="name" v="Kilometer 14"/>
  </node>
  <node id="4242563000" lat="14.5887796" lon="121.0571280">
    <tag k="highway" v="motorway_junction"/>
    <tag k="name" v="Ortigas Interchange"/>
  </node>
  <node id="4242563029" lat="14.5920075" lon="121.0578115"/>
  <node id="4242563043" lat="14.5957489" lon="121.0591159"/>
  <node id="4247071073" lat="14.5513213" lon="121.0308599"/>
  <node id="4247071075" lat="14.5567773" lon="121.0370750"/>
  <node id="4247071077" lat="14.5578658" lon="121.0381119"/>
  <node id="4433895789" lat="14.5375023" lon="120.9991988">
    <tag k="barrier" v="height_restrictor"/>
    <tag k="maxheight" v="4.27"/>
    <tag k="operator" v="Light Rail Transit Authority"/>
  </node>
  <node id="4535240894" lat="14.5783880" lon="121.0517634"/>
  <node id="4639719628" lat="14.6573144" lon="120.9865429"/>
  <node id="4641892817" lat="14.6573140" lon="120.9868833"/>
  <node id="4742976724" lat="14.6573109" lon="121.0034674">
    <tag k="distance" v="11"/>
    <tag k="highway" v="milestone"/>
  </node>
  <node id="4844541596" lat="14.6076188" lon="121.0567064"/>
  <node id="4844541597" lat="14.6073948" lon="121.0568110"/>
  <node id="4844600668" lat="14.5374232" lon="121.0012139"/>
  <node id="4879643689" lat="14.6575077" lon="121.0034855">
    <tag k="distance" v="11"/>
    <tag k="highway" v="milestone"/>
  </node>
  <node id="4879643690" lat="14.6574653" lon="121.0139961">
    <tag k="distance" v="12"/>
    <tag k="highway" v="milestone"/>
    <tag k="inscription" v="K|0012||QC"/>
  </node>
  <node id="4879643691" lat="14.6576481" lon="121.0126110">
    <tag k="distance" v="12"/>
    <tag k="highway" v="milestone"/>
    <tag k="inscription" v="K|0012||QC"/>
    <tag k="mapillary" v="1668512930165552"/>
  </node>
  <node id="4879643695" lat="14.6573043" lon="121.0218318"/>
  <node id="4879643696" lat="14.6396144" lon="121.0403642"/>
  <node id="4879643711" lat="14.6383998" lon="121.0414337"/>
  <node id="5150002138" lat="14.6553661" lon="121.0300232"/>
  <node id="5150002139" lat="14.6555420" lon="121.0297282"/>
  <node id="5282138764" lat="14.6431020" lon="121.0380343"/>
  <node id="5282138772" lat="14.6567245" lon="121.0244371"/>
  <node id="5282305957" lat="14.6557596" lon="121.0298561"/>
  <node id="5284066448" lat="14.6566335" lon="121.0260239"/>
  <node id="5284066454" lat="14.6570519" lon="121.0240904"/>
  <node id="5284226033" lat="14.6324748" lon="121.0449874"/>
  <node id="5284226034" lat="14.6329570" lon="121.0449555"/>
  <node id="5284251078" lat="14.6452067" lon="121.0370846"/>
  <node id="5284251079" lat="14.6450153" lon="121.0367585"/>
  <node id="5284282521" lat="14.6577693" lon="121.0201526"/>
  <node id="5285153781" lat="14.6178535" lon="121.0519818"/>
  <node id="5285153788" lat="14.6161478" lon="121.0527865"/>
  <node id="5285161656" lat="14.5965410" lon="121.0594422"/>
  <node id="5285161657" lat="14.5971113" lon="121.0595151">
    <tag k="highway" v="motorway_junction"/>
    <tag k="name" v="Ortigas Interchange"/>
  </node>
  <node id="5285949885" lat="14.6348157" lon="121.0434035"/>
  <node id="5285949886" lat="14.6350500" lon="121.0436838"/>
  <node id="5285949906" lat="14.6289639" lon="121.0464911"/>
  <node id="5286055351" lat="14.6417678" lon="121.0388907"/>
  <node id="5286055353" lat="14.6417631" lon="121.0392340"/>
  <node id="5286055354" lat="14.6417991" lon="121.0392973"/>
  <node id="5286078046" lat="14.6467876" lon="121.0356769">
    <tag k="highway" v="motorway_junction"/>
    <tag k="name" v="Quezon Avenue"/>
    <tag k="name:es" v="Avenida Quezon"/>
    <tag k="name:etymology" v="Manuel Luis Quezon"/>
    <tag k="name:etymology:wikidata" v="Q1503"/>
    <tag k="name:etymology:wikipedia" v="es:Manuel L. Quezon"/>
  </node>
  <node id="5286078047" lat="14.6466818" lon="121.0357194"/>
  <node id="5286171962" lat="14.6090813" lon="121.0557440"/>
  <node id="5286171964" lat="14.6093543" lon="121.0559474"/>
  <node id="5286171972" lat="14.6127835" lon="121.0542620"/>
  <node id="5286171973" lat="14.6072962" lon="121.0565846"/>
  <node id="5286201221" lat="14.5968732" lon="121.0595111"/>
  <node id="5286201222" lat="14.5968876" lon="121.0594424"/>
  <node id="5286201224" lat="14.5967345" lon="121.0594855"/>
  <node id="5286225341" lat="14.5941225" lon="121.0585400"/>
  <node id="5286256977" lat="14.5971131" lon="121.0597722"/>
  <node id="5286256978" lat="14.5974267" lon="121.0598161"/>
  <node id="5286256979" lat="14.5983735" lon="121.0598828"/>
  <node id="5286256980" lat="14.5980572" lon="121.0598715"/>
  <node id="5286256981" lat="14.5986899" lon="121.0598832"/>
  <node id="5286256982" lat="14.5990062" lon="121.0598727"/>
  <node id="5286256983" lat="14.5993220" lon="121.0598513"/>
  <node id="5286256988" lat="14.5981986" lon="121.0596248"/>
  <node id="5286256991" lat="14.5995027" lon="121.0595928"/>
  <node id="5286256993" lat="14.6003259" lon="121.0594745"/>
  <node id="5286256994" lat="14.6005835" lon="121.0594214"/>
  <node id="5286256997" lat="14.6019731" lon="121.0592614"/>
  <node id="5286256998" lat="14.6016661" lon="121.0593813"/>
  <node id="5286256999" lat="14.6007389" lon="121.0596376"/>
  <node id="5286257621" lat="14.5890820" lon="121.0569971"/>
  <node id="5286257642" lat="14.5924632" lon="121.0580151"/>
  <node id="5286257643" lat="14.5924830" lon="121.0580389"/>
  <node id="5286755063" lat="14.5832452" lon="121.0548772"/>
  <node id="5286755064" lat="14.5841761" lon="121.0553527"/>
  <node id="5286755065" lat="14.5840195" lon="121.0552819"/>
  <node id="5286755066" lat="14.5837909" lon="121.0551695"/>
  <node id="5286755068" lat="14.5840526" lon="121.0552050"/>
  <node id="5286755070" lat="14.5838276" lon="121.0550912"/>
  <node id="5286755074" lat="14.5827283" lon="121.0547441"/>
  <node id="5286755082" lat="14.5809312" lon="121.0535698"/>
  <node id="5286836718" lat="14.5420943" lon="121.0193223">
    <tag k="highway" v="motorway_junction"/>
    <tag k="name" v="Magallanes Interchange"/>
    <tag k="noref" v="yes"/>
  </node>
  <node id="5286867449" lat="14.5553170" lon="121.0350724"/>
  <node id="5286867452" lat="14.5548091" lon="121.0345613"/>
  <node id="5286867493" lat="14.5555441" lon="121.0353309"/>
  <node id="5286867518" lat="14.5577281" lon="121.0384100"/>
  <node id="5288982109" lat="14.5963048" lon="121.0593769"/>
  <node id="5288983033" lat="14.5731603" lon="121.0478756"/>
  <node id="5289002838" lat="14.5709414" lon="121.0467631"/>
  <node id="5289002840" lat="14.5710128" lon="121.0465294"/>
  <node id="5289002933" lat="14.5691110" lon="121.0459873"/>
  <node id="5289002934" lat="14.5678736" lon="121.0456187">
    <tag k="highway" v="motorway_junction"/>
    <tag k="name" v="Guadalupe"/>
  </node>
  <node id="5289002935" lat="14.5678560" lon="121.0456853"/>
  <node id="5289002939" lat="14.5693854" lon="121.0460987"/>
  <node id="5289006002" lat="14.5667259" lon="121.0455974"/>
  <node id="5289006003" lat="14.5678070" lon="121.0458702"/>
  <node id="5289006009" lat="14.5690488" lon="121.0462223"/>
  <node id="5289014602" lat="14.5646912" lon="121.0449902"/>
  <node id="5289014612" lat="14.5651115" lon="121.0448889"/>
  <node id="5289014616" lat="14.5630956" lon="121.0441762"/>
  <node id="5289014619" lat="14.5621147" lon="121.0434343"/>
  <node id="5289211744" lat="14.5842021" lon="121.0552742"/>
  <node id="5289211745" lat="14.5727996" lon="121.0476336"/>
  <node id="5289211746" lat="14.5734439" lon="121.0480814"/>
  <node id="5289211747" lat="14.5718497" lon="121.0468485"/>
  <node id="5289211749" lat="14.5713492" lon="121.0466496"/>
  <node id="5290876955" lat="14.6010100" lon="121.0593162"/>
  <node id="5290876959" lat="14.5999308" lon="121.0595409"/>
  <node id="5290876967" lat="14.5964719" lon="121.0594269"/>
  <node id="5290876970" lat="14.5961834" lon="121.0595758"/>
  <node id="5290876971" lat="14.5964911" lon="121.0596519"/>
  <node id="5290876972" lat="14.5968012" lon="121.0597174"/>
  <node id="5290898287" lat="14.5517674" lon="121.0309511"/>
  <node id="5290997902" lat="14.5487426" lon="121.0272576"/>
  <node id="5291010328" lat="14.5486319" lon="121.0276673"/>
  <node id="5291010334" lat="14.5471862" lon="121.0258890"/>
  <node id="5291014587" lat="14.5398543" lon="121.0163952"/>
  <node id="5291036074" lat="14.5398375" lon="121.0157578"/>
  <node id="5291036075" lat="14.5397409" lon="121.0152825"/>
  <node id="5291036076" lat="14.5394138" lon="121.0143819"/>
  <node id="5291036077" lat="14.5390911" lon="121.0136730"/>
  <node id="5291036079" lat="14.5391882" lon="121.0140263"/>
  <node id="5291036080" lat="14.5394958" lon="121.0146058"/>
  <node id="5291036081" lat="14.5392734" lon="121.0139104"/>
  <node id="5291036084" lat="14.5394316" lon="121.0135770"/>
  <node id="5291036085" lat="14.5394336" lon="121.0139604"/>
  <node id="5291036086" lat="14.5400201" lon="121.0155884"/>
  <node id="5291036087" lat="14.5406018" lon="121.0169048"/>
  <node id="5291036088" lat="14.5404718" lon="121.0166207"/>
  <node id="5291036089" lat="14.5408626" lon="121.0174230"/>
  <node id="5291043852" lat="14.5408097" lon="121.0173222"/>
  <node id="5291043854" lat="14.5398186" lon="121.0154665"/>
  <node id="5291573138" lat="14.6075068" lon="121.0564852"/>
  <node id="5291581832" lat="14.6002626" lon="121.0597350"/>
  <node id="5291581833" lat="14.6005075" lon="121.0596870"/>
  <node id="5291609741" lat="14.5459116" lon="121.0239884"/>
  <node id="5291609742" lat="14.5455720" lon="121.0235817"/>
  <node id="5291609744" lat="14.5430454" lon="121.0205863"/>
  <node id="5291735348" lat="14.5389565" lon="121.0126892"/>
  <node id="5291735349" lat="14.5391829" lon="121.0127403"/>
  <node id="5291735350" lat="14.5392229" lon="121.0129570"/>
  <node id="5291735353" lat="14.5381066" lon="121.0065661"/>
  <node id="5291822143" lat="14.6478414" lon="121.0353655"/>
  <node id="5291822149" lat="14.6466676" lon="121.0361436"/>
  <node id="5292825899" lat="14.6312282" lon="121.0454692"/>
  <node id="5292825910" lat="14.6348663" lon="121.0434369"/>
  <node id="5292825911" lat="14.6346274" lon="121.0435149"/>
  <node id="5292825912" lat="14.6349984" lon="121.0436051"/>
  <node id="5292826857" lat="14.6550262" lon="121.0305862">
    <tag k="highway" v="motorway_junction"/>
    <tag k="name" v="North EDSA"/>
  </node>
  <node id="5307612282" lat="14.5649416" lon="121.0450851"/>
  <node id="5313614842" lat="14.6555125" lon="121.0298084"/>
  <node id="5313614843" lat="14.6554413" lon="121.0299364"/>
  <node id="5313629849" lat="14.5776415" lon="121.0511802"/>
  <node id="5313631328" lat="14.5644186" lon="121.0448744"/>
  <node id="5313631909" lat="14.5376927" lon="121.0033138"/>
  <node id="5351745824" lat="14.6305496" lon="121.0457794">
    <tag k="crossing" v="traffic_signals"/>
    <tag k="crossing:markings" v="zebra:staggered"/>
    <tag k="highway" v="crossing"/>
    <tag k="tactile_paving" v="no"/>
    <tag k="wheelchair" v="limited"/>
  </node>
  <node id="5351755326" lat="14.6308261" lon="121.0456522">
    <tag k="crossing" v="traffic_signals"/>
    <tag k="crossing:markings" v="zebra:staggered"/>
    <tag k="highway" v="crossing"/>
    <tag k="tactile_paving" v="no"/>
    <tag k="wheelchair" v="limited"/>
  </node>
  <node id="5351755327" lat="14.6309621" lon="121.0459726">
    <tag k="crossing" v="traffic_signals"/>
    <tag k="crossing:markings" v="zebra:staggered"/>
    <tag k="highway" v="crossing"/>
    <tag k="tactile_paving" v="no"/>
    <tag k="wheelchair" v="limited"/>
  </node>
  <node id="5351760937" lat="14.6306804" lon="121.0460980">
    <tag k="crossing" v="traffic_signals"/>
    <tag k="crossing:markings" v="zebra:staggered"/>
    <tag k="highway" v="crossing"/>
    <tag k="tactile_paving" v="no"/>
    <tag k="wheelchair" v="limited"/>
  </node>
  <node id="5358242502" lat="14.6418151" lon="121.0389464"/>
  <node id="5362391625" lat="14.5367376" lon="120.9914680"/>
  <node id="5371381746" lat="14.5360466" lon="120.9873951"/>
  <node id="5374518340" lat="14.6574888" lon="121.0160229"/>
  <node id="5377999585" lat="14.6555145" lon="121.0302389"/>
  <node id="5377999586" lat="14.6556287" lon="121.0301086"/>
  <node id="5377999587" lat="14.6554660" lon="121.0302802"/>
  <node id="5378010142" lat="14.6325480" lon="121.0451781"/>
  <node id="5383119711" lat="14.6441288" lon="121.0377878">
    <tag k="highway" v="traffic_signals"/>
    <tag k="traffic_signals" v="signal"/>
  </node>
  <node id="5383119712" lat="14.6439342" lon="121.0374609">
    <tag k="highway" v="traffic_signals"/>
    <tag k="traffic_signals" v="signal"/>
  </node>
  <node id="5389608020" lat="14.6392282" lon="121.0408988"/>
  <node id="5389609766" lat="14.6360340" lon="121.0429965"/>
  <node id="5396037028" lat="14.6576686" lon="121.0140146"/>
  <node id="5396058468" lat="14.6576386" lon="121.0119582"/>
  <node id="5396058470" lat="14.6576376" lon="121.0118217"/>
  <node id="5396058474" lat="14.6576674" lon="121.0139339"/>
  <node id="5396058478" lat="14.6576500" lon="121.0127640"/>
  <node id="5401204870" lat="14.6574892" lon="121.0024181"/>
  <node id="5401245261" lat="14.6573172" lon="120.9842952"/>
  <node id="5412399404" lat="14.6092634" lon="121.0556092"/>
  <node id="5412399406" lat="14.6092032" lon="121.0556486"/>
  <node id="5414109107" lat="14.5374438" lon="121.0014123"/>
  <node id="5414139152" lat="14.5879758" lon="121.0568830"/>
  <node id="5414144583" lat="14.5666357" lon="121.0453185"/>
  <node id="5414144584" lat="14.5665735" lon="121.0455547">
    <tag k="highway" v="motorway_junction"/>
    <tag k="name" v="Guadalupe"/>
  </node>
  <node id="5414159589" lat="14.6520237" lon="121.0322710"/>
  <node id="5414188072" lat="14.5546085" lon="121.0347411"/>
  <node id="5427113964" lat="14.6156129" lon="121.0526924"/>
  <node id="5427170390" lat="14.6334086" lon="121.0443175"/>
  <node id="5432533972" lat="14.6557061" lon="121.0299846"/>
  <node id="5432533973" lat="14.6557826" lon="121.0297967"/>
  <node id="5434506448" lat="14.6563456" lon="121.0272979"/>
  <node id="5443284313" lat="14.5598047" lon="121.0408751"/>
  <node id="5443284320" lat="14.5593836" lon="121.0400121"/>
  <node id="5443296004" lat="14.5641219" lon="121.0447414"/>
  <node id="5443296005" lat="14.5623463" lon="121.0436317"/>
  <node id="5443319223" lat="14.5551909" lon="121.0354428"/>
  <node id="5464392356" lat="14.6554157" lon="121.0303229"/>
  <node id="5464392357" lat="14.6556711" lon="121.0300487"/>
  <node id="5464392358" lat="14.6555821" lon="121.0301703"/>
  <node id="5464392359" lat="14.6557359" lon="121.0299158"/>
  <node id="5464394005" lat="14.6554893" lon="121.0298609"/>
  <node id="5464394006" lat="14.6554011" lon="121.0299881"/>
  <node id="5464394007" lat="14.6552941" lon="121.0300881"/>
  <node id="5472104745" lat="14.6308091" lon="121.0460406">
    <tag k="highway" v="traffic_signals"/>
  </node>
  <node id="5472105348" lat="14.6339032" lon="121.0443959"/>
  <node id="5472105349" lat="14.6337320" lon="121.0441065"/>
  <node id="5474624522" lat="14.5929216" lon="121.0582747"/>
  <node id="5475044862" lat="14.6558087" lon="121.0297067"/>
  <node id="5477311628" lat="14.5688347" lon="121.0462391">
    <tag k="distance" v="25"/>
    <tag k="highway" v="milestone"/>
    <tag k="inscription" v="K25"/>
  </node>
  <node id="5477311629" lat="14.5690294" lon="121.0462954"/>
  <node id="5522408185" lat="14.5648963" lon="121.0450690"/>
  <node id="5522408186" lat="14.5646052" lon="121.0449535"/>
  <node id="5527137091" lat="14.5403472" lon="121.0167055"/>
  <node id="5527137097" lat="14.5381280" lon="121.0067370"/>
  <node id="5527137111" lat="14.5377200" lon="121.0011816"/>
  <node id="5544304508" lat="14.6176852" lon="121.0520609"/>
  <node id="5556186529" lat="14.6521746" lon="121.0325152"/>
  <node id="5556565511" lat="14.5493440" lon="121.0285127"/>
  <node id="5602529031" lat="14.5618133" lon="121.0431715"/>
  <node id="5638516623" lat="14.6061754" lon="121.0570890">
    <tag k="distance" v="20"/>
    <tag k="highway" v="milestone"/>
    <tag k="inscription" v="K 20 || QC"/>
    <tag k="mapillary" v="4949766825143300"/>
  </node>
  <node id="5639304792" lat="14.6573905" lon="121.0088934"/>
  <node id="5729568362" lat="14.5954985" lon="121.0594219"/>
  <node id="5731638965" lat="14.6166870" lon="121.0521946"/>
  <node id="5731638971" lat="14.6167180" lon="121.0525169"/>
  <node id="5731645274" lat="14.6165558" lon="121.0522583">
    <tag k="crossing" v="traffic_signals"/>
    <tag k="highway" v="crossing"/>
  </node>
  <node id="5816996603" lat="14.5900139" lon="121.0576121"/>
  <node id="5821774513" lat="14.5852566" lon="121.0557246"/>
  <node id="5821774515" lat="14.5855744" lon="121.0560778"/>
  <node id="5880294770" lat="14.5587620" lon="121.0396424"/>
  <node id="5880294780" lat="14.5589431" lon="121.0398552"/>
  <node id="5886034954" lat="14.5504050" lon="121.0298071"/>
  <node id="5973882897" lat="14.5386287" lon="121.0088532">
    <tag k="highway" v="motorway_junction"/>
    <tag k="name" v="Tramo"/>
    <tag k="noref" v="yes"/>
  </node>
  <node id="6004089883" lat="14.5355248" lon="120.9849532">
    <tag k="highway" v="give_way"/>
  </node>
  <node id="6054242042" lat="14.6444628" lon="121.0375731">
    <tag k="highway" v="traffic_signals"/>
    <tag k="traffic_signals" v="signal"/>
  </node>
  <node id="6054242043" lat="14.6442638" lon="121.0372426">
    <tag k="highway" v="traffic_signals"/>
    <tag k="traffic_signals" v="signal"/>
  </node>
  <node id="6060794828" lat="14.6433528" lon="121.0378707"/>
  <node id="6225038889" lat="14.5374122" lon="121.0001793"/>
  <node id="6264891389" lat="14.6505825" lon="121.0335653"/>
  <node id="6264891400" lat="14.6332419" lon="121.0444322">
    <tag k="highway" v="traffic_signals"/>
  </node>
  <node id="6264891405" lat="14.6328732" lon="121.0446709"/>
  <node id="6264891407" lat="14.6329733" lon="121.0450011">
    <tag k="highway" v="traffic_signals"/>
  </node>
  <node id="6264891416" lat="14.6306267" lon="121.0461204">
    <tag k="highway" v="traffic_signals"/>
  </node>
  <node id="6264891419" lat="14.6308875" lon="121.0456230">
    <tag k="highway" v="traffic_signals"/>
  </node>
  <node id="6264891460" lat="14.6165535" lon="121.0525966">
    <tag k="button_operated" v="no"/>
    <tag k="crossing" v="traffic_signals"/>
    <tag k="highway" v="crossing"/>
    <tag k="traffic_signals:vibration" v="no"/>
  </node>
  <node id="6292546983" lat="14.5545669" lon="121.0346913"/>
  <node id="6292546984" lat="14.5547674" lon="121.0345085"/>
  <node id="6340875589" lat="14.5390517" lon="121.0131552">
    <tag k="distance" v="30"/>
    <tag k="highway" v="milestone"/>
    <tag k="ref" v="30"/>
  </node>
  <node id="6340875590" lat="14.5392739" lon="121.0131868">
    <tag k="distance" v="30"/>
    <tag k="highway" v="milestone"/>
    <tag k="ref" v="30"/>
  </node>
  <node id="6353472856" lat="14.5884250" lon="121.0567608"/>
  <node id="6393959925" lat="14.5360821" lon="120.9875574"/>
  <node id="6418671631" lat="14.5617520" lon="121.0427823"/>
  <node id="6503105518" lat="14.5417274" lon="121.0188799"/>
  <node id="6505207180" lat="14.6576133" lon="121.0100887"/>
  <node id="6505207182" lat="14.6575956" lon="121.0085397"/>
  <node id="6507599716" lat="14.6404788" lon="121.0398037"/>
  <node id="6507599719" lat="14.6406155" lon="121.0397151"/>
  <node id="6507637754" lat="14.6477470" lon="121.0350426"/>
  <node id="6507708993" lat="14.6565164" lon="121.0253173"/>
  <node id="6507708996" lat="14.6565593" lon="121.0251291"/>
  <node id="6507708997" lat="14.6562873" lon="121.0263602"/>
  <node id="6507709000" lat="14.6563192" lon="121.0262098"/>
  <node id="6507741821" lat="14.6574409" lon="121.0223465"/>
  <node id="6507770014" lat="14.6577545" lon="121.0203855"/>
  <node id="6510098425" lat="14.5376513" lon="120.9971865"/>
  <node id="6510098426" lat="14.5378993" lon="120.9969592"/>
  <node id="6510457564" lat="14.6570680" lon="120.9865096"/>
  <node id="6510477353" lat="14.6573877" lon="120.9918567"/>
  <node id="6510477356" lat="14.6573938" lon="120.9920340"/>
  <node id="6539050569" lat="14.5743137" lon="121.0483926"/>
  <node id="6542426129" lat="14.6570157" lon="120.9845184"/>
  <node id="6542426130" lat="14.6572941" lon="120.9844827">
    <tag k="highway" v="give_way"/>
  </node>
  <node id="6564229785" lat="14.5689543" lon="121.0459412">
    <tag k="distance" v="25"/>
    <tag k="highway" v="milestone"/>
    <tag k="inscription" v="K25"/>
  </node>
  <node id="6580439033" lat="14.5367665" lon="120.9905457"/>
  <node id="6580439036" lat="14.5366999" lon="120.9902687"/>
  <node id="6622286349" lat="14.6350300" lon="121.0433372">
    <tag k="highway" v="motorway_junction"/>
    <tag k="name" v="GMA Kamuning"/>
  </node>
  <node id="6622633480" lat="14.5477552" lon="121.0260977">
    <tag k="countdown_timer:pedestrians" v="yes"/>
    <tag k="crossing" v="traffic_signals"/>
    <tag k="crossing:markings" v="ladder"/>
    <tag k="highway" v="crossing"/>
    <tag k="kerb" v="raised"/>
    <tag k="tactile_paving" v="no"/>
    <tag k="wheelchair" v="yes"/>
  </node>
  <node id="6622633484" lat="14.5495872" lon="121.0283709"/>
  <node id="6622649387" lat="14.5490766" lon="121.0276592"/>
  <node id="6627292719" lat="14.5391943" lon="121.0140475"/>
  <node id="6627292720" lat="14.5392674" lon="121.0143122"/>
  <node id="6627663680" lat="14.6047075" lon="121.0580320"/>
  <node id="6627879544" lat="14.6200650" lon="121.0509729"/>
  <node id="6651748991" lat="14.5555080" lon="121.0352851"/>
  <node id="6651749000" lat="14.5573839" lon="121.0375357"/>
  <node id="6651749003" lat="14.5569180" lon="121.0369623"/>
  <node id="6651749029" lat="14.5549027" lon="121.0350899"/>
  <node id="6651749033" lat="14.5564619" lon="121.0366696"/>
  <node id="6659890442" lat="14.6575758" lon="121.0074293"/>
  <node id="6659893520" lat="14.6575358" lon="121.0051079"/>
  <node id="6659893527" lat="14.6575362" lon="121.0049015"/>
  <node id="6659912060" lat="14.6575814" lon="121.0077437"/>
  <node id="6659912068" lat="14.6575870" lon="121.0080422"/>
  <node id="6659979001" lat="14.6457477" lon="121.0367385"/>
  <node id="6672900913" lat="14.5409573" lon="121.0180200"/>
  <node id="6698143170" lat="14.5475880" lon="121.0264025"/>
  <node id="6751286234" lat="14.6075229" lon="121.0564775"/>
  <node id="6763383665" lat="14.6145239" lon="121.0535045"/>
  <node id="6773467728" lat="14.5364284" lon="120.9891230">
    <tag k="crossing" v="traffic_signals"/>
    <tag k="crossing_ref" v="zebra"/>
    <tag k="highway" v="crossing"/>
    <tag k="mapillary" v="489595602285639"/>
    <tag k="source:geometry" v="Mapillary 2018-09-25"/>
    <tag k="survey:date" v="2018-09-25"/>
    <tag k="tactile_paving" v="no"/>
    <tag k="wheelchair" v="yes"/>
  </node>
  <node id="6773467731" lat="14.5362175" lon="120.9891456">
    <tag k="crossing" v="traffic_signals"/>
    <tag k="crossing_ref" v="zebra"/>
    <tag k="highway" v="crossing"/>
    <tag k="mapillary" v="1188550218271112"/>
    <tag k="source:geometry" v="Mapillary 2019-06-05"/>
    <tag k="survey:date" v="2018-09-10"/>
    <tag k="tactile_paving" v="no"/>
    <tag k="wheelchair" v="yes"/>
  </node>
  <node id="6773467732" lat="14.5363368" lon="120.9887219">
    <tag k="crossing" v="traffic_signals"/>
    <tag k="crossing_ref" v="zebra"/>
    <tag k="highway" v="crossing"/>
    <tag k="tactile_paving" v="no"/>
    <tag k="wheelchair" v="yes"/>
  </node>
  <node id="6773467733" lat="14.5361257" lon="120.9887478">
    <tag k="crossing" v="traffic_signals"/>
    <tag k="crossing_ref" v="zebra"/>
    <tag k="highway" v="crossing"/>
    <tag k="tactile_paving" v="no"/>
    <tag k="wheelchair" v="yes"/>
  </node>
  <node id="6916177443" lat="14.5458664" lon="121.0238327"/>
  <node id="6916177444" lat="14.5482042" lon="121.0266293"/>
  <node id="6916177445" lat="14.5454038" lon="121.0237874"/>
  <node id="6916433134" lat="14.5415487" lon="121.0186096"/>
  <node id="6916433138" lat="14.5446789" lon="121.0225264"/>
  <node id="6960116824" lat="14.5374012" lon="121.0006849">
    <tag k="highway" v="traffic_signals"/>
  </node>
  <node id="7010436878" lat="14.6208043" lon="121.0503049"/>
  <node id="7018806022" lat="14.5415842" lon="121.0189891"/>
  <node id="7018806023" lat="14.5417169" lon="121.0191845"/>
  <node id="7079099107" lat="14.6574369" lon="121.0016296">
    <tag k="highway" v="motorway_junction"/>
    <tag k="name" v="Balintawak Cloverleaf"/>
    <tag k="noref" v="yes"/>
  </node>
  <node id="7117804795" lat="14.5398008" lon="121.0165103"/>
  <node id="7119297181" lat="14.5401058" lon="121.0156184"/>
  <node id="7119297184" lat="14.5396969" lon="121.0156833"/>
  <node id="7119315785" lat="14.5400697" lon="121.0155238"/>
  <node id="7119315786" lat="14.5394542" lon="121.0150160"/>
  <node id="7119315787" lat="14.5393298" lon="121.0146457"/>
  <node id="7119315788" lat="14.5390940" lon="121.0135289"/>
  <node id="7119315789" lat="14.5393457" lon="121.0144339"/>
  <node id="7187521391" lat="14.6267412" lon="121.0475967"/>
  <node id="7192545200" lat="14.5759715" lon="121.0499348"/>
  <node id="7244807582" lat="14.5811737" lon="121.0537400"/>
  <node id="7244807594" lat="14.5813752" lon="121.0534987"/>
  <node id="7256984776" lat="14.6247093" lon="121.0485252"/>
  <node id="7350895328" lat="14.6184829" lon="121.0513751"/>
  <node id="7397059857" lat="14.5989625" lon="121.0596312"/>
  <node id="7397059860" lat="14.5988165" lon="121.0596332"/>
  <node id="7399609031" lat="14.5378294" lon="121.0044087"/>
  <node id="7418236931" lat="14.6192830" lon="121.0510086"/>
  <node id="7418236932" lat="14.6194131" lon="121.0509471"/>
  <node id="7418236934" lat="14.6193938" lon="121.0512838"/>
  <node id="7418236935" lat="14.6196145" lon="121.0511845"/>
  <node id="7418236936" lat="14.6199390" lon="121.0510286"/>
  <node id="7418236937" lat="14.6192023" lon="121.0510468"/>
  <node id="7418236940" lat="14.6197183" lon="121.0508076"/>
  <node id="7454134633" lat="14.6571817" lon="120.9939496"/>
  <node id="7470961146" lat="14.6574760" lon="121.0147200"/>
  <node id="7474757217" lat="14.5644897" lon="121.0446471"/>
  <node id="7474757228" lat="14.5639492" lon="121.0446561"/>
  <node id="7474757263" lat="14.5491803" lon="121.0283139"/>
  <node id="7474757281" lat="14.5418670" lon="121.0190704"/>
  <node id="7474757282" lat="14.5437961" lon="121.0214815"/>
  <node id="7474757284" lat="14.5426926" lon="121.0205385"/>
  <node id="7475238722" lat="14.5805164" lon="121.0532695"/>
  <node id="7475238724" lat="14.5806816" lon="121.0530170"/>
  <node id="7475238783" lat="14.5802438" lon="121.0530755"/>
  <node id="7504935578" lat="14.6556466" lon="121.0292730">
    <tag k="barrier" v="height_restrictor"/>
  </node>
  <node id="7533676209" lat="14.5433993" lon="121.0213670"/>
  <node id="7569423002" lat="14.6570214" lon="120.9846306"/>
  <node id="7573563293" lat="14.6318879" lon="121.0451679"/>
  <node id="7573563296" lat="14.6321374" lon="121.0450561"/>
  <node id="7579302870" lat="14.6085328" lon="121.0560022"/>
  <node id="7599203614" lat="14.5552526" lon="121.0351919"/>
  <node id="7599203615" lat="14.5551411" lon="121.0350322"/>
  <node id="7640063314" lat="14.6189336" lon="121.0514013"/>
  <node id="7640063315" lat="14.6161851" lon="121.0525328"/>
  <node id="7640063316" lat="14.6160348" lon="121.0527486"/>
  <node id="7648268525" lat="14.6576914" lon="121.0153501"/>
  <node id="7729752197" lat="14.6573199" lon="121.0041495"/>
  <node id="7729752198" lat="14.6573260" lon="121.0044929"/>
  <node id="7741335664" lat="14.5688583" lon="121.0461686">
    <tag k="distance" v="25"/>
    <tag k="highway" v="milestone"/>
    <tag k="name" v="Kilometer 25"/>
  </node>
  <node id="7797754056" lat="14.6574654" lon="121.0206468"/>
  <node id="7797754058" lat="14.6572804" lon="120.9847534"/>
  <node id="7797754060" lat="14.6572650" lon="121.0007854"/>
  <node id="7797754063" lat="14.6572959" lon="121.0003302"/>
  <node id="7797754065" lat="14.6575997" lon="121.0215417"/>
  <node id="7899078632" lat="14.6412660" lon="121.0395831">
    <tag k="highway" v="motorway_junction"/>
    <tag k="name" v="Quezon Avenue"/>
    <tag k="name:es" v="Avenida Quezon"/>
    <tag k="name:etymology" v="Manuel Luis Quezon"/>
    <tag k="name:etymology:wikidata" v="Q1503"/>
    <tag k="name:etymology:wikipedia" v="es:Manuel L. Quezon"/>
  </node>
  <node id="7899078633" lat="14.6367721" lon="121.0424991">
    <tag k="bus" v="yes"/>
    <tag k="name" v="GMA Kamuning"/>
    <tag k="network" v="PH:PUB:Metro Manila"/>
    <tag k="public_transport" v="stop_position"/>
  </node>
  <node id="7899078634" lat="14.6369247" lon="121.0423963"/>
  <node id="7961437445" lat="14.6575523" lon="121.0060584"/>
  <node id="7961498676" lat="14.6514790" lon="121.0326178"/>
  <node id="7961498680" lat="14.6510544" lon="121.0329010"/>
  <node id="7961927120" lat="14.5373292" lon="120.9941855"/>
  <node id="7965461283" lat="14.6432968" lon="121.0383297"/>
  <node id="7987103144" lat="14.6378648" lon="121.0417792"/>
  <node id="7987103145" lat="14.6454251" lon="121.0369444"/>
  <node id="8005076349" lat="14.6571869" lon="121.0234807"/>
  <node id="8026686933" lat="14.5492195" lon="121.0283610"/>
  <node id="8083108227" lat="14.6522414" lon="121.0321341"/>
  <node id="8119843849" lat="14.6574869" lon="121.0158363"/>
  <node id="8119843850" lat="14.6574852" lon="121.0154330"/>
  <node id="8119843851" lat="14.6576960" lon="121.0156153"/>
  <node id="8186539205" lat="14.6426960" lon="121.0382961"/>
  <node id="8186539206" lat="14.6429076" lon="121.0381610"/>
  <node id="8186539207" lat="14.6430555" lon="121.0384029"/>
  <node id="8186539209" lat="14.6430923" lon="121.0384630"/>
  <node id="8186539210" lat="14.6428820" lon="121.0386002"/>
  <node id="8186539211" lat="14.6427273" lon="121.0383473"/>
  <node id="8186539212" lat="14.6429399" lon="121.0382139"/>
  <node id="8186551752" lat="14.6239393" lon="121.0491066"/>
  <node id="8186551767" lat="14.5957522" lon="121.0594252"/>
  <node id="8186551770" lat="14.6128114" lon="121.0543142"/>
  <node id="8186731032" lat="14.6326891" lon="121.0448849"/>
  <node id="8186731035" lat="14.6328590" lon="121.0447870"/>
  <node id="8186834076" lat="14.5992265" lon="121.0596154"/>
  <node id="8186834084" lat="14.6018913" lon="121.0590234"/>
  <node id="8186879576" lat="14.5878179" lon="121.0565567"/>
  <node id="8240125007" lat="14.5352015" lon="120.9849277"/>
  <node id="8240981216" lat="14.5352458" lon="120.9849523"/>
  <node id="8241078217" lat="14.5352786" lon="120.9849911"/>
  <node id="8241078240" lat="14.5355336" lon="120.9848791"/>
  <node id="8242363647" lat="14.5877290" lon="121.0568028"/>
  <node id="8279597362" lat="14.6576150" lon="121.0102376"/>
  <node id="8311071062" lat="14.6347865" lon="121.0438310"/>
  <node id="8313900808" lat="14.6576811" lon="121.0147570"/>
  <node id="8313926372" lat="14.6576400" lon="121.0120520"/>
  <node id="8313952230" lat="14.6576449" lon="121.0124692"/>
  <node id="8314359397" lat="14.6210538" lon="121.0501905"/>
  <node id="8314746526" lat="14.6573062" lon="120.9861963"/>
  <node id="8314936658" lat="14.5899720" lon="121.0572208"/>
  <node id="8315031222" lat="14.6378840" lon="121.0414864"/>
  <node id="8317660528" lat="14.6027416" lon="121.0586595"/>
  <node id="8329456052" lat="14.6428456" lon="121.0385405"/>
  <node id="8332689765" lat="14.6555489" lon="121.0302075"/>
  <node id="8333006396" lat="14.5358346" lon="120.9874729"/>
  <node id="8333006401" lat="14.5357755" lon="120.9871887"/>
  <node id="8346270385" lat="14.5742492" lon="121.0483459">
    <tag k="crossing" v="uncontrolled"/>
    <tag k="highway" v="crossing"/>
  </node>
  <node id="8375781324" lat="14.6507579" lon="121.0334160"/>
  <node id="8377991961" lat="14.6301227" lon="121.0459649"/>
  <node id="8382424180" lat="14.6506796" lon="121.0335016"/>
  <node id="8382424181" lat="14.6504981" lon="121.0336193"/>
  <node id="8382424182" lat="14.6492090" lon="121.0344538"/>
  <node id="8382424183" lat="14.6491586" lon="121.0343844"/>
  <node id="8382424184" lat="14.6490914" lon="121.0344794"/>
  <node id="8382424185" lat="14.6483324" lon="121.0349554"/>
  <node id="8382424186" lat="14.6484340" lon="121.0349167"/>
  <node id="8382424187" lat="14.6483722" lon="121.0350145"/>
  <node id="8383431719" lat="14.6574838" lon="121.0021058"/>
  <node id="8383580096" lat="14.5375956" lon="120.9954862"/>
  <node id="8385938587" lat="14.5384936" lon="121.0074087"/>
  <node id="8386217629" lat="14.5789860" lon="121.0561932"/>
  <node id="8386288919" lat="14.5871750" lon="121.0563315"/>
  <node id="8386288920" lat="14.5859506" lon="121.0559419"/>
  <node id="8386859818" lat="14.5378700" lon="120.9973661"/>
  <node id="8392436550" lat="14.6566591" lon="121.0259071"/>
  <node id="8392436553" lat="14.6564904" lon="121.0266633"/>
  <node id="8392623559" lat="14.6518548" lon="121.0327199"/>
  <node id="8393669617" lat="14.6571154" lon="120.9906051"/>
  <node id="8459730704" lat="14.5816004" lon="121.0536539"/>
  <node id="8462571787" lat="14.5383908" lon="121.0066201"/>
  <node id="8462571795" lat="14.5383605" lon="121.0063960"/>
  <node id="8462600811" lat="14.5880904" lon="121.0566480"/>
  <node id="8462613410" lat="14.5808776" lon="121.0535312"/>
  <node id="8477491939" lat="14.5584424" lon="121.0392644"/>
  <node id="8477491949" lat="14.5582383" lon="121.0390203"/>
  <node id="8486973943" lat="14.5389514" lon="121.0126713"/>
  <node id="8486973954" lat="14.5388354" lon="121.0119336"/>
  <node id="8497832483" lat="14.6379915" lon="121.0414167"/>
  <node id="8497877880" lat="14.6377222" lon="121.0415913"/>
  <node id="8498137340" lat="14.6314035" lon="121.0453908"/>
  <node id="8504056840" lat="14.6133762" lon="121.0536895"/>
  <node id="8504085610" lat="14.6133627" lon="121.0540261"/>
  <node id="8558962862" lat="14.6558152" lon="121.0296812"/>
  <node id="8585680906" lat="14.5587405" lon="121.0396171"/>
  <node id="8585680914" lat="14.5585937" lon="121.0394446"/>
  <node id="8594477154" lat="14.6187061" lon="121.0512771"/>
  <node id="8595216694" lat="14.5845617" lon="121.0554906"/>
  <node id="8597376318" lat="14.6573545" lon="121.0065595"/>
  <node id="8597376325" lat="14.6573673" lon="121.0072169"/>
  <node id="8601223559" lat="14.5733409" lon="121.0480057"/>
  <node id="8602925444" lat="14.5561880" lon="121.0366078">
    <tag k="highway" v="crossing"/>
  </node>
  <node id="8605802814" lat="14.5633334" lon="121.0443156"/>
  <node id="8607542947" lat="14.6397779" lon="121.0405473"/>
  <node id="8607542948" lat="14.6427690" lon="121.0386738"/>
  <node id="8627217834" lat="14.6574938" lon="121.0163636"/>
  <node id="8632578498" lat="14.6573302" lon="121.0047794"/>
  <node id="8632886859" lat="14.6139440" lon="121.0537618"/>
  <node id="8637608837" lat="14.5375572" lon="120.9939867"/>
  <node id="8637636289" lat="14.6567682" lon="121.0242507"/>
  <node id="8646850630" lat="14.5380779" lon="121.0063336"/>
  <node id="8646850680" lat="14.5376596" lon="121.0004615"/>
  <node id="8647273810" lat="14.6570505" lon="120.9856966"/>
  <node id="8647327362" lat="14.6571113" lon="120.9893221"/>
  <node id="8647327365" lat="14.6571131" lon="120.9890648"/>
  <node id="8649770968" lat="14.5383203" lon="121.0060641"/>
  <node id="8649770979" lat="14.5383435" lon="121.0062570"/>
  <node id="8649882173" lat="14.6314095" lon="121.0457617"/>
  <node id="8654565484" lat="14.6574035" lon="120.9930882"/>
  <node id="8654565485" lat="14.6571690" lon="120.9930906"/>
  <node id="8655154939" lat="14.5704650" lon="121.0466366"/>
  <node id="8657082065" lat="14.6191220" lon="121.0510867"/>
  <node id="8657586005" lat="14.6576614" lon="121.0135174"/>
  <node id="8658027296" lat="14.5691428" lon="121.0462817"/>
  <node id="8658206527" lat="14.5601947" lon="121.0413293"/>
  <node id="8658496375" lat="14.5721759" lon="121.0470175"/>
  <node id="8658521621" lat="14.5626827" lon="121.0436034"/>
  <node id="8658521625" lat="14.5622646" lon="121.0432628"/>
  <node id="8658753151" lat="14.6515005" lon="121.0326034"/>
  <node id="8658753154" lat="14.6510204" lon="121.0329232"/>
  <node id="8658753160" lat="14.6548012" lon="121.0304305"/>
  <node id="8658753168" lat="14.6563229" lon="121.0274011"/>
  <node id="8658768292" lat="14.6137860" lon="121.0538319"/>
  <node id="8658770306" lat="14.6136028" lon="121.0539149"/>
  <node id="8658927291" lat="14.5677757" lon="121.0459302"/>
  <node id="8659043416" lat="14.6016159" lon="121.0591282"/>
  <node id="8659087179" lat="14.5997945" lon="121.0595597"/>
  <node id="8659087182" lat="14.6000669" lon="121.0595201"/>
  <node id="8659202742" lat="14.6382812" lon="121.0415095"/>
  <node id="8667980587" lat="14.5359682" lon="120.9880467"/>
  <node id="8667980590" lat="14.5358892" lon="120.9876963"/>
  <node id="8667980591" lat="14.5357608" lon="120.9871270"/>
  <node id="8667980594" lat="14.5356680" lon="120.9867155"/>
  <node id="8670428750" lat="14.5365559" lon="120.9896861"/>
  <node id="8671593783" lat="14.6188310" lon="121.0512210"/>
  <node id="8679239218" lat="14.6574873" lon="121.0159157"/>
  <node id="8688080464" lat="14.5423038" lon="121.0196254"/>
  <node id="8688144394" lat="14.5396925" lon="121.0144776"/>
  <node id="8688144400" lat="14.5397517" lon="121.0146712"/>
  <node id="8688202810" lat="14.5381259" lon="121.0044334"/>
  <node id="8688202816" lat="14.5381433" lon="121.0045917"/>
  <node id="8688216945" lat="14.5381222" lon="121.0066915"/>
  <node id="8742657344" lat="14.6570184" lon="121.0231987"/>
  <node id="8742657352" lat="14.6570647" lon="121.0230048"/>
  <node id="8742657361" lat="14.6572321" lon="121.0221935"/>
  <node id="8742657364" lat="14.6571408" lon="121.0226404"/>
  <node id="8742657372" lat="14.6577168" lon="121.0206146"/>
  <node id="8868230559" lat="14.6571653" lon="120.9929392">
    <tag k="distance" v="10"/>
    <tag k="highway" v="milestone"/>
  </node>
  <node id="8868230560" lat="14.6574031" lon="120.9929712">
    <tag k="distance" v="10"/>
    <tag k="highway" v="milestone"/>
    <tag k="mapillary" v="1118126525375271"/>
    <tag k="source:position" v="Mapillary 2018-08-26"/>
  </node>
  <node id="8868230562" lat="14.6571715" lon="120.9932976"/>
  <node id="8870838809" lat="14.6574864" lon="121.0156363"/>
  <node id="8894100232" lat="14.6572415" lon="120.9981607"/>
  <node id="8931690112" lat="14.6158487" lon="121.0529330"/>
  <node id="8998251485" lat="14.5368680" lon="120.9920538"/>
  <node id="9275731292" lat="14.6575218" lon="121.0183653"/>
  <node id="9275731297" lat="14.6575187" lon="121.0180656"/>
  <node id="9275731303" lat="14.6575176" lon="121.0179891"/>
  <node id="9398002640" lat="14.5365934" lon="120.9908243"/>
  <node id="9398002643" lat="14.5363747" lon="120.9898475"/>
  <node id="9398002659" lat="14.5367740" lon="120.9916383"/>
  <node id="9398002669" lat="14.5362260" lon="120.9882154"/>
  <node id="9398002671" lat="14.5359387" lon="120.9879159">
    <tag k="bus" v="yes"/>
    <tag k="name" v="Hotel 101 Manila"/>
    <tag k="public_transport" v="stop_position"/>
  </node>
  <node id="9398002674" lat="14.5364846" lon="120.9903385">
    <tag k="bus" v="yes"/>
    <tag k="name" v="Double Dragon Plaza"/>
    <tag k="public_transport" v="stop_position"/>
  </node>
  <node id="9398002676" lat="14.5367941" lon="120.9906602"/>
  <node id="9398002684" lat="14.5358701" lon="120.9865878">
    <tag k="bus" v="yes"/>
    <tag k="name" v="Shell Residences"/>
    <tag k="public_transport" v="stop_position"/>
  </node>
  <node id="9458588329" lat="14.6571251" lon="120.9909643"/>
  <node id="9458588338" lat="14.6571176" lon="120.9907767"/>
  <node id="9458588344" lat="14.6573706" lon="120.9906502"/>
  <node id="9458588352" lat="14.6573657" lon="120.9903667"/>
  <node id="9699847146" lat="14.6574706" lon="121.0143564"/>
  <node id="9699847151" lat="14.6574678" lon="121.0141658"/>
  <node id="9699847157" lat="14.6576709" lon="121.0141721"/>
  <node id="9764865366" lat="14.6570003" lon="120.9844071"/>
  <node id="9764865367" lat="14.6573049" lon="120.9843837"/>
  <node id="9765218334" lat="14.6573380" lon="120.9881997"/>
  <node id="9765218335" lat="14.6573027" lon="120.9858659"/>
  <node id="9765218337" lat="14.6570608" lon="120.9860440"/>
  <node id="9765242230" lat="14.6571084" lon="120.9894432"/>
  <node id="9765242231" lat="14.6573579" lon="120.9896720"/>
  <node id="9776176308" lat="14.5854324" lon="121.0557806"/>
  <node id="9851528696" lat="14.5997631" lon="121.0598116"/>
  <node id="9851595386" lat="14.6107195" lon="121.0553275"/>
  <node id="9854396128" lat="14.5370163" lon="120.9927640"/>
  <node id="9873153145" lat="14.5690357" lon="121.0462942"/>
  <node id="9873260794" lat="14.5637997" lon="121.0445671"/>
  <node id="9875280284" lat="14.5618760" lon="121.0432305"/>
  <node id="9875360913" lat="14.6283916" lon="121.0468391"/>
  <node id="9875360914" lat="14.6304009" lon="121.0458381"/>
  <node id="9881955546" lat="14.5397127" lon="121.0157226"/>
  <node id="9883466506" lat="14.6445699" lon="121.0370441"/>
  <node id="9883466514" lat="14.6433821" lon="121.0382686"/>
  <node id="9883999674" lat="14.6334354" lon="121.0446546"/>
  <node id="9883999677" lat="14.6333311" lon="121.0444756"/>
  <node id="9885408968" lat="14.5425253" lon="121.0203283"/>
  <node id="9926088652" lat="14.6576602" lon="121.0134382"/>
  <node id="9926088657" lat="14.6575958" lon="121.0084760"/>
  <node id="9926843933" lat="14.6576251" lon="121.0110287"/>
  <node id="9926843934" lat="14.6574183" lon="121.0107900"/>
  <node id="9947173105" lat="14.6158891" lon="121.0525583"/>
  <node id="9951229724" lat="14.5845184" lon="121.0556835"/>
  <node id="9951250288" lat="14.5793470" lon="121.0559105"/>
  <node id="9955916016" lat="14.5355249" lon="120.9850422"/>
  <node id="9957530749" lat="14.6575059" lon="121.0033819"/>
  <node id="9958177667" lat="14.5397194" lon="121.0157373">
    <tag k="crossing" v="uncontrolled"/>
    <tag k="crossing:markings" v="zebra"/>
    <tag k="highway" v="crossing"/>
    <tag k="supervised" v="no"/>
  </node>
  <node id="9958177668" lat="14.5400809" lon="121.0155523">
    <tag k="crossing" v="uncontrolled"/>
    <tag k="crossing:markings" v="zebra"/>
    <tag k="highway" v="crossing"/>
    <tag k="supervised" v="no"/>
    <tag k="tactile_paving" v="no"/>
    <tag k="wheelchair" v="yes"/>
  </node>
  <node id="9974084566" lat="14.6390236" lon="121.0410309"/>
  <node id="9974142685" lat="14.6398689" lon="121.0404851"/>
  <node id="9979537322" lat="14.6563663" lon="121.0259984"/>
  <node id="9979537324" lat="14.6560616" lon="121.0285948"/>
  <node id="9987531507" lat="14.5594011" lon="121.0403972"/>
  <node id="9989152445" lat="14.5355920" lon="120.9847870"/>
  <node id="9989152446" lat="14.5351362" lon="120.9849001"/>
  <node id="9992459492" lat="14.6369090" lon="121.0421187"/>
  <node id="9994946233" lat="14.6570588" lon="120.9859105"/>
  <node id="10036237764" lat="14.5925003" lon="121.0579688"/>
  <node id="10287131198" lat="14.6327972" lon="121.0447313"/>
  <node id="10303501517" lat="14.5380449" lon="121.0037733">
    <tag k="bus" v="yes"/>
    <tag k="name" v="Tramo"/>
    <tag k="public_transport" v="stop_position"/>
  </node>
  <node id="10696433973" lat="14.5391932" lon="121.0136033"/>
  <node id="10701045096" lat="14.5616682" lon="121.0426988"/>
  <node id="10747679665" lat="14.6571128" lon="120.9903165"/>
  <node id="10817199994" lat="14.6573577" lon="120.9894319"/>
  <node id="11068016553" lat="14.5375139" lon="120.9990510"/>
  <node id="11068016556" lat="14.5375202" lon="120.9989741"/>
  <node id="11115975343" lat="14.5494707" lon="121.0286725"/>
  <node id="11124474798" lat="14.5380130" lon="121.0058383"/>
  <node id="11222284090" lat="14.6574583" lon="121.0135158"/>
  <node id="11235215063" lat="14.5353386" lon="120.9852507"/>
  <node id="11395472294" lat="14.6568747" lon="121.0238004"/>
  <node id="11416696811" lat="14.6497746" lon="121.0337293"/>
  <node id="11416696814" lat="14.6498901" lon="121.0336545"/>
  <node id="11448932642" lat="14.6461885" lon="121.0360193"/>
  <node id="11448932646" lat="14.6463309" lon="121.0359270"/>
  <node id="11448932653" lat="14.6465029" lon="121.0358160"/>
  <node id="11461377946" lat="14.6573507" lon="121.0062852"/>
  <node id="11461377951" lat="14.6573518" lon="121.0063637"/>
  <node id="11467764312" lat="14.6375189" lon="121.0417232"/>
  <node id="11467764323" lat="14.6376525" lon="121.0416365"/>
  <node id="11507995360" lat="14.5993565" lon="121.0596058"/>
  <node id="11507995363" lat="14.5990963" lon="121.0596230"/>
  <node id="11508017775" lat="14.6011795" lon="121.0592683"/>
  <node id="11508017780" lat="14.6008396" lon="121.0593609"/>
  <node id="11508305357" lat="14.6572002" lon="120.9957153"/>
  <node id="11566615666" lat="14.6265966" lon="121.0476637"/>
  <node id="11575617489" lat="14.6573019" lon="121.0218441">
    <tag k="distance" v="13"/>
    <tag k="highway" v="milestone"/>
    <tag k="inscription" v="K|0013||QC"/>
    <tag k="mapillary" v="692321888624204"/>
  </node>
  <node id="11575617490" lat="14.6572494" lon="121.0221069"/>
  <node id="11575648982" lat="14.6575410" lon="121.0218587"/>
  <node id="11575691905" lat="14.6574514" lon="121.0131678"/>
  <node id="11575825473" lat="14.6575924" lon="121.0083322"/>
  <node id="11652962913" lat="14.5830695" lon="121.0550452"/>
  <node id="11656507464" lat="14.6570830" lon="120.9872245"/>
  <node id="11662034353" lat="14.5831774" lon="121.0547336"/>
  <node id="11662088542" lat="14.5862470" lon="121.0560358"/>
  <node id="11662179717" lat="14.5872207" lon="121.0563466"/>
  <node id="11662179722" lat="14.5863167" lon="121.0560578"/>
  <node id="11662179727" lat="14.5865743" lon="121.0561394"/>
  <node id="11662179731" lat="14.5866157" lon="121.0561525"/>
  <node id="11662179735" lat="14.5868672" lon="121.0562321"/>
  <node id="11662185649" lat="14.5893809" lon="121.0570552"/>
  <node id="11668730945" lat="14.5913067" lon="121.0576206"/>
  <node id="11668730953" lat="14.5920496" lon="121.0578250"/>
  <node id="11670266172" lat="14.5900181" lon="121.0572353"/>
  <node id="11670266175" lat="14.5903327" lon="121.0573241"/>
  <node id="11687275583" lat="14.5766952" lon="121.0501463"/>
  <node id="11693110211" lat="14.5706598" lon="121.0464307"/>
  <node id="11693110218" lat="14.5705998" lon="121.0464140"/>
  <node id="11693116700" lat="14.5720628" lon="121.0469589"/>
  <node id="11693116701" lat="14.5719134" lon="121.0468815"/>
  <node id="11694635122" lat="14.5375389" lon="121.0021236"/>
  <node id="11694657715" lat="14.5382756" lon="121.0078614"/>
  <node id="11699878067" lat="14.5703566" lon="121.0466059"/>
  <node id="11699889572" lat="14.5699507" lon="121.0464969"/>
  <node id="11806112218" lat="14.5617073" lon="121.0427371"/>
  <node id="11806213718" lat="14.5555362" lon="121.0353216">
    <tag k="distance" v="27"/>
    <tag k="highway" v="milestone"/>
    <tag k="inscription" v="K | 27"/>
    <tag k="mapillary" v="1190846364748874"/>
  </node>
  <node id="11811299483" lat="14.6513441" lon="121.0327120"/>
  <node id="11913773338" lat="14.5383087" lon="121.0081322"/>
  <node id="11935074788" lat="14.6497692" lon="121.0340850"/>
  <node id="11956219757" lat="14.6195176" lon="121.0512262"/>
  <node id="11956219761" lat="14.6194530" lon="121.0512557"/>
  <node id="11956219768" lat="14.6160321" lon="121.0528440"/>
  <node id="11961376362" lat="14.5903419" lon="121.0577200"/>
  <node id="11961376363" lat="14.5903608" lon="121.0576556"/>
  <node id="11961440148" lat="14.5821720" lon="121.0544603"/>
  <node id="11969229995" lat="14.5914704" lon="121.0576434"/>
  <node id="11969229997" lat="14.5914534" lon="121.0576988"/>
  <node id="11969230000" lat="14.5932576" lon="121.0582970"/>
  <node id="11969230001" lat="14.5933948" lon="121.0583504"/>
  <node id="11969230002" lat="14.5932444" lon="121.0583220"/>
  <node id="11969230003" lat="14.5933803" lon="121.0583725"/>
  <node id="11969230004" lat="14.5934195" lon="121.0583771"/>
  <node id="11969230005" lat="14.5939739" lon="121.0585672"/>
  <node id="11969230006" lat="14.5957162" lon="121.0590880"/>
  <node id="11969230007" lat="14.5957060" lon="121.0591322"/>
  <node id="11969230008" lat="14.5969315" lon="121.0595138"/>
  <node id="11969454183" lat="14.5916260" lon="121.0576939"/>
  <node id="11978560054" lat="14.5678896" lon="121.0456235"/>
  <node id="11990898377" lat="14.5378834" lon="121.0024611"/>
  <node id="12006737691" lat="14.6108741" lon="121.0552525"/>
  <node id="12006737692" lat="14.6108227" lon="121.0548935"/>
  <node id="12018581370" lat="14.6113900" lon="121.0546339"/>
  <node id="12018581371" lat="14.6115217" lon="121.0549497"/>
  <node id="12018581374" lat="14.6111006" lon="121.0551434"/>
  <node id="12026915271" lat="14.6162922" lon="121.0527190"/>
  <node id="12029548669" lat="14.6213975" lon="121.0500365"/>
  <node id="12029724347" lat="14.5952059" lon="121.0589125"/>
  <node id="12029724348" lat="14.5951912" lon="121.0589643"/>
  <node id="12042058198" lat="14.5573375" lon="121.0379166"/>
  <node id="12063632329" lat="14.6575448" lon="121.0056281"/>
  <node id="12063632331" lat="14.6573417" lon="121.0056267"/>
  <node id="12063632338" lat="14.6573146" lon="121.0037184"/>
  <node id="12079421656" lat="14.6399315" lon="121.0404447">
    <tag k="distance" v="16"/>
    <tag k="highway" v="milestone"/>
    <tag k="inscription" v="K 16 || QC"/>
  </node>
  <node id="12079421659" lat="14.6400629" lon="121.0400734"/>
  <node id="12079421661" lat="14.6400501" lon="121.0400817">
    <tag k="distance" v="16"/>
    <tag k="highway" v="milestone"/>
    <tag k="inscription" v="K 16 || QC"/>
  </node>
  <node id="12080025022" lat="14.6273242" lon="121.0473298"/>
  <node id="12080246585" lat="14.6571128" lon="120.9902117"/>
  <node id="12086299358" lat="14.6573352" lon="121.0051486"/>
  <node id="12087698577" lat="14.5718233" lon="121.0471220"/>
  <node id="12097311111" lat="14.6414787" lon="121.0395155"/>
  <node id="12097311113" lat="14.6415296" lon="121.0391232"/>
  <node id="12111420958" lat="14.6499946" lon="121.0335868"/>
  <node id="12113071352" lat="14.6577540" lon="121.0185758"/>
  <node id="12113071355" lat="14.6577568" lon="121.0187226"/>
  <node id="12128303203" lat="14.6252084" lon="121.0485647"/>
  <node id="12128313402" lat="14.6252992" lon="121.0485233"/>
  <node id="12128313501" lat="14.6244573" lon="121.0489006"/>
  <node id="12132580801" lat="14.6332328" lon="121.0448393"/>
  <node id="12143125958" lat="14.6199683" lon="121.0506867"/>
  <node id="12144694424" lat="14.5924907" lon="121.0580134"/>
  <node id="12144723778" lat="14.5848104" lon="121.0557904"/>
  <node id="12144725805" lat="14.5931078" lon="121.0582395"/>
  <node id="12144909219" lat="14.5665804" lon="121.0455566"/>
  <node id="12144909220" lat="14.5691182" lon="121.0459898"/>
  <node id="12378333451" lat="14.6470104" lon="121.0359163"/>
  <node id="12378333452" lat="14.6475163" lon="121.0355810"/>
  <node id="12378333453" lat="14.6489601" lon="121.0345667"/>
  <node id="12389224008" lat="14.5369138" lon="120.9922642"/>
  <node id="12395775706" lat="14.6571522" lon="120.9924437"/>
  <node id="12395783650" lat="14.6572484" lon="120.9984381"/>
  <node id="12428802650" lat="14.5358792" lon="120.9876522"/>
  <node id="12429019653" lat="14.6559050" lon="121.0292969"/>
  <node id="12429019654" lat="14.6558697" lon="121.0294496">
    <tag k="barrier" v="height_restrictor"/>
  </node>
  <node id="12535175313" lat="14.5550210" lon="121.0348616"/>
  <node id="12535175314" lat="14.5545920" lon="121.0342952"/>
  <node id="12535175315" lat="14.5543559" lon="121.0339978"/>
  <node id="12564676608" lat="14.6359609" lon="121.0427335"/>
  <node id="12564676611" lat="14.6362386" lon="121.0425534"/>
  <node id="12606354248" lat="14.6212063" lon="121.0501233"/>
  <node id="12941596950" lat="14.6576529" lon="121.0211208"/>
  <node id="12968298115" lat="14.5641863" lon="121.0447703"/>
  <node id="13043926866" lat="14.5377370" lon="120.9990647"/>
  <node id="13043926867" lat="14.5377167" lon="120.9993014"/>
  <node id="13043926878" lat="14.5377458" lon="120.9989621"/>
  <node id="13103850006" lat="14.6457033" lon="121.0363309"/>
  <node id="13104238619" lat="14.6390688" lon="121.0407181"/>
  <node id="13104767778" lat="14.6569270" lon="121.0247657"/>
  <node id="13105642826" lat="14.6386285" lon="121.0410036"/>
  <node id="13112353462" lat="14.6356025" lon="121.0432726"/>
  <node id="13112431462" lat="14.6483229" lon="121.0346696"/>
  <node id="13114148450" lat="14.5379002" lon="120.9968627"/>
  <node id="13116169837" lat="14.5834967" lon="121.0549243"/>
  <node id="13116424781" lat="14.5902074" lon="121.0572887"/>
  <node id="13116424784" lat="14.5903021" lon="121.0573155"/>
  <node id="13120800158" lat="14.5784242" lon="121.0514222"/>
  <node id="13121412152" lat="14.5887309" lon="121.0568611"/>
  <node id="13130124001" lat="14.5371039" lon="120.9919393"/>
  <node id="13150221195" lat="14.5606357" lon="121.0418562"/>
  <node id="13150224604" lat="14.5607062" lon="121.0419404"/>
  <node id="13150224607" lat="14.5611164" lon="121.0424304"/>
  <node id="13155071998" lat="14.6040736" lon="121.0580488"/>
  <node id="13155695648" lat="14.5378261" lon="121.0043823"/>
  <node id="13155695670" lat="14.5378172" lon="121.0043114"/>
  <node id="13156061486" lat="14.6132331" lon="121.0537558"/>
  <node id="13156099614" lat="14.6122871" lon="121.0542136"/>
  <node id="13156099617" lat="14.6127542" lon="121.0539855"/>
  <node id="13161243184" lat="14.5999818" lon="121.0597826"/>
  <node id="13161480727" lat="14.6574713" lon="120.9980980"/>
  <node id="13161540812" lat="14.6572196" lon="120.9968608"/>
  <node id="13164427491" lat="14.6574398" lon="121.0122548"/>
  <node id="13164427496" lat="14.6574348" lon="121.0119172"/>
  <node id="13164460804" lat="14.6573790" lon="121.0080592"/>
  <node id="13164536422" lat="14.6573661" lon="121.0071535"/>
  <node id="13164536436" lat="14.6573636" lon="121.0070249"/>
  <node id="13164602672" lat="14.6576041" lon="121.0092833"/>
  <node id="13187713371" lat="14.5828604" lon="121.0549342"/>
  <node id="13278948641" lat="14.5376659" lon="121.0006913"/>
  <node id="13372198660" lat="14.6571804" lon="120.9937900"/>
  <node id="13372198668" lat="14.6571812" lon="120.9936493"/>
  <node id="13458739652" lat="14.6211436" lon="121.0504827"/>
  <node id="13601573434" lat="14.5398812" lon="121.0162570"/>
  <node id="13601573435" lat="14.5398769" lon="121.0161497"/>
  <node id="13621026210" lat="14.6363720" lon="121.0424669"/>
  <node id="13621026219" lat="14.6365005" lon="121.0423836"/>
  <node id="13621026225" lat="14.6367642" lon="121.0422126"/>
  <node id="13662645648" lat="14.6352717" lon="121.0431805"/>
  <node id="13695586356" lat="14.5423883" lon="121.0201132"/>
  <node id="13710396922" lat="14.5386473" lon="121.0106565"/>
  <node id="13710396927" lat="14.5391150" lon="121.0122989"/>
  <node id="13710396939" lat="14.5617448" lon="121.0431016"/>
  <node id="13783975903" lat="14.6572851" lon="120.9992868"/>
  <node id="13816306412" lat="14.6465704" lon="121.0358445"/>
  <node id="13816306425" lat="14.6538976" lon="121.0310406"/>
  <node id="13816306439" lat="14.6504745" lon="121.0335577"/>
  <node id="13839136720" lat="14.5739113" lon="121.0484219"/>
  <node id="13890051240" lat="14.6134440" lon="121.0539884"/>
  <node id="13955153121" lat="14.6572764" lon="120.9991654"/>
  <node id="14132443082" lat="14.5370079" lon="120.9915483"/>
  <way id="4078780">
    <nd ref="5291010334"/>
    <nd ref="6698143170"/>
    <nd ref="313870474"/>
    <tag k="foot" v="no"/>
    <tag k="hgv" v="no"/>
    <tag k="highway" v="trunk"/>
    <tag k="int_ref" v="AH26"/>
    <tag k="int_ref:colour" v="blue"/>
    <tag k="lanes" v="2"/>
    <tag k="layer" v="-1"/>
    <tag k="lit" v="yes"/>
    <tag k="maxspeed" v="60"/>
    <tag k="maxspeed:bus" v="50"/>
    <tag k="maxspeed:hgv" v="50"/>
    <tag k="name" v="EDSA"/>
    <tag k="name:es" v="Avenida Epifanio de los Santos"/>
    <tag k="name:fil" v="Abenida Epifanio de los Santos"/>
    <tag k="name:tl" v="Abenida Epifanio de los Santos"/>
    <tag k="official_name" v="Epifanio de los Santos Avenue"/>
    <tag k="oneway" v="yes"/>
    <tag k="ref" v="1"/>
    <tag k="source:maxspeed" v="sign"/>
    <tag k="surface" v="asphalt"/>
    <tag k="tunnel" v="yes"/>
  </way>
  <way id="4174102">
    <nd ref="24079238"/>
    <nd ref="479738699"/>
    <nd ref="1411126030"/>
    <tag k="cycleway:right" v="lane"/>
    <tag k="destination" v="Kamias;East Avenue"/>
    <tag k="hgv" v="no"/>
    <tag k="highway" v="primary"/>
    <tag k="int_ref" v="AH26"/>
    <tag k="lanes" v="2"/>
    <tag k="lit" v="yes"/>
    <tag k="maxspeed" v="60"/>
    <tag k="maxspeed:bus" v="50"/>
    <tag k="maxspeed:hgv" v="50"/>
    <tag k="name" v="EDSA"/>
    <tag k="name:es" v="Avenida Epifanio de los Santos"/>
    <tag k="name:fil" v="Abenida Epifanio de los Santos"/>
    <tag k="name:tl" v="Abenida Epifanio de los Santos"/>
    <tag k="official_name" v="Epifanio de los Santos Avenue"/>
    <tag k="oneway" v="yes"/>
    <tag k="sidewalk" v="separate"/>
    <tag k="source:maxspeed" v="sign"/>
    <tag k="surface" v="concrete"/>
  </way>
  <way id="5073010">
    <nd ref="88765810"/>
    <nd ref="11508305357"/>
    <nd ref="320507370"/>
    <nd ref="13161540812"/>
    <nd ref="8894100232"/>
    <nd ref="12395783650"/>
    <nd ref="264479650"/>
    <nd ref="35454011"/>
    <tag k="cycleway:right" v="lane"/>
    <tag k="foot" v="yes"/>
    <tag k="highway" v="trunk"/>
    <tag k="int_ref" v="AH26"/>
    <tag k="int_ref:colour" v="blue"/>
    <tag k="lanes" v="4"/>
    <tag k="lit" v="yes"/>
    <tag k="maxspeed" v="60"/>
    <tag k="maxspeed:bus" v="50"/>
    <tag k="maxspeed:hgv" v="50"/>
    <tag k="name" v="EDSA"/>
    <tag k="name:es" v="Avenida Epifanio de los Santos"/>
    <tag k="name:fil" v="Abenida Epifanio de los Santos"/>
    <tag k="name:tl" v="Abenida Epifanio de los Santos"/>
    <tag k="nat_ref" v="1"/>
    <tag k="official_name" v="Epifanio de los Santos Avenue"/>
    <tag k="oneway" v="yes"/>
    <tag k="ref" v="1"/>
    <tag k="source:maxspeed" v="sign"/>
    <tag k="surface" v="concrete"/>
    <tag k="width" v="19.2"/>
  </way>
  <way id="6119724">
    <nd ref="7899078634"/>
    <nd ref="249226767"/>
    <tag k="cycleway:right" v="lane"/>
    <tag k="foot" v="yes"/>
    <tag k="hgv" v="no"/>
    <tag k="highway" v="trunk"/>
    <tag k="int_ref" v="AH26"/>
    <tag k="int_ref:colour" v="blue"/>
    <tag k="lanes" v="4"/>
    <tag k="lit" v="yes"/>
    <tag k="maxspeed" v="60"/>
    <tag k="maxspeed:bus" v="50"/>
    <tag k="maxspeed:hgv" v="50"/>
    <tag k="name" v="EDSA"/>
    <tag k="name:es" v="Avenida Epifanio de los Santos"/>
    <tag k="name:fil" v="Abenida Epifanio de los Santos"/>
    <tag k="name:tl" v="Abenida Epifanio de los Santos"/>
    <tag k="official_name" v="Epifanio de los Santos Avenue"/>
    <tag k="oneway" v="yes"/>
    <tag k="ref" v="1"/>
    <tag k="sidewalk:right" v="separate"/>
    <tag k="source:maxspeed" v="sign"/>
    <tag k="surface" v="concrete"/>
  </way>
  <way id="9793969">
    <nd ref="333526143"/>
    <nd ref="330378903"/>
    <tag k="foot" v="no"/>
    <tag k="hgv" v="no"/>
    <tag k="highway" v="trunk"/>
    <tag k="int_ref" v="AH26"/>
    <tag k="int_ref:colour" v="blue"/>
    <tag k="lanes" v="2"/>
    <tag k="layer" v="-1"/>
    <tag k="lit" v="yes"/>
    <tag k="maxspeed" v="60"/>
    <tag k="maxspeed:bus" v="50"/>
    <tag k="maxspeed:hgv" v="50"/>
    <tag k="name" v="EDSA"/>
    <tag k="name:es" v="Avenida Epifanio de los Santos"/>
    <tag k="name:fil" v="Abenida Epifanio de los Santos"/>
    <tag k="name:tl" v="Abenida Epifanio de los Santos"/>
    <tag k="official_name" v="Epifanio de los Santos Avenue"/>
    <tag k="oneway" v="yes"/>
    <tag k="ref" v="1"/>
    <tag k="source:maxspeed" v="sign"/>
    <tag k="surface" v="asphalt"/>
    <tag k="tunnel" v="yes"/>
    <tag k="tunnel:name" v="EDSA-Cubao Underpass"/>
  </way>
  <way id="10349239">
    <nd ref="321551795"/>
    <nd ref="88772903"/>
    <tag k="cycleway:right" v="lane"/>
    <tag k="designation" v="national_primary_road"/>
    <tag k="foot" v="no"/>
    <tag k="hgv" v="no"/>
    <tag k="highway" v="trunk_link"/>
    <tag k="int_ref" v="AH26"/>
    <tag k="lanes" v="3"/>
    <tag k="lit" v="yes"/>
    <tag k="maxspeed" v="60"/>
    <tag k="maxspeed:bus" v="50"/>
    <tag k="maxspeed:hgv" v="50"/>
    <tag k="name" v="EDSA"/>
    <tag k="name:es" v="Avenida Epifanio de los Santos"/>
    <tag k="name:fil" v="Abenida Epifanio de los Santos"/>
    <tag k="name:tl" v="Abenida Epifanio de los Santos"/>
    <tag k="official_name" v="Epifanio de los Santos Avenue"/>
    <tag k="oneway" v="yes"/>
    <tag k="ref" v="1"/>
    <tag k="source:maxspeed" v="sign"/>
    <tag k="surface" v="asphalt"/>
  </way>
  <way id="14340691">
    <nd ref="138712174"/>
    <nd ref="138712026"/>
    <tag k="bicycle" v="use_sidepath"/>
    <tag k="bridge" v="yes"/>
    <tag k="fine:parking:lane:both" v="5,000 PHP"/>
    <tag k="hgv" v="no"/>
    <tag k="highway" v="secondary"/>
    <tag k="lanes" v="4"/>
    <tag k="layer" v="1"/>
    <tag k="lit" v="yes"/>
    <tag k="maxspeed" v="60"/>
    <tag k="maxspeed:bus" v="50"/>
    <tag k="maxspeed:hgv" v="50"/>
    <tag k="name" v="EDSA Extension"/>
    <tag k="name:es" v="Avenida Extensión Epifanio de los Santos"/>
    <tag k="name:fil" v="Karugtong ng Abenida Epifanio de los Santos"/>
    <tag k="name:tl" v="Karugtong ng Abenida Epifanio de los Santos"/>
    <tag k="oneway" v="yes"/>
    <tag k="parking:lane:both" v="no_stopping"/>
    <tag k="surface" v="asphalt"/>
  </way>
  <way id="22696687">
    <nd ref="5427170390"/>
    <nd ref="6264891400"/>
    <nd ref="817088410"/>
    <tag k="cycleway:right" v="lane"/>
    <tag k="destination" v="Timog Avenue;Kamuning"/>
    <tag k="foot" v="no"/>
    <tag k="hgv" v="no"/>
    <tag k="highway" v="primary"/>
    <tag k="int_ref" v="AH26"/>
    <tag k="lanes" v="3"/>
    <tag k="lit" v="yes"/>
    <tag k="maxspeed" v="60"/>
    <tag k="maxspeed:bus" v="50"/>
    <tag k="maxspeed:hgv" v="50"/>
    <tag k="name" v="EDSA"/>
    <tag k="name:es" v="Avenida Epifanio de los Santos"/>
    <tag k="name:fil" v="Abenida Epifanio de los Santos"/>
    <tag k="name:tl" v="Abenida Epifanio de los Santos"/>
    <tag k="official_name" v="Epifanio de los Santos Avenue"/>
    <tag k="oneway" v="yes"/>
    <tag k="source:maxspeed" v="sign"/>
  </way>
  <way id="22696844">
    <nd ref="6622286349"/>
    <nd ref="5292825910"/>
    <tag k="foot" v="no"/>
    <tag k="hgv" v="no"/>
    <tag k="highway" v="trunk"/>
    <tag k="int_ref" v="AH26"/>
    <tag k="int_ref:colour" v="blue"/>
    <tag k="lanes" v="2"/>
    <tag k="maxspeed" v="60"/>
    <tag k="maxspeed:bus" v="50"/>
    <tag k="maxspeed:hgv" v="50"/>
    <tag k="name" v="EDSA"/>
    <tag k="name:es" v="Avenida Epifanio de los Santos"/>
    <tag k="name:fil" v="Abenida Epifanio de los Santos"/>
    <tag k="name:tl" v="Abenida Epifanio de los Santos"/>
    <tag k="note" v="value of ref &quot;1;AH26&quot; is just experimental upto April 2015 pending observation of effects on mobile Apps rendering (so far ok with mapnik)"/>
    <tag k="official_name" v="Epifanio de los Santos Avenue"/>
    <tag k="oneway" v="yes"/>
    <tag k="ref" v="1"/>
    <tag k="source:maxspeed" v="sign"/>
    <tag k="surface" v="asphalt"/>
  </way>
  <way id="22701056">
    <nd ref="243508493"/>
    <nd ref="964753388"/>
    <nd ref="5289002935"/>
    <tag k="bridge" v="viaduct"/>
    <tag k="foot" v="no"/>
    <tag k="hgv" v="no"/>
    <tag k="highway" v="trunk"/>
    <tag k="int_ref" v="AH26"/>
    <tag k="int_ref:colour" v="blue"/>
    <tag k="lanes" v="2"/>
    <tag k="layer" v="1"/>
    <tag k="lit" v="yes"/>
    <tag k="maxspeed" v="60"/>
    <tag k="maxspeed:bus" v="50"/>
    <tag k="maxspeed:hgv" v="50"/>
    <tag k="maxweight" v="20"/>
    <tag k="name" v="EDSA"/>
    <tag k="name:es" v="Avenida Epifanio de los Santos"/>
    <tag k="name:fil" v="Abenida Epifanio de los Santos"/>
    <tag k="name:tl" v="Abenida Epifanio de los Santos"/>
    <tag k="official_name" v="Epifanio de los Santos Avenue"/>
    <tag k="oneway" v="yes"/>
    <tag k="ref" v="1"/>
    <tag k="source:maxspeed" v="sign"/>
    <tag k="surface" v="asphalt"/>
  </way>
  <way id="22738846">
    <nd ref="25389523"/>
    <nd ref="138712174"/>
    <tag k="bicycle" v="use_sidepath"/>
    <tag k="fine:parking:lane:both" v="5,000 PHP"/>
    <tag k="hgv" v="no"/>
    <tag k="highway" v="secondary"/>
    <tag k="lanes" v="4"/>
    <tag k="lit" v="yes"/>
    <tag k="maxspeed" v="60"/>
    <tag k="maxspeed:bus" v="50"/>
    <tag k="maxspeed:hgv" v="50"/>
    <tag k="name" v="EDSA Extension"/>
    <tag k="name:es" v="Avenida Extensión Epifanio de los Santos"/>
    <tag k="name:fil" v="Karugtong ng Abenida Epifanio de los Santos"/>
    <tag k="name:tl" v="Karugtong ng Abenida Epifanio de los Santos"/>
    <tag k="oneway" v="yes"/>
    <tag k="parking:lane:both" v="no_stopping"/>
    <tag k="surface" v="asphalt"/>
  </way>
  <way id="22761597">
    <nd ref="24080291"/>
    <nd ref="313099445"/>
    <nd ref="11694635122"/>
    <nd ref="1107250621"/>
    <nd ref="25650633"/>
    <tag k="access:lanes" v="no|||"/>
    <tag k="bus:lanes" v="designated|||"/>
    <tag k="cycleway:right" v="lane"/>
    <tag k="foot" v="yes"/>
    <tag k="highway" v="trunk"/>
    <tag k="int_ref" v="AH26"/>
    <tag k="int_ref:colour" v="blue"/>
    <tag k="lanes" v="4"/>
    <tag k="lit" v="yes"/>
    <tag k="maxheight" v="4.27"/>
    <tag k="maxspeed" v="60"/>
    <tag k="maxspeed:bus" v="50"/>
    <tag k="maxspeed:hgv" v="50"/>
    <tag k="name" v="EDSA"/>
    <tag k="name:es" v="Avenida Epifanio de los Santos"/>
    <tag k="name:fil" v="Abenida Epifanio de los Santos"/>
    <tag k="name:tl" v="Abenida Epifanio de los Santos"/>
    <tag k="official_name" v="Epifanio de los Santos Avenue"/>
    <tag k="oneway" v="yes"/>
    <tag k="oneway:bicycle" v="yes"/>
    <tag k="operator" v="Metropolitan Manila Development Authority"/>
    <tag k="ref" v="1"/>
    <tag k="source:maxspeed" v="sign"/>
    <tag k="surface" v="asphalt"/>
  </way>
  <way id="22770630">
    <nd ref="7018806022"/>
    <nd ref="7018806023"/>
    <tag k="access:lanes" v="no|"/>
    <tag k="covered" v="yes"/>
    <tag k="designation" v="national_primary_road"/>
    <tag k="foot" v="use_sidepath"/>
    <tag k="hgv" v="no"/>
    <tag k="highway" v="trunk"/>
    <tag k="int_ref" v="AH26"/>
    <tag k="int_ref:colour" v="blue"/>
    <tag k="lanes" v="2"/>
    <tag k="lit" v="yes"/>
    <tag k="maxspeed" v="60"/>
    <tag k="maxspeed:bus" v="50"/>
    <tag k="maxspeed:hgv" v="50"/>
    <tag k="name" v="EDSA"/>
    <tag k="name:es" v="Avenida Epifanio de los Santos"/>
    <tag k="name:fil" v="Abenida Epifanio de los Santos"/>
    <tag k="name:tl" v="Abenida Epifanio de los Santos"/>
    <tag k="official_name" v="Epifanio de los Santos Avenue"/>
    <tag k="oneway" v="yes"/>
    <tag k="ref" v="1"/>
    <tag k="source:maxspeed" v="sign"/>
    <tag k="surface" v="asphalt"/>
    <tag k="tunnel" v="building_passage"/>
  </way>
  <way id="23952556">
    <nd ref="244452511"/>
    <nd ref="8688080464"/>
    <nd ref="5286836718"/>
    <tag k="alt_name" v="Magallanes Flyover"/>
    <tag k="destination:lanes" v="Taft Avenue;Roxas Blvd.|SLEX;Alabang|SLEX;Manila"/>
    <tag k="destination:symbol" v="airport"/>
    <tag k="foot" v="no"/>
    <tag k="hgv" v="no"/>
    <tag k="highway" v="trunk"/>
    <tag k="int_ref" v="AH26"/>
    <tag k="int_ref:colour" v="blue"/>
    <tag k="lanes" v="3"/>
    <tag k="lit" v="yes"/>
    <tag k="maxspeed" v="60"/>
    <tag k="maxspeed:bus" v="50"/>
    <tag k="maxspeed:hgv" v="50"/>
    <tag k="name" v="EDSA"/>
    <tag k="name:es" v="Avenida Epifanio de los Santos"/>
    <tag k="name:fil" v="Abenida Epifanio de los Santos"/>
    <tag k="name:tl" v="Abenida Epifanio de los Santos"/>
    <tag k="official_name" v="Epifanio de los Santos Avenue"/>
    <tag k="oneway" v="yes"/>
    <tag k="placement" v="middle_of:3"/>
    <tag k="ref" v="1"/>
    <tag k="source:maxspeed" v="sign"/>
    <tag k="surface" v="asphalt"/>
    <tag k="turn:lanes" v="through|slight_right|slight_right"/>
  </way>
  <way id="23952752">
    <nd ref="5291036077"/>
    <nd ref="5291036079"/>
    <nd ref="6627292719"/>
    <nd ref="6627292720"/>
    <tag k="destination:lanes" v="Ayala;Monumento|Ayala;Monumento|MANILA;Alabang|SLEX;Alabang"/>
    <tag k="foot" v="yes"/>
    <tag k="highway" v="trunk_link"/>
    <tag k="int_ref" v="AH26"/>
    <tag k="int_ref:colour" v="blue"/>
    <tag k="lanes" v="4"/>
    <tag k="lit" v="yes"/>
    <tag k="maxspeed" v="60"/>
    <tag k="maxspeed:bus" v="50"/>
    <tag k="maxspeed:hgv" v="50"/>
    <tag k="name" v="EDSA"/>
    <tag k="name:es" v="Avenida Epifanio de los Santos"/>
    <tag k="name:fil" v="Abenida Epifanio de los Santos"/>
    <tag k="name:tl" v="Abenida Epifanio de los Santos"/>
    <tag k="official_name" v="Epifanio de los Santos Avenue"/>
    <tag k="oneway" v="yes"/>
    <tag k="ref" v="1"/>
    <tag k="sidewalk:right" v="separate"/>
    <tag k="source:maxspeed" v="sign"/>
    <tag k="surface" v="asphalt"/>
    <tag k="turn:lanes" v="slight_left|slight_left|slight_right|slight_right"/>
  </way>
  <way id="24531458">
    <nd ref="1987893050"/>
    <nd ref="1987893049"/>
    <nd ref="3775223375"/>
    <tag k="foot" v="no"/>
    <tag k="hgv" v="no"/>
    <tag k="highway" v="trunk"/>
    <tag k="int_ref" v="AH26"/>
    <tag k="lanes" v="3"/>
    <tag k="lit" v="yes"/>
    <tag k="maxspeed" v="60"/>
    <tag k="maxspeed:bus" v="50"/>
    <tag k="maxspeed:hgv" v="50"/>
    <tag k="name" v="EDSA"/>
    <tag k="name:es" v="Avenida Epifanio de los Santos"/>
    <tag k="name:fil" v="Abenida Epifanio de los Santos"/>
    <tag k="name:tl" v="Abenida Epifanio de los Santos"/>
    <tag k="official_name" v="Epifanio de los Santos Avenue"/>
    <tag k="oneway" v="yes"/>
    <tag k="ref" v="1"/>
    <tag k="source:maxspeed" v="sign"/>
    <tag k="surface" v="asphalt"/>
  </way>
  <way id="26131624">
    <nd ref="312264218"/>
    <nd ref="5383119711"/>
    <tag k="designation" v="national_primary_road"/>
    <tag k="hgv" v="no"/>
    <tag k="highway" v="primary"/>
    <tag k="int_ref" v="AH26"/>
    <tag k="int_ref:colour" v="blue"/>
    <tag k="lanes" v="4"/>
    <tag k="lit" v="yes"/>
    <tag k="maxspeed" v="60"/>
    <tag k="maxspeed:bus" v="50"/>
    <tag k="maxspeed:hgv" v="50"/>
    <tag k="name" v="EDSA"/>
    <tag k="name:es" v="Avenida Epifanio de los Santos"/>
    <tag k="name:fil" v="Abenida Epifanio de los Santos"/>
    <tag k="name:tl" v="Abenida Epifanio de los Santos"/>
    <tag k="official_name" v="Epifanio de los Santos Avenue"/>
    <tag k="oneway" v="yes"/>
    <tag k="ref" v="1"/>
    <tag k="sidewalk" v="separate"/>
    <tag k="source:maxspeed" v="sign"/>
    <tag k="surface" v="concrete"/>
  </way>
  <way id="26131673">
    <nd ref="295525883"/>
    <nd ref="9883466506"/>
    <tag k="hgv" v="no"/>
    <tag k="highway" v="primary"/>
    <tag k="int_ref" v="AH26"/>
    <tag k="int_ref:colour" v="blue"/>
    <tag k="lanes" v="3"/>
    <tag k="lit" v="yes"/>
    <tag k="maxspeed" v="60"/>
    <tag k="maxspeed:bus" v="50"/>
    <tag k="maxspeed:hgv" v="50"/>
    <tag k="name" v="EDSA"/>
    <tag k="name:es" v="Avenida Epifanio de los Santos"/>
    <tag k="name:fil" v="Abenida Epifanio de los Santos"/>
    <tag k="name:tl" v="Abenida Epifanio de los Santos"/>
    <tag k="official_name" v="Epifanio de los Santos Avenue"/>
    <tag k="oneway" v="yes"/>
    <tag k="ref" v="1"/>
    <tag k="sidewalk" v="separate"/>
    <tag k="source:maxspeed" v="sign"/>
    <tag k="surface" v="concrete"/>
  </way>
  <way id="27443154">
    <nd ref="338400276"/>
    <nd ref="3308928598"/>
    <nd ref="5291036089"/>
    <nd ref="5291043852"/>
    <nd ref="259654650"/>
    <nd ref="5291036087"/>
    <nd ref="5291036088"/>
    <nd ref="32168953"/>
    <nd ref="5291036086"/>
    <nd ref="1381245402"/>
    <nd ref="259654651"/>
    <tag k="access:lanes" v="no|"/>
    <tag k="bridge" v="yes"/>
    <tag k="designation" v="national_primary_road"/>
    <tag k="foot" v="use_sidepath"/>
    <tag k="hgv" v="no"/>
    <tag k="highway" v="trunk"/>
    <tag k="int_ref" v="AH26"/>
    <tag k="int_ref:colour" v="blue"/>
    <tag k="lanes" v="2"/>
    <tag k="layer" v="2"/>
    <tag k="lit" v="yes"/>
    <tag k="maxspeed" v="60"/>
    <tag k="maxspeed:bus" v="50"/>
    <tag k="maxspeed:hgv" v="50"/>
    <tag k="name" v="EDSA"/>
    <tag k="name:es" v="Avenida Epifanio de los Santos"/>
    <tag k="name:fil" v="Abenida Epifanio de los Santos"/>
    <tag k="name:tl" v="Abenida Epifanio de los Santos"/>
    <tag k="official_name" v="Epifanio de los Santos Avenue"/>
    <tag k="oneway" v="yes"/>
    <tag k="ref" v="1"/>
    <tag k="source:maxspeed" v="sign"/>
    <tag k="surface" v="asphalt"/>
  </way>
  <way id="27443174">
    <nd ref="259654651"/>
    <nd ref="12067356"/>
    <nd ref="5291036085"/>
    <nd ref="243433824"/>
    <nd ref="32169081"/>
    <tag k="designation" v="national_primary_road"/>
    <tag k="foot" v="no"/>
    <tag k="highway" v="trunk"/>
    <tag k="int_ref" v="AH26"/>
    <tag k="int_ref:colour" v="blue"/>
    <tag k="lanes" v="2"/>
    <tag k="lit" v="yes"/>
    <tag k="maxspeed" v="60"/>
    <tag k="maxspeed:bus" v="50"/>
    <tag k="maxspeed:hgv" v="50"/>
    <tag k="name" v="EDSA"/>
    <tag k="name:es" v="Avenida Epifanio de los Santos"/>
    <tag k="name:fil" v="Abenida Epifanio de los Santos"/>
    <tag k="name:tl" v="Abenida Epifanio de los Santos"/>
    <tag k="official_name" v="Epifanio de los Santos Avenue"/>
    <tag k="oneway" v="yes"/>
    <tag k="ref" v="1"/>
    <tag k="source:maxspeed" v="sign"/>
  </way>
  <way id="28423040">
    <nd ref="9875360913"/>
    <nd ref="962951230"/>
    <nd ref="962951247"/>
    <nd ref="1075205320"/>
    <tag k="cycleway:right" v="lane"/>
    <tag k="foot" v="yes"/>
    <tag k="hgv" v="no"/>
    <tag k="highway" v="trunk"/>
    <tag k="int_ref" v="AH26"/>
    <tag k="int_ref:colour" v="blue"/>
    <tag k="lanes" v="3"/>
    <tag k="lit" v="yes"/>
    <tag k="maxspeed" v="60"/>
    <tag k="maxspeed:bus" v="50"/>
    <tag k="maxspeed:hgv" v="50"/>
    <tag k="name" v="EDSA"/>
    <tag k="name:es" v="Avenida Epifanio de los Santos"/>
    <tag k="name:fil" v="Abenida Epifanio de los Santos"/>
    <tag k="name:tl" v="Abenida Epifanio de los Santos"/>
    <tag k="official_name" v="Epifanio de los Santos Avenue"/>
    <tag k="oneway" v="yes"/>
    <tag k="oneway:bicycle" v="yes"/>
    <tag k="ref" v="1"/>
    <tag k="source:maxspeed" v="sign"/>
  </way>
  <way id="28423043">
    <nd ref="462069122"/>
    <nd ref="5378010142"/>
    <nd ref="24081632"/>
    <nd ref="5284226034"/>
    <tag k="bridge" v="viaduct"/>
    <tag k="bridge:name" v="Timog/Kamuning Flyover"/>
    <tag k="foot" v="no"/>
    <tag k="hgv" v="no"/>
    <tag k="highway" v="trunk"/>
    <tag k="int_ref" v="AH26"/>
    <tag k="int_ref:colour" v="blue"/>
    <tag k="lanes" v="2"/>
    <tag k="layer" v="1"/>
    <tag k="lit" v="yes"/>
    <tag k="maxspeed" v="60"/>
    <tag k="maxspeed:bus" v="50"/>
    <tag k="maxspeed:hgv" v="50"/>
    <tag k="name" v="EDSA"/>
    <tag k="name:es" v="Avenida Epifanio de los Santos"/>
    <tag k="name:fil" v="Abenida Epifanio de los Santos"/>
    <tag k="name:tl" v="Abenida Epifanio de los Santos"/>
    <tag k="note" v="value of ref &quot;1;AH26&quot; is just experimental upto April 2015 pending observation of effects on mobile Apps rendering (so far ok with mapnik)"/>
    <tag k="official_name" v="Epifanio de los Santos Avenue"/>
    <tag k="oneway" v="yes"/>
    <tag k="ref" v="1"/>
    <tag k="source:maxspeed" v="sign"/>
    <tag k="surface" v="asphalt"/>
  </way>
  <way id="28538743">
    <nd ref="313872467"/>
    <nd ref="7599203614"/>
    <nd ref="7599203615"/>
    <tag k="bicycle" v="no"/>
    <tag k="bus" v="no"/>
    <tag k="hazmat" v="no"/>
    <tag k="hgv" v="no"/>
    <tag k="highway" v="trunk"/>
    <tag k="int_ref" v="AH26"/>
    <tag k="lanes" v="1"/>
    <tag k="lit" v="yes"/>
    <tag k="maxspeed" v="60"/>
    <tag k="maxspeed:bus" v="50"/>
    <tag k="maxspeed:hgv" v="50"/>
    <tag k="name" v="EDSA"/>
    <tag k="name:es" v="Avenida Epifanio de los Santos"/>
    <tag k="name:fil" v="Abenida Epifanio de los Santos"/>
    <tag k="name:tl" v="Abenida Epifanio de los Santos"/>
    <tag k="official_name" v="Epifanio de los Santos Avenue"/>
    <tag k="oneway" v="yes"/>
    <tag k="ref" v="1"/>
    <tag k="source:maxspeed" v="sign"/>
    <tag k="surface" v="asphalt"/>
    <tag k="width" v="3"/>
  </way>
  <way id="28573721">
    <nd ref="225266123"/>
    <nd ref="313870473"/>
    <nd ref="1021545469"/>
    <nd ref="313925521"/>
    <nd ref="5291010328"/>
    <nd ref="313870590"/>
    <tag k="designation" v="national_primary_road"/>
    <tag k="destination:lanes" v="Ayala;Makati|Fort Bonifacio"/>
    <tag k="foot" v="use_sidepath"/>
    <tag k="highway" v="primary"/>
    <tag k="int_ref" v="AH26"/>
    <tag k="lanes" v="2"/>
    <tag k="lit" v="yes"/>
    <tag k="maxspeed" v="60"/>
    <tag k="maxspeed:bus" v="50"/>
    <tag k="maxspeed:hgv" v="50"/>
    <tag k="name" v="EDSA"/>
    <tag k="name:es" v="Avenida Epifanio de los Santos"/>
    <tag k="name:fil" v="Abenida Epifanio de los Santos"/>
    <tag k="name:tl" v="Abenida Epifanio de los Santos"/>
    <tag k="official_name" v="Epifanio de los Santos Avenue"/>
    <tag k="oneway" v="yes"/>
    <tag k="ref" v="1"/>
    <tag k="sidewalk" v="separate"/>
    <tag k="source:maxspeed" v="sign"/>
    <tag k="surface" v="asphalt"/>
  </way>
  <way id="28580254">
    <nd ref="313926600"/>
    <nd ref="3775184578"/>
    <tag k="bus:lanes" v="no|designated|yes"/>
    <tag k="cycleway:lane" v="advisory"/>
    <tag k="cycleway:right" v="lane"/>
    <tag k="foot" v="yes"/>
    <tag k="highway" v="primary"/>
    <tag k="int_ref" v="AH26"/>
    <tag k="int_ref:colour" v="blue"/>
    <tag k="lanes" v="3"/>
    <tag k="lit" v="yes"/>
    <tag k="maxspeed" v="60"/>
    <tag k="maxspeed:bus" v="50"/>
    <tag k="maxspeed:hgv" v="50"/>
    <tag k="name" v="EDSA"/>
    <tag k="name:es" v="Avenida Epifanio de los Santos"/>
    <tag k="name:fil" v="Abenida Epifanio de los Santos"/>
    <tag k="name:tl" v="Abenida Epifanio de los Santos"/>
    <tag k="note" v="value of ref &quot;1;AH26&quot; is just experimental upto April 2015 pending observation of effects on mobile Apps rendering (so far ok with mapnik)"/>
    <tag k="official_name" v="Epifanio de los Santos Avenue"/>
    <tag k="oneway" v="yes"/>
    <tag k="ref" v="1"/>
    <tag k="source:maxspeed" v="sign"/>
    <tag k="surface" v="asphalt"/>
    <tag k="turn:lanes" v="through|through|right"/>
  </way>
  <way id="28580307">
    <nd ref="313926478"/>
    <nd ref="6622633484"/>
    <nd ref="3775223385"/>
    <tag k="designation" v="national_primary_road"/>
    <tag k="foot" v="no"/>
    <tag k="hgv" v="no"/>
    <tag k="highway" v="trunk"/>
    <tag k="int_ref" v="AH26"/>
    <tag k="lanes" v="3"/>
    <tag k="layer" v="-1"/>
    <tag k="lit" v="yes"/>
    <tag k="maxheight:signed" v="no"/>
    <tag k="maxspeed" v="60"/>
    <tag k="maxspeed:bus" v="50"/>
    <tag k="maxspeed:hgv" v="50"/>
    <tag k="name" v="EDSA"/>
    <tag k="name:es" v="Avenida Epifanio de los Santos"/>
    <tag k="name:fil" v="Abenida Epifanio de los Santos"/>
    <tag k="name:tl" v="Abenida Epifanio de los Santos"/>
    <tag k="official_name" v="Epifanio de los Santos Avenue"/>
    <tag k="oneway" v="yes"/>
    <tag k="ref" v="1"/>
    <tag k="source:maxspeed" v="sign"/>
    <tag k="surface" v="asphalt"/>
    <tag k="tunnel" v="yes"/>
  </way>
  <way id="29213181">
    <nd ref="7599203615"/>
    <nd ref="12535175313"/>
    <nd ref="225197616"/>
    <tag k="bicycle" v="no"/>
    <tag k="bus" v="no"/>
    <tag k="hazmat" v="no"/>
    <tag k="hgv" v="no"/>
    <tag k="highway" v="trunk"/>
    <tag k="int_ref" v="AH26"/>
    <tag k="lanes" v="1"/>
    <tag k="lit" v="yes"/>
    <tag k="maxspeed" v="60"/>
    <tag k="maxspeed:bus" v="50"/>
    <tag k="maxspeed:hgv" v="50"/>
    <tag k="name" v="EDSA"/>
    <tag k="name:es" v="Avenida Epifanio de los Santos"/>
    <tag k="name:fil" v="Abenida Epifanio de los Santos"/>
    <tag k="name:tl" v="Abenida Epifanio de los Santos"/>
    <tag k="official_name" v="Epifanio de los Santos Avenue"/>
    <tag k="oneway" v="yes"/>
    <tag k="ref" v="1"/>
    <tag k="source:maxspeed" v="sign"/>
    <tag k="surface" v="asphalt"/>
    <tag k="width" v="3"/>
  </way>
  <way id="29234814">
    <nd ref="92293959"/>
    <nd ref="321553333"/>
    <tag k="bicycle" v="no"/>
    <tag k="foot" v="no"/>
    <tag k="hgv" v="no"/>
    <tag k="highway" v="trunk"/>
    <tag k="int_ref" v="AH26"/>
    <tag k="int_ref:colour" v="blue"/>
    <tag k="lanes" v="2"/>
    <tag k="lit" v="yes"/>
    <tag k="maxspeed" v="60"/>
    <tag k="maxspeed:bus" v="50"/>
    <tag k="maxspeed:hgv" v="50"/>
    <tag k="name" v="EDSA"/>
    <tag k="name:es" v="Avenida Epifanio de los Santos"/>
    <tag k="name:fil" v="Abenida Epifanio de los Santos"/>
    <tag k="name:tl" v="Abenida Epifanio de los Santos"/>
    <tag k="note" v="value of ref &quot;1;AH26&quot; is just experimental upto April 2015 pending observation of effects on mobile Apps rendering (so far ok with mapnik)"/>
    <tag k="official_name" v="Epifanio de los Santos Avenue"/>
    <tag k="oneway" v="yes"/>
    <tag k="ref" v="1"/>
    <tag k="source:maxspeed" v="sign"/>
    <tag k="surface" v="concrete"/>
  </way>
  <way id="29234819">
    <nd ref="321552827"/>
    <nd ref="87632972"/>
    <tag k="bicycle" v="no"/>
    <tag k="bridge" v="viaduct"/>
    <tag k="bridge:name" v="Ortigas Flyover"/>
    <tag k="foot" v="no"/>
    <tag k="hgv" v="no"/>
    <tag k="highway" v="trunk"/>
    <tag k="int_ref" v="AH26"/>
    <tag k="int_ref:colour" v="blue"/>
    <tag k="lanes" v="2"/>
    <tag k="layer" v="2"/>
    <tag k="lit" v="yes"/>
    <tag k="maxspeed" v="60"/>
    <tag k="maxspeed:bus" v="50"/>
    <tag k="maxspeed:hgv" v="50"/>
    <tag k="name" v="EDSA"/>
    <tag k="name:es" v="Avenida Epifanio de los Santos"/>
    <tag k="name:fil" v="Abenida Epifanio de los Santos"/>
    <tag k="name:tl" v="Abenida Epifanio de los Santos"/>
    <tag k="note" v="value of ref &quot;1;AH26&quot; is just experimental upto April 2015 pending observation of effects on mobile Apps rendering (so far ok with mapnik)"/>
    <tag k="official_name" v="Epifanio de los Santos Avenue"/>
    <tag k="oneway" v="yes"/>
    <tag k="ref" v="1"/>
    <tag k="source:maxspeed" v="sign"/>
    <tag k="surface" v="concrete"/>
  </way>
  <way id="29234953">
    <nd ref="243508481"/>
    <nd ref="313463498"/>
    <tag k="cycleway:lane" v="advisory"/>
    <tag k="cycleway:right" v="lane"/>
    <tag k="cycleway:separation:left" v="solid_line"/>
    <tag k="foot" v="no"/>
    <tag k="hgv" v="no"/>
    <tag k="highway" v="trunk"/>
    <tag k="int_ref" v="AH26"/>
    <tag k="int_ref:colour" v="blue"/>
    <tag k="lanes" v="4"/>
    <tag k="lit" v="yes"/>
    <tag k="maxspeed" v="60"/>
    <tag k="maxspeed:bus" v="50"/>
    <tag k="maxspeed:hgv" v="50"/>
    <tag k="name" v="EDSA"/>
    <tag k="name:es" v="Avenida Epifanio de los Santos"/>
    <tag k="name:fil" v="Abenida Epifanio de los Santos"/>
    <tag k="name:tl" v="Abenida Epifanio de los Santos"/>
    <tag k="official_name" v="Epifanio de los Santos Avenue"/>
    <tag k="oneway" v="yes"/>
    <tag k="ref" v="1"/>
    <tag k="source:maxspeed" v="sign"/>
  </way>
  <way id="29256184">
    <nd ref="5286755065"/>
    <nd ref="5286755066"/>
    <nd ref="2331992411"/>
    <nd ref="5286755063"/>
    <nd ref="2331992409"/>
    <nd ref="414557227"/>
    <nd ref="321744985"/>
    <tag k="destination" v="EDSA;Guadalupe;Ayala"/>
    <tag k="foot" v="no"/>
    <tag k="hazmat" v="no"/>
    <tag k="hgv" v="no"/>
    <tag k="highway" v="trunk"/>
    <tag k="int_ref" v="AH26"/>
    <tag k="int_ref:colour" v="blue"/>
    <tag k="lanes" v="2"/>
    <tag k="layer" v="-1"/>
    <tag k="lit" v="yes"/>
    <tag k="maxspeed" v="60"/>
    <tag k="maxspeed:bus" v="50"/>
    <tag k="maxspeed:hgv" v="50"/>
    <tag k="name" v="EDSA"/>
    <tag k="name:es" v="Avenida Epifanio de los Santos"/>
    <tag k="name:fil" v="Abenida Epifanio de los Santos"/>
    <tag k="name:tl" v="Abenida Epifanio de los Santos"/>
    <tag k="official_name" v="Epifanio de los Santos Avenue"/>
    <tag k="oneway" v="yes"/>
    <tag k="ref" v="1"/>
    <tag k="source" v="Yahoo"/>
    <tag k="source:maxspeed" v="sign"/>
    <tag k="surface" v="asphalt"/>
    <tag k="tunnel" v="yes"/>
    <tag k="tunnel:name" v="Shaw Tunnel"/>
  </way>
  <way id="30011467">
    <nd ref="7640063314"/>
    <nd ref="679547546"/>
    <tag k="covered" v="yes"/>
    <tag k="foot" v="no"/>
    <tag k="hgv" v="no"/>
    <tag k="highway" v="trunk"/>
    <tag k="int_ref" v="AH26"/>
    <tag k="int_ref:colour" v="blue"/>
    <tag k="lanes" v="2"/>
    <tag k="layer" v="-1"/>
    <tag k="lit" v="yes"/>
    <tag k="maxspeed" v="60"/>
    <tag k="maxspeed:bus" v="50"/>
    <tag k="maxspeed:hgv" v="50"/>
    <tag k="name" v="EDSA"/>
    <tag k="name:es" v="Avenida Epifanio de los Santos"/>
    <tag k="name:fil" v="Abenida Epifanio de los Santos"/>
    <tag k="name:tl" v="Abenida Epifanio de los Santos"/>
    <tag k="official_name" v="Epifanio de los Santos Avenue"/>
    <tag k="oneway" v="yes"/>
    <tag k="ref" v="1"/>
    <tag k="source:maxspeed" v="sign"/>
    <tag k="surface" v="asphalt"/>
    <tag k="tunnel" v="yes"/>
    <tag k="tunnel:name" v="EDSA-Cubao Underpass"/>
  </way>
  <way id="30262638">
    <nd ref="333524086"/>
    <nd ref="7640063315"/>
    <tag k="foot" v="no"/>
    <tag k="hgv" v="no"/>
    <tag k="highway" v="trunk"/>
    <tag k="int_ref" v="AH26"/>
    <tag k="int_ref:colour" v="blue"/>
    <tag k="lanes" v="2"/>
    <tag k="layer" v="-1"/>
    <tag k="lit" v="yes"/>
    <tag k="maxspeed" v="60"/>
    <tag k="maxspeed:bus" v="50"/>
    <tag k="maxspeed:hgv" v="50"/>
    <tag k="name" v="EDSA"/>
    <tag k="name:es" v="Avenida Epifanio de los Santos"/>
    <tag k="name:fil" v="Abenida Epifanio de los Santos"/>
    <tag k="name:tl" v="Abenida Epifanio de los Santos"/>
    <tag k="official_name" v="Epifanio de los Santos Avenue"/>
    <tag k="oneway" v="yes"/>
    <tag k="ref" v="1"/>
    <tag k="source:maxspeed" v="sign"/>
    <tag k="tunnel" v="yes"/>
    <tag k="tunnel:name" v="EDSA-P. Tuazon Underpass"/>
  </way>
  <way id="30262649">
    <nd ref="7640063316"/>
    <nd ref="333524277"/>
    <tag k="foot" v="no"/>
    <tag k="hgv" v="no"/>
    <tag k="highway" v="trunk"/>
    <tag k="int_ref" v="AH26"/>
    <tag k="int_ref:colour" v="blue"/>
    <tag k="lanes" v="2"/>
    <tag k="layer" v="-1"/>
    <tag k="lit" v="yes"/>
    <tag k="maxspeed" v="60"/>
    <tag k="maxspeed:bus" v="50"/>
    <tag k="maxspeed:hgv" v="50"/>
    <tag k="name" v="EDSA"/>
    <tag k="name:es" v="Avenida Epifanio de los Santos"/>
    <tag k="name:fil" v="Abenida Epifanio de los Santos"/>
    <tag k="name:tl" v="Abenida Epifanio de los Santos"/>
    <tag k="official_name" v="Epifanio de los Santos Avenue"/>
    <tag k="oneway" v="yes"/>
    <tag k="ref" v="1"/>
    <tag k="source:maxspeed" v="sign"/>
    <tag k="surface" v="asphalt"/>
    <tag k="tunnel" v="yes"/>
    <tag k="tunnel:name" v="EDSA-P. Tuazon Underpass"/>
  </way>
  <way id="31090926">
    <nd ref="6627292720"/>
    <nd ref="7119315789"/>
    <nd ref="345516354"/>
    <tag k="destination" v="Ayala;Monumento"/>
    <tag k="foot" v="no"/>
    <tag k="highway" v="trunk_link"/>
    <tag k="int_ref" v="AH26"/>
    <tag k="int_ref:colour" v="blue"/>
    <tag k="lanes" v="2"/>
    <tag k="lit" v="yes"/>
    <tag k="maxspeed" v="60"/>
    <tag k="maxspeed:bus" v="50"/>
    <tag k="maxspeed:hgv" v="50"/>
    <tag k="name" v="EDSA"/>
    <tag k="name:es" v="Avenida Epifanio de los Santos"/>
    <tag k="name:fil" v="Abenida Epifanio de los Santos"/>
    <tag k="name:tl" v="Abenida Epifanio de los Santos"/>
    <tag k="official_name" v="Epifanio de los Santos Avenue"/>
    <tag k="oneway" v="yes"/>
    <tag k="ref" v="1"/>
    <tag k="source:maxspeed" v="sign"/>
  </way>
  <way id="31090928">
    <nd ref="345516354"/>
    <nd ref="345516355"/>
    <nd ref="3308928592"/>
    <nd ref="5291036074"/>
    <nd ref="345516356"/>
    <nd ref="3309552985"/>
    <nd ref="345516366"/>
    <tag k="bridge" v="yes"/>
    <tag k="foot" v="use_sidepath"/>
    <tag k="highway" v="trunk_link"/>
    <tag k="int_ref" v="AH26"/>
    <tag k="int_ref:colour" v="blue"/>
    <tag k="lanes" v="2"/>
    <tag k="layer" v="2"/>
    <tag k="lit" v="yes"/>
    <tag k="maxheight:signed" v="no"/>
    <tag k="maxspeed" v="60"/>
    <tag k="maxspeed:bus" v="50"/>
    <tag k="maxspeed:hgv" v="50"/>
    <tag k="name" v="EDSA"/>
    <tag k="name:es" v="Avenida Epifanio de los Santos"/>
    <tag k="name:fil" v="Abenida Epifanio de los Santos"/>
    <tag k="name:tl" v="Abenida Epifanio de los Santos"/>
    <tag k="official_name" v="Epifanio de los Santos Avenue"/>
    <tag k="oneway" v="yes"/>
    <tag k="ref" v="1"/>
    <tag k="source:maxspeed" v="sign"/>
    <tag k="surface" v="asphalt"/>
  </way>
  <way id="31090929">
    <nd ref="24079369"/>
    <nd ref="5291036075"/>
    <nd ref="5291043854"/>
    <nd ref="3308928595"/>
    <nd ref="32168211"/>
    <tag k="access:lanes" v="no|"/>
    <tag k="bridge" v="yes"/>
    <tag k="designation" v="national_primary_road"/>
    <tag k="destination:lanes" v="Balintawak;Monumento|Cubao;NLEX"/>
    <tag k="foot" v="use_sidepath"/>
    <tag k="hgv" v="no"/>
    <tag k="highway" v="trunk"/>
    <tag k="int_ref" v="AH26"/>
    <tag k="int_ref:colour" v="blue"/>
    <tag k="lanes" v="2"/>
    <tag k="layer" v="2"/>
    <tag k="lit" v="yes"/>
    <tag k="maxspeed" v="60"/>
    <tag k="maxspeed:bus" v="50"/>
    <tag k="maxspeed:hgv" v="50"/>
    <tag k="name" v="EDSA"/>
    <tag k="name:es" v="Avenida Epifanio de los Santos"/>
    <tag k="name:fil" v="Abenida Epifanio de los Santos"/>
    <tag k="name:tl" v="Abenida Epifanio de los Santos"/>
    <tag k="official_name" v="Epifanio de los Santos Avenue"/>
    <tag k="oneway" v="yes"/>
    <tag k="ref" v="1"/>
    <tag k="source:maxspeed" v="sign"/>
    <tag k="surface" v="asphalt"/>
  </way>
  <way id="31097019">
    <nd ref="345573100"/>
    <nd ref="345573099"/>
    <tag k="bridge" v="viaduct"/>
    <tag k="bridge:name" v="Santolan Flyover"/>
    <tag k="destination:street" v="EDSA Southbound"/>
    <tag k="foot" v="no"/>
    <tag k="highway" v="trunk"/>
    <tag k="int_ref" v="AH26"/>
    <tag k="int_ref:colour" v="blue"/>
    <tag k="lanes" v="2"/>
    <tag k="layer" v="1"/>
    <tag k="lit" v="yes"/>
    <tag k="maxspeed" v="60"/>
    <tag k="maxspeed:bus" v="50"/>
    <tag k="maxspeed:hgv" v="50"/>
    <tag k="name" v="EDSA"/>
    <tag k="name:es" v="Avenida Epifanio de los Santos"/>
    <tag k="name:fil" v="Abenida Epifanio de los Santos"/>
    <tag k="name:tl" v="Abenida Epifanio de los Santos"/>
    <tag k="official_name" v="Epifanio de los Santos Avenue"/>
    <tag k="oneway" v="yes"/>
    <tag k="ref" v="1"/>
    <tag k="source:maxspeed" v="sign"/>
  </way>
  <way id="31097050">
    <nd ref="345573381"/>
    <nd ref="345573458"/>
    <tag k="bridge" v="viaduct"/>
    <tag k="bridge:name" v="Santolan Flyover"/>
    <tag k="foot" v="no"/>
    <tag k="highway" v="trunk"/>
    <tag k="int_ref" v="AH26"/>
    <tag k="int_ref:colour" v="blue"/>
    <tag k="lanes" v="2"/>
    <tag k="layer" v="1"/>
    <tag k="lit" v="yes"/>
    <tag k="maxspeed" v="60"/>
    <tag k="maxspeed:bus" v="50"/>
    <tag k="maxspeed:hgv" v="50"/>
    <tag k="name" v="EDSA"/>
    <tag k="name:es" v="Avenida Epifanio de los Santos"/>
    <tag k="name:fil" v="Abenida Epifanio de los Santos"/>
    <tag k="name:tl" v="Abenida Epifanio de los Santos"/>
    <tag k="official_name" v="Epifanio de los Santos Avenue"/>
    <tag k="oneway" v="yes"/>
    <tag k="ref" v="1"/>
    <tag k="source:maxspeed" v="sign"/>
  </way>
  <way id="34234562">
    <nd ref="334104112"/>
    <nd ref="8386217629"/>
    <nd ref="334108288"/>
    <tag k="foot" v="no"/>
    <tag k="highway" v="primary"/>
    <tag k="lanes" v="2"/>
    <tag k="lit" v="yes"/>
    <tag k="maxspeed" v="60"/>
    <tag k="name" v="EDSA-Shaw Flyover"/>
    <tag k="name:etymology" v="William James Shaw"/>
    <tag k="name:etymology:wikidata" v="Q27491535"/>
    <tag k="oneway" v="yes"/>
    <tag k="ref" v="141"/>
    <tag k="source:maxspeed" v="MMDA"/>
    <tag k="surface" v="asphalt"/>
  </way>
  <way id="42132858">
    <nd ref="78041112"/>
    <nd ref="8186551752"/>
    <nd ref="973541489"/>
    <tag k="foot" v="no"/>
    <tag k="hgv" v="no"/>
    <tag k="highway" v="trunk"/>
    <tag k="int_ref" v="AH26"/>
    <tag k="int_ref:colour" v="blue"/>
    <tag k="lanes" v="2"/>
    <tag k="lit" v="yes"/>
    <tag k="maxspeed" v="60"/>
    <tag k="maxspeed:bus" v="50"/>
    <tag k="maxspeed:hgv" v="50"/>
    <tag k="name" v="EDSA"/>
    <tag k="name:es" v="Avenida Epifanio de los Santos"/>
    <tag k="name:fil" v="Abenida Epifanio de los Santos"/>
    <tag k="name:tl" v="Abenida Epifanio de los Santos"/>
    <tag k="official_name" v="Epifanio de los Santos Avenue"/>
    <tag k="oneway" v="yes"/>
    <tag k="ref" v="1"/>
    <tag k="source:maxspeed" v="sign"/>
  </way>
  <way id="42132865">
    <nd ref="523960191"/>
    <nd ref="2370264844"/>
    <tag k="cycleway:right" v="lane"/>
    <tag k="designation" v="national_primary_road"/>
    <tag k="hgv" v="no"/>
    <tag k="highway" v="primary"/>
    <tag k="int_ref" v="AH26"/>
    <tag k="lanes" v="2"/>
    <tag k="lit" v="yes"/>
    <tag k="maxspeed" v="60"/>
    <tag k="maxspeed:bus" v="50"/>
    <tag k="maxspeed:hgv" v="50"/>
    <tag k="name" v="EDSA"/>
    <tag k="name:es" v="Avenida Epifanio de los Santos"/>
    <tag k="name:fil" v="Abenida Epifanio de los Santos"/>
    <tag k="name:tl" v="Abenida Epifanio de los Santos"/>
    <tag k="official_name" v="Epifanio de los Santos Avenue"/>
    <tag k="oneway" v="yes"/>
    <tag k="ref" v="1"/>
    <tag k="source:maxspeed" v="sign"/>
  </way>
  <way id="42133122">
    <nd ref="973558871"/>
    <nd ref="333524086"/>
    <tag k="destination:street" v="EDSA Southbound"/>
    <tag k="foot" v="no"/>
    <tag k="hgv" v="no"/>
    <tag k="highway" v="trunk"/>
    <tag k="int_ref" v="AH26"/>
    <tag k="int_ref:colour" v="blue"/>
    <tag k="lanes" v="2"/>
    <tag k="lit" v="yes"/>
    <tag k="maxspeed" v="60"/>
    <tag k="maxspeed:bus" v="50"/>
    <tag k="maxspeed:hgv" v="50"/>
    <tag k="name" v="EDSA"/>
    <tag k="name:es" v="Avenida Epifanio de los Santos"/>
    <tag k="name:fil" v="Abenida Epifanio de los Santos"/>
    <tag k="name:tl" v="Abenida Epifanio de los Santos"/>
    <tag k="official_name" v="Epifanio de los Santos Avenue"/>
    <tag k="oneway" v="yes"/>
    <tag k="ref" v="1"/>
    <tag k="sidewalk:left" v="yes"/>
    <tag k="source:maxspeed" v="sign"/>
  </way>
  <way id="45016497">
    <nd ref="313870474"/>
    <nd ref="570699089"/>
    <nd ref="24077626"/>
    <tag k="foot" v="no"/>
    <tag k="hgv" v="no"/>
    <tag k="highway" v="trunk"/>
    <tag k="int_ref" v="AH26"/>
    <tag k="int_ref:colour" v="blue"/>
    <tag k="lanes" v="2"/>
    <tag k="lit" v="yes"/>
    <tag k="maxspeed" v="60"/>
    <tag k="maxspeed:bus" v="50"/>
    <tag k="maxspeed:hgv" v="50"/>
    <tag k="name" v="EDSA"/>
    <tag k="name:es" v="Avenida Epifanio de los Santos"/>
    <tag k="name:fil" v="Abenida Epifanio de los Santos"/>
    <tag k="name:tl" v="Abenida Epifanio de los Santos"/>
    <tag k="official_name" v="Epifanio de los Santos Avenue"/>
    <tag k="oneway" v="yes"/>
    <tag k="ref" v="1"/>
    <tag k="source:maxspeed" v="sign"/>
    <tag k="surface" v="asphalt"/>
  </way>
  <way id="48628450">
    <nd ref="617556533"/>
    <nd ref="7797754063"/>
    <tag k="bicycle" v="no"/>
    <tag k="bridge" v="viaduct"/>
    <tag k="foot" v="no"/>
    <tag k="highway" v="trunk"/>
    <tag k="int_ref" v="AH26"/>
    <tag k="lanes" v="2"/>
    <tag k="layer" v="1"/>
    <tag k="lit" v="yes"/>
    <tag k="maxspeed" v="60"/>
    <tag k="maxspeed:bus" v="50"/>
    <tag k="maxspeed:hgv" v="50"/>
    <tag k="name" v="EDSA"/>
    <tag k="name:es" v="Avenida Epifanio de los Santos"/>
    <tag k="name:fil" v="Abenida Epifanio de los Santos"/>
    <tag k="name:tl" v="Abenida Epifanio de los Santos"/>
    <tag k="official_name" v="Epifanio de los Santos Avenue"/>
    <tag k="oneway" v="yes"/>
    <tag k="ref" v="1"/>
    <tag k="source:maxspeed" v="sign"/>
    <tag k="width" v="9.6"/>
  </way>
  <way id="48628471">
    <nd ref="617556632"/>
    <nd ref="1412035727"/>
    <nd ref="35454005"/>
    <tag k="cycleway:right" v="lane"/>
    <tag k="foot" v="yes"/>
    <tag k="highway" v="trunk"/>
    <tag k="int_ref" v="AH26"/>
    <tag k="lanes" v="2"/>
    <tag k="lit" v="yes"/>
    <tag k="maxspeed" v="60"/>
    <tag k="maxspeed:bus" v="50"/>
    <tag k="maxspeed:hgv" v="50"/>
    <tag k="name" v="EDSA"/>
    <tag k="name:es" v="Avenida Epifanio de los Santos"/>
    <tag k="name:fil" v="Abenida Epifanio de los Santos"/>
    <tag k="name:tl" v="Abenida Epifanio de los Santos"/>
    <tag k="official_name" v="Epifanio de los Santos Avenue"/>
    <tag k="oneway" v="yes"/>
    <tag k="ref" v="1"/>
    <tag k="sidewalk" v="right"/>
    <tag k="source:maxspeed" v="sign"/>
    <tag k="width" v="9.6"/>
  </way>
  <way id="48628472">
    <nd ref="617556631"/>
    <nd ref="617556632"/>
    <tag k="bridge" v="viaduct"/>
    <tag k="cycleway:right" v="lane"/>
    <tag k="foot" v="yes"/>
    <tag k="highway" v="trunk"/>
    <tag k="int_ref" v="AH26"/>
    <tag k="lanes" v="2"/>
    <tag k="layer" v="1"/>
    <tag k="lit" v="yes"/>
    <tag k="maxspeed" v="60"/>
    <tag k="maxspeed:bus" v="50"/>
    <tag k="maxspeed:hgv" v="50"/>
    <tag k="name" v="EDSA"/>
    <tag k="name:es" v="Avenida Epifanio de los Santos"/>
    <tag k="name:fil" v="Abenida Epifanio de los Santos"/>
    <tag k="name:tl" v="Abenida Epifanio de los Santos"/>
    <tag k="official_name" v="Epifanio de los Santos Avenue"/>
    <tag k="oneway" v="yes"/>
    <tag k="ref" v="1"/>
    <tag k="sidewalk" v="right"/>
    <tag k="source:maxspeed" v="sign"/>
    <tag k="width" v="9.6"/>
  </way>
  <way id="53198241">
    <nd ref="345573382"/>
    <nd ref="5286171964"/>
    <nd ref="1501006041"/>
    <nd ref="298959201"/>
    <nd ref="614005992"/>
    <nd ref="258777067"/>
    <tag k="designation" v="national_primary_road"/>
    <tag k="destination" v="Bonny Serrano"/>
    <tag k="foot" v="yes"/>
    <tag k="highway" v="secondary"/>
    <tag k="int_ref" v="AH26"/>
    <tag k="lanes" v="3"/>
    <tag k="lit" v="yes"/>
    <tag k="maxspeed" v="60"/>
    <tag k="maxspeed:bus" v="50"/>
    <tag k="maxspeed:hgv" v="50"/>
    <tag k="name" v="EDSA"/>
    <tag k="name:es" v="Avenida Epifanio de los Santos"/>
    <tag k="name:fil" v="Abenida Epifanio de los Santos"/>
    <tag k="name:tl" v="Abenida Epifanio de los Santos"/>
    <tag k="official_name" v="Epifanio de los Santos Avenue"/>
    <tag k="oneway" v="yes"/>
    <tag k="ref" v="1"/>
    <tag k="source:maxspeed" v="sign"/>
  </way>
  <way id="53198271">
    <nd ref="345573458"/>
    <nd ref="5286171972"/>
    <nd ref="345573456"/>
    <tag k="foot" v="no"/>
    <tag k="highway" v="trunk"/>
    <tag k="int_ref" v="AH26"/>
    <tag k="int_ref:colour" v="blue"/>
    <tag k="lanes" v="2"/>
    <tag k="lit" v="yes"/>
    <tag k="maxspeed" v="60"/>
    <tag k="maxspeed:bus" v="50"/>
    <tag k="maxspeed:hgv" v="50"/>
    <tag k="name" v="EDSA"/>
    <tag k="name:es" v="Avenida Epifanio de los Santos"/>
    <tag k="name:fil" v="Abenida Epifanio de los Santos"/>
    <tag k="name:tl" v="Abenida Epifanio de los Santos"/>
    <tag k="official_name" v="Epifanio de los Santos Avenue"/>
    <tag k="oneway" v="yes"/>
    <tag k="ref" v="1"/>
    <tag k="source:maxspeed" v="sign"/>
  </way>
  <way id="53198290">
    <nd ref="2467729098"/>
    <nd ref="88788228"/>
    <nd ref="8504056840"/>
    <nd ref="13156061486"/>
    <nd ref="61679340"/>
    <nd ref="13156099617"/>
    <nd ref="13156099614"/>
    <nd ref="88788259"/>
    <nd ref="1615251678"/>
    <nd ref="12018581370"/>
    <nd ref="258776872"/>
    <tag k="designation" v="national_primary_road"/>
    <tag k="destination:street" v="Bonny Serrano"/>
    <tag k="foot" v="yes"/>
    <tag k="highway" v="secondary"/>
    <tag k="int_ref" v="AH26"/>
    <tag k="lanes" v="2"/>
    <tag k="lit" v="yes"/>
    <tag k="maxspeed" v="60"/>
    <tag k="maxspeed:bus" v="50"/>
    <tag k="maxspeed:hgv" v="50"/>
    <tag k="name" v="EDSA"/>
    <tag k="name:es" v="Avenida Epifanio de los Santos"/>
    <tag k="name:fil" v="Abenida Epifanio de los Santos"/>
    <tag k="name:tl" v="Abenida Epifanio de los Santos"/>
    <tag k="official_name" v="Epifanio de los Santos Avenue"/>
    <tag k="oneway" v="yes"/>
    <tag k="ref" v="1"/>
    <tag k="source:maxspeed" v="sign"/>
    <tag k="surface" v="asphalt"/>
  </way>
  <way id="53828047">
    <nd ref="679547473"/>
    <nd ref="963432226"/>
    <nd ref="13458739652"/>
    <nd ref="523960191"/>
    <tag k="cycleway:right" v="lane"/>
    <tag k="designation" v="national_primary_road"/>
    <tag k="hgv" v="no"/>
    <tag k="highway" v="primary"/>
    <tag k="int_ref" v="AH26"/>
    <tag k="lanes" v="2"/>
    <tag k="lit" v="yes"/>
    <tag k="maxspeed" v="60"/>
    <tag k="maxspeed:bus" v="50"/>
    <tag k="maxspeed:hgv" v="50"/>
    <tag k="name" v="EDSA"/>
    <tag k="name:es" v="Avenida Epifanio de los Santos"/>
    <tag k="name:fil" v="Abenida Epifanio de los Santos"/>
    <tag k="name:tl" v="Abenida Epifanio de los Santos"/>
    <tag k="official_name" v="Epifanio de los Santos Avenue"/>
    <tag k="oneway" v="yes"/>
    <tag k="ref" v="1"/>
    <tag k="source:maxspeed" v="sign"/>
    <tag k="surface" v="concrete"/>
  </way>
  <way id="53828066">
    <nd ref="333524277"/>
    <nd ref="7640063314"/>
    <tag k="foot" v="no"/>
    <tag k="hgv" v="no"/>
    <tag k="highway" v="trunk"/>
    <tag k="int_ref" v="AH26"/>
    <tag k="int_ref:colour" v="blue"/>
    <tag k="lanes" v="2"/>
    <tag k="lit" v="yes"/>
    <tag k="maxspeed" v="60"/>
    <tag k="maxspeed:bus" v="50"/>
    <tag k="maxspeed:hgv" v="50"/>
    <tag k="name" v="EDSA"/>
    <tag k="name:es" v="Avenida Epifanio de los Santos"/>
    <tag k="name:fil" v="Abenida Epifanio de los Santos"/>
    <tag k="name:tl" v="Abenida Epifanio de los Santos"/>
    <tag k="official_name" v="Epifanio de los Santos Avenue"/>
    <tag k="oneway" v="yes"/>
    <tag k="ref" v="1"/>
    <tag k="source:maxspeed" v="sign"/>
    <tag k="surface" v="concrete"/>
  </way>
  <way id="54017653">
    <nd ref="7640063315"/>
    <nd ref="333524087"/>
    <nd ref="333524088"/>
    <tag k="foot" v="no"/>
    <tag k="hgv" v="no"/>
    <tag k="highway" v="trunk"/>
    <tag k="int_ref" v="AH26"/>
    <tag k="int_ref:colour" v="blue"/>
    <tag k="lane_markings" v="yes"/>
    <tag k="lanes" v="2"/>
    <tag k="lit" v="yes"/>
    <tag k="maxspeed" v="60"/>
    <tag k="maxspeed:bus" v="50"/>
    <tag k="maxspeed:hgv" v="50"/>
    <tag k="name" v="EDSA"/>
    <tag k="name:es" v="Avenida Epifanio de los Santos"/>
    <tag k="name:fil" v="Abenida Epifanio de los Santos"/>
    <tag k="name:tl" v="Abenida Epifanio de los Santos"/>
    <tag k="official_name" v="Epifanio de los Santos Avenue"/>
    <tag k="oneway" v="yes"/>
    <tag k="ref" v="1"/>
    <tag k="source:maxspeed" v="sign"/>
  </way>
  <way id="54018174">
    <nd ref="5731638965"/>
    <nd ref="5731645274"/>
    <nd ref="973552665"/>
    <tag k="cycleway:right" v="lane"/>
    <tag k="designation" v="national_primary_road"/>
    <tag k="hgv" v="no"/>
    <tag k="highway" v="primary"/>
    <tag k="int_ref" v="AH26"/>
    <tag k="lanes" v="2"/>
    <tag k="lit" v="yes"/>
    <tag k="maxspeed" v="60"/>
    <tag k="maxspeed:bus" v="50"/>
    <tag k="maxspeed:hgv" v="50"/>
    <tag k="name" v="EDSA"/>
    <tag k="name:es" v="Avenida Epifanio de los Santos"/>
    <tag k="name:fil" v="Abenida Epifanio de los Santos"/>
    <tag k="name:tl" v="Abenida Epifanio de los Santos"/>
    <tag k="official_name" v="Epifanio de los Santos Avenue"/>
    <tag k="oneway" v="yes"/>
    <tag k="ref" v="1"/>
    <tag k="source:maxspeed" v="sign"/>
  </way>
  <way id="54018532">
    <nd ref="523961397"/>
    <nd ref="490819305"/>
    <tag k="cycleway:right" v="lane"/>
    <tag k="designation" v="national_primary_road"/>
    <tag k="hgv" v="no"/>
    <tag k="highway" v="primary"/>
    <tag k="int_ref" v="AH26"/>
    <tag k="lanes" v="2"/>
    <tag k="lit" v="yes"/>
    <tag k="maxspeed" v="60"/>
    <tag k="maxspeed:bus" v="50"/>
    <tag k="maxspeed:hgv" v="50"/>
    <tag k="name" v="EDSA"/>
    <tag k="name:es" v="Avenida Epifanio de los Santos"/>
    <tag k="name:fil" v="Abenida Epifanio de los Santos"/>
    <tag k="name:tl" v="Abenida Epifanio de los Santos"/>
    <tag k="official_name" v="Epifanio de los Santos Avenue"/>
    <tag k="oneway" v="yes"/>
    <tag k="ref" v="1"/>
    <tag k="source:maxspeed" v="sign"/>
    <tag k="surface" v="concrete"/>
  </way>
  <way id="54018887">
    <nd ref="333526141"/>
    <nd ref="2467577360"/>
    <nd ref="316156993"/>
    <tag k="cycleway:right" v="lane"/>
    <tag k="designation" v="national_primary_road"/>
    <tag k="destination" v="Santa Mesa"/>
    <tag k="destination:street" v="Aurora Boulevard"/>
    <tag k="hgv" v="no"/>
    <tag k="highway" v="primary"/>
    <tag k="int_ref" v="AH26"/>
    <tag k="lanes" v="2"/>
    <tag k="lit" v="yes"/>
    <tag k="maxspeed" v="60"/>
    <tag k="maxspeed:bus" v="50"/>
    <tag k="maxspeed:hgv" v="50"/>
    <tag k="name" v="EDSA"/>
    <tag k="name:es" v="Avenida Epifanio de los Santos"/>
    <tag k="name:fil" v="Abenida Epifanio de los Santos"/>
    <tag k="name:tl" v="Abenida Epifanio de los Santos"/>
    <tag k="official_name" v="Epifanio de los Santos Avenue"/>
    <tag k="oneway" v="yes"/>
    <tag k="ref" v="1"/>
    <tag k="source:maxspeed" v="sign"/>
  </way>
  <way id="54020968">
    <nd ref="252179221"/>
    <nd ref="5816996603"/>
    <nd ref="11961376362"/>
    <nd ref="1735964860"/>
    <nd ref="496117367"/>
    <nd ref="321554297"/>
    <tag k="cycleway:right" v="lane"/>
    <tag k="designation" v="national_primary_road"/>
    <tag k="destination" v="Ortigas"/>
    <tag k="hgv" v="no"/>
    <tag k="highway" v="trunk_link"/>
    <tag k="int_ref" v="AH26"/>
    <tag k="lanes" v="3"/>
    <tag k="lit" v="yes"/>
    <tag k="maxspeed" v="60"/>
    <tag k="maxspeed:bus" v="50"/>
    <tag k="maxspeed:hgv" v="50"/>
    <tag k="name" v="EDSA"/>
    <tag k="name:es" v="Avenida Epifanio de los Santos"/>
    <tag k="name:fil" v="Abenida Epifanio de los Santos"/>
    <tag k="name:tl" v="Abenida Epifanio de los Santos"/>
    <tag k="official_name" v="Epifanio de los Santos Avenue"/>
    <tag k="oneway" v="yes"/>
    <tag k="ref" v="1"/>
    <tag k="sidewalk:right" v="separate"/>
    <tag k="source:maxspeed" v="sign"/>
    <tag k="surface" v="asphalt"/>
  </way>
  <way id="54021607">
    <nd ref="24078516"/>
    <nd ref="1249662120"/>
    <tag k="cycleway:right" v="lane"/>
    <tag k="designation" v="national_primary_road"/>
    <tag k="hgv" v="no"/>
    <tag k="highway" v="trunk_link"/>
    <tag k="int_ref" v="AH26"/>
    <tag k="lanes" v="2"/>
    <tag k="lit" v="yes"/>
    <tag k="maxspeed" v="60"/>
    <tag k="maxspeed:bus" v="50"/>
    <tag k="maxspeed:hgv" v="50"/>
    <tag k="name" v="EDSA"/>
    <tag k="name:es" v="Avenida Epifanio de los Santos"/>
    <tag k="name:fil" v="Abenida Epifanio de los Santos"/>
    <tag k="name:tl" v="Abenida Epifanio de los Santos"/>
    <tag k="official_name" v="Epifanio de los Santos Avenue"/>
    <tag k="oneway" v="yes"/>
    <tag k="ref" v="1"/>
    <tag k="source:maxspeed" v="sign"/>
    <tag k="surface" v="asphalt"/>
  </way>
  <way id="56672059">
    <nd ref="340650955"/>
    <nd ref="8658496375"/>
    <nd ref="11693116700"/>
    <nd ref="11693116701"/>
    <nd ref="5289211747"/>
    <nd ref="12067627"/>
    <nd ref="5289211749"/>
    <nd ref="5289002840"/>
    <nd ref="11693110211"/>
    <nd ref="11693110218"/>
    <nd ref="243508499"/>
    <nd ref="496084634"/>
    <nd ref="295660686"/>
    <nd ref="5289002939"/>
    <tag k="cycleway:right" v="lane"/>
    <tag k="foot" v="yes"/>
    <tag k="hgv" v="no"/>
    <tag k="highway" v="trunk"/>
    <tag k="int_ref" v="AH26"/>
    <tag k="int_ref:colour" v="blue"/>
    <tag k="lanes" v="4"/>
    <tag k="lit" v="yes"/>
    <tag k="maxspeed" v="60"/>
    <tag k="maxspeed:bus" v="50"/>
    <tag k="maxspeed:hgv" v="50"/>
    <tag k="name" v="EDSA"/>
    <tag k="name:es" v="Avenida Epifanio de los Santos"/>
    <tag k="name:fil" v="Abenida Epifanio de los Santos"/>
    <tag k="name:tl" v="Abenida Epifanio de los Santos"/>
    <tag k="official_name" v="Epifanio de los Santos Avenue"/>
    <tag k="oneway" v="yes"/>
    <tag k="ref" v="1"/>
    <tag k="sidewalk:right" v="separate"/>
    <tag k="source:maxspeed" v="sign"/>
    <tag k="surface" v="concrete"/>
  </way>
  <way id="56672072">
    <nd ref="962953432"/>
    <nd ref="962953453"/>
    <nd ref="4535240894"/>
    <nd ref="964837196"/>
    <nd ref="88901373"/>
    <nd ref="994339253"/>
    <nd ref="7475238783"/>
    <nd ref="7475238722"/>
    <nd ref="8462613410"/>
    <tag k="cycleway:lane" v="advisory"/>
    <tag k="cycleway:right" v="lane"/>
    <tag k="cycleway:separation:left" v="solid_line"/>
    <tag k="designation" v="national_primary_road"/>
    <tag k="destination" v="Shaw;Julia Vargas"/>
    <tag k="foot" v="yes"/>
    <tag k="highway" v="trunk_link"/>
    <tag k="int_ref" v="AH26"/>
    <tag k="lanes" v="2"/>
    <tag k="lit" v="yes"/>
    <tag k="maxspeed" v="60"/>
    <tag k="maxspeed:bus" v="50"/>
    <tag k="maxspeed:hgv" v="50"/>
    <tag k="name" v="EDSA"/>
    <tag k="name:es" v="Avenida Epifanio de los Santos"/>
    <tag k="name:fil" v="Abenida Epifanio de los Santos"/>
    <tag k="name:tl" v="Abenida Epifanio de los Santos"/>
    <tag k="official_name" v="Epifanio de los Santos Avenue"/>
    <tag k="oneway" v="yes"/>
    <tag k="ref" v="1"/>
    <tag k="sidewalk" v="separate"/>
    <tag k="source:maxspeed" v="sign"/>
  </way>
  <way id="56672139">
    <nd ref="1909553429"/>
    <nd ref="13187713371"/>
    <nd ref="320134107"/>
    <nd ref="11652962913"/>
    <nd ref="1909558883"/>
    <nd ref="1909558882"/>
    <tag k="designation" v="national_primary_road"/>
    <tag k="foot" v="use_sidepath"/>
    <tag k="highway" v="trunk_link"/>
    <tag k="int_ref" v="AH26"/>
    <tag k="lanes" v="3"/>
    <tag k="lit" v="yes"/>
    <tag k="maxspeed" v="60"/>
    <tag k="maxspeed:bus" v="50"/>
    <tag k="maxspeed:hgv" v="50"/>
    <tag k="name" v="EDSA"/>
    <tag k="name:es" v="Avenida Epifanio de los Santos"/>
    <tag k="name:fil" v="Abenida Epifanio de los Santos"/>
    <tag k="name:tl" v="Abenida Epifanio de los Santos"/>
    <tag k="official_name" v="Epifanio de los Santos Avenue"/>
    <tag k="oneway" v="yes"/>
    <tag k="ref" v="1"/>
    <tag k="source:maxspeed" v="sign"/>
  </way>
  <way id="56672144">
    <nd ref="331134097"/>
    <nd ref="7475238724"/>
    <nd ref="31241755"/>
    <nd ref="334410588"/>
    <nd ref="13120800158"/>
    <nd ref="962953481"/>
    <nd ref="962953430"/>
    <tag k="cycleway:lane" v="advisory"/>
    <tag k="cycleway:right" v="lane"/>
    <tag k="cycleway:separation:left" v="solid_line"/>
    <tag k="designation" v="national_primary_road"/>
    <tag k="foot" v="yes"/>
    <tag k="highway" v="trunk_link"/>
    <tag k="int_ref" v="AH26"/>
    <tag k="lanes" v="2"/>
    <tag k="lit" v="yes"/>
    <tag k="maxspeed" v="60"/>
    <tag k="maxspeed:bus" v="50"/>
    <tag k="maxspeed:hgv" v="50"/>
    <tag k="name" v="EDSA"/>
    <tag k="name:es" v="Avenida Epifanio de los Santos"/>
    <tag k="name:fil" v="Abenida Epifanio de los Santos"/>
    <tag k="name:tl" v="Abenida Epifanio de los Santos"/>
    <tag k="official_name" v="Epifanio de los Santos Avenue"/>
    <tag k="oneway" v="yes"/>
    <tag k="ref" v="1"/>
    <tag k="sidewalk" v="separate"/>
    <tag k="source:maxspeed" v="sign"/>
    <tag k="surface" v="concrete"/>
  </way>
  <way id="59585038">
    <nd ref="973552682"/>
    <nd ref="6264891460"/>
    <nd ref="5731638971"/>
    <nd ref="2397945844"/>
    <nd ref="681130465"/>
    <tag k="cycleway:right" v="lane"/>
    <tag k="designation" v="national_primary_road"/>
    <tag k="destination:street" v="Aurora Boulevard"/>
    <tag k="hgv" v="no"/>
    <tag k="highway" v="primary"/>
    <tag k="int_ref" v="AH26"/>
    <tag k="lanes" v="3"/>
    <tag k="lit" v="yes"/>
    <tag k="maxspeed" v="60"/>
    <tag k="maxspeed:bus" v="50"/>
    <tag k="maxspeed:hgv" v="50"/>
    <tag k="name" v="EDSA"/>
    <tag k="name:es" v="Avenida Epifanio de los Santos"/>
    <tag k="name:fil" v="Abenida Epifanio de los Santos"/>
    <tag k="name:tl" v="Abenida Epifanio de los Santos"/>
    <tag k="official_name" v="Epifanio de los Santos Avenue"/>
    <tag k="oneway" v="yes"/>
    <tag k="ref" v="1"/>
    <tag k="source:maxspeed" v="sign"/>
    <tag k="surface" v="concrete"/>
  </way>
  <way id="83598627">
    <nd ref="7350895328"/>
    <nd ref="246783235"/>
    <nd ref="78041031"/>
    <tag k="cycleway:right" v="lane"/>
    <tag k="designation" v="national_primary_road"/>
    <tag k="destination:street" v="Pedro Tuason"/>
    <tag k="hgv" v="no"/>
    <tag k="highway" v="primary"/>
    <tag k="int_ref" v="AH26"/>
    <tag k="lanes" v="2"/>
    <tag k="lit" v="yes"/>
    <tag k="maxspeed" v="60"/>
    <tag k="maxspeed:bus" v="50"/>
    <tag k="maxspeed:hgv" v="50"/>
    <tag k="name" v="EDSA"/>
    <tag k="name:es" v="Avenida Epifanio de los Santos"/>
    <tag k="name:fil" v="Abenida Epifanio de los Santos"/>
    <tag k="name:tl" v="Abenida Epifanio de los Santos"/>
    <tag k="official_name" v="Epifanio de los Santos Avenue"/>
    <tag k="oneway" v="yes"/>
    <tag k="ref" v="1"/>
    <tag k="source:maxspeed" v="sign"/>
  </way>
  <way id="83598629">
    <nd ref="681130465"/>
    <nd ref="5544304508"/>
    <tag k="cycleway:right" v="lane"/>
    <tag k="designation" v="national_primary_road"/>
    <tag k="hgv" v="no"/>
    <tag k="highway" v="primary"/>
    <tag k="int_ref" v="AH26"/>
    <tag k="lanes" v="2"/>
    <tag k="lit" v="yes"/>
    <tag k="maxspeed" v="60"/>
    <tag k="maxspeed:bus" v="50"/>
    <tag k="maxspeed:hgv" v="50"/>
    <tag k="name" v="EDSA"/>
    <tag k="name:es" v="Avenida Epifanio de los Santos"/>
    <tag k="name:fil" v="Abenida Epifanio de los Santos"/>
    <tag k="name:tl" v="Abenida Epifanio de los Santos"/>
    <tag k="official_name" v="Epifanio de los Santos Avenue"/>
    <tag k="oneway" v="yes"/>
    <tag k="ref" v="1"/>
    <tag k="source:maxspeed" v="sign"/>
  </way>
  <way id="111735141">
    <nd ref="1272285053"/>
    <nd ref="8385938587"/>
    <nd ref="8462571787"/>
    <tag k="bus:lanes" v="designated|yes|yes"/>
    <tag k="foot" v="yes"/>
    <tag k="highway" v="trunk"/>
    <tag k="int_ref" v="AH26"/>
    <tag k="int_ref:colour" v="blue"/>
    <tag k="lanes" v="3"/>
    <tag k="lit" v="yes"/>
    <tag k="maxspeed" v="60"/>
    <tag k="maxspeed:bus" v="50"/>
    <tag k="maxspeed:hgv" v="50"/>
    <tag k="name" v="EDSA"/>
    <tag k="name:es" v="Avenida Epifanio de los Santos"/>
    <tag k="name:fil" v="Abenida Epifanio de los Santos"/>
    <tag k="name:tl" v="Abenida Epifanio de los Santos"/>
    <tag k="official_name" v="Epifanio de los Santos Avenue"/>
    <tag k="oneway" v="yes"/>
    <tag k="placement" v="right_of:2"/>
    <tag k="ref" v="1"/>
    <tag k="source:maxspeed" v="sign"/>
    <tag k="surface" v="asphalt"/>
  </way>
  <way id="111735142">
    <nd ref="1272285047"/>
    <nd ref="1272285053"/>
    <tag k="bridge" v="viaduct"/>
    <tag k="bridge:name" v="Malibay Bridge"/>
    <tag k="bus:lanes" v="designated|yes|yes"/>
    <tag k="foot" v="yes"/>
    <tag k="highway" v="trunk"/>
    <tag k="int_ref" v="AH26"/>
    <tag k="int_ref:colour" v="blue"/>
    <tag k="lanes" v="3"/>
    <tag k="layer" v="1"/>
    <tag k="lit" v="yes"/>
    <tag k="maxspeed" v="60"/>
    <tag k="maxspeed:bus" v="50"/>
    <tag k="maxspeed:hgv" v="50"/>
    <tag k="name" v="EDSA"/>
    <tag k="name:es" v="Avenida Epifanio de los Santos"/>
    <tag k="name:fil" v="Abenida Epifanio de los Santos"/>
    <tag k="name:tl" v="Abenida Epifanio de los Santos"/>
    <tag k="official_name" v="Epifanio de los Santos Avenue"/>
    <tag k="oneway" v="yes"/>
    <tag k="placement" v="right_of:2"/>
    <tag k="ref" v="1"/>
    <tag k="source:maxspeed" v="sign"/>
    <tag k="surface" v="asphalt"/>
  </way>
  <way id="111735143">
    <nd ref="8486973954"/>
    <nd ref="8486973943"/>
    <nd ref="5291735348"/>
    <nd ref="6340875589"/>
    <nd ref="32169158"/>
    <tag k="bicycle" v="use_sidepath"/>
    <tag k="foot" v="yes"/>
    <tag k="highway" v="trunk"/>
    <tag k="int_ref" v="AH26"/>
    <tag k="int_ref:colour" v="blue"/>
    <tag k="lanes" v="4"/>
    <tag k="lit" v="yes"/>
    <tag k="maxspeed" v="60"/>
    <tag k="maxspeed:bus" v="50"/>
    <tag k="maxspeed:hgv" v="50"/>
    <tag k="name" v="EDSA"/>
    <tag k="name:es" v="Avenida Epifanio de los Santos"/>
    <tag k="name:fil" v="Abenida Epifanio de los Santos"/>
    <tag k="name:tl" v="Abenida Epifanio de los Santos"/>
    <tag k="official_name" v="Epifanio de los Santos Avenue"/>
    <tag k="oneway" v="yes"/>
    <tag k="ref" v="1"/>
    <tag k="sidewalk:right" v="separate"/>
    <tag k="source:maxspeed" v="sign"/>
    <tag k="surface" v="asphalt"/>
    <tag k="turn:lanes" v="slight_left|slight_right|slight_right|slight_right"/>
  </way>
  <way id="111735144">
    <nd ref="1272285052"/>
    <nd ref="1272285049"/>
    <tag k="bicycle" v="use_sidepath"/>
    <tag k="bridge" v="viaduct"/>
    <tag k="bridge:name" v="Malibay Bridge"/>
    <tag k="foot" v="yes"/>
    <tag k="highway" v="trunk"/>
    <tag k="int_ref" v="AH26"/>
    <tag k="int_ref:colour" v="blue"/>
    <tag k="lanes" v="4"/>
    <tag k="layer" v="1"/>
    <tag k="lit" v="yes"/>
    <tag k="maxspeed" v="60"/>
    <tag k="maxspeed:bus" v="50"/>
    <tag k="maxspeed:hgv" v="50"/>
    <tag k="name" v="EDSA"/>
    <tag k="name:es" v="Avenida Epifanio de los Santos"/>
    <tag k="name:fil" v="Abenida Epifanio de los Santos"/>
    <tag k="name:tl" v="Abenida Epifanio de los Santos"/>
    <tag k="note" v="value of ref &quot;1;AH26&quot; is just experimental upto April 2015 pending observation of effects on mobile Apps rendering (so far ok with mapnik)"/>
    <tag k="official_name" v="Epifanio de los Santos Avenue"/>
    <tag k="oneway" v="yes"/>
    <tag k="ref" v="1"/>
    <tag k="source:maxspeed" v="sign"/>
    <tag k="surface" v="asphalt"/>
  </way>
  <way id="114100846">
    <nd ref="1293071645"/>
    <nd ref="1293071630"/>
    <tag k="bridge" v="yes"/>
    <tag k="cycleway:lane" v="advisory"/>
    <tag k="cycleway:right" v="lane"/>
    <tag k="foot" v="yes"/>
    <tag k="highway" v="trunk"/>
    <tag k="int_ref" v="AH26"/>
    <tag k="int_ref:colour" v="blue"/>
    <tag k="lane_markings" v="yes"/>
    <tag k="lanes" v="4"/>
    <tag k="layer" v="1"/>
    <tag k="lit" v="yes"/>
    <tag k="maxspeed" v="60"/>
    <tag k="maxspeed:bus" v="50"/>
    <tag k="maxspeed:hgv" v="50"/>
    <tag k="name" v="EDSA"/>
    <tag k="name:es" v="Avenida Epifanio de los Santos"/>
    <tag k="name:fil" v="Abenida Epifanio de los Santos"/>
    <tag k="name:tl" v="Abenida Epifanio de los Santos"/>
    <tag k="official_name" v="Epifanio de los Santos Avenue"/>
    <tag k="oneway" v="yes"/>
    <tag k="oneway:bicycle" v="yes"/>
    <tag k="ref" v="1"/>
    <tag k="sidewalk:right" v="separate"/>
    <tag k="source:maxspeed" v="sign"/>
    <tag k="surface" v="asphalt"/>
    <tag k="width" v="19.2"/>
  </way>
  <way id="114100851">
    <nd ref="566895359"/>
    <nd ref="8742657364"/>
    <nd ref="8742657352"/>
    <nd ref="8742657344"/>
    <nd ref="11395472294"/>
    <nd ref="1316799535"/>
    <nd ref="8637636289"/>
    <nd ref="5282138772"/>
    <nd ref="6507708996"/>
    <nd ref="6507708993"/>
    <nd ref="9979537322"/>
    <nd ref="6507709000"/>
    <nd ref="6507708997"/>
    <nd ref="452811250"/>
    <nd ref="103796296"/>
    <tag k="cycleway:right" v="lane"/>
    <tag k="foot" v="yes"/>
    <tag k="highway" v="trunk"/>
    <tag k="int_ref" v="AH26"/>
    <tag k="int_ref:colour" v="blue"/>
    <tag k="lane_markings" v="yes"/>
    <tag k="lanes" v="4"/>
    <tag k="lit" v="yes"/>
    <tag k="maxspeed" v="60"/>
    <tag k="maxspeed:bus" v="50"/>
    <tag k="maxspeed:hgv" v="50"/>
    <tag k="name" v="EDSA"/>
    <tag k="name:es" v="Avenida Epifanio de los Santos"/>
    <tag k="name:fil" v="Abenida Epifanio de los Santos"/>
    <tag k="name:tl" v="Abenida Epifanio de los Santos"/>
    <tag k="official_name" v="Epifanio de los Santos Avenue"/>
    <tag k="oneway" v="yes"/>
    <tag k="ref" v="1"/>
    <tag k="sidewalk" v="separate"/>
    <tag k="source:maxspeed" v="sign"/>
    <tag k="surface" v="asphalt"/>
    <tag k="width" v="19.2"/>
  </way>
  <way id="114100860">
    <nd ref="9926088657"/>
    <nd ref="11575825473"/>
    <nd ref="6659912068"/>
    <nd ref="6659912060"/>
    <nd ref="6659890442"/>
    <nd ref="673315020"/>
    <nd ref="504043456"/>
    <nd ref="1327337466"/>
    <nd ref="7961437445"/>
    <nd ref="12063632329"/>
    <nd ref="6659893520"/>
    <nd ref="6659893527"/>
    <nd ref="1293039826"/>
    <nd ref="1440033367"/>
    <nd ref="4879643689"/>
    <nd ref="9957530749"/>
    <nd ref="1440033327"/>
    <nd ref="5401204870"/>
    <nd ref="8383431719"/>
    <nd ref="1440033389"/>
    <tag k="cycleway:lane" v="advisory"/>
    <tag k="cycleway:right" v="lane"/>
    <tag k="foot" v="yes"/>
    <tag k="highway" v="trunk"/>
    <tag k="int_ref" v="AH26"/>
    <tag k="int_ref:colour" v="blue"/>
    <tag k="lanes" v="5"/>
    <tag k="lit" v="yes"/>
    <tag k="maxspeed" v="60"/>
    <tag k="maxspeed:bus" v="50"/>
    <tag k="maxspeed:hgv" v="50"/>
    <tag k="name" v="EDSA"/>
    <tag k="name:es" v="Avenida Epifanio de los Santos"/>
    <tag k="name:fil" v="Abenida Epifanio de los Santos"/>
    <tag k="name:tl" v="Abenida Epifanio de los Santos"/>
    <tag k="official_name" v="Epifanio de los Santos Avenue"/>
    <tag k="oneway" v="yes"/>
    <tag k="oneway:bicycle" v="yes"/>
    <tag k="ref" v="1"/>
    <tag k="sidewalk:right" v="separate"/>
    <tag k="source:maxspeed" v="sign"/>
    <tag k="surface" v="paved"/>
    <tag k="width" v="19.2"/>
  </way>
  <way id="114100886">
    <nd ref="1293071637"/>
    <nd ref="1293071689"/>
    <tag k="bridge" v="yes"/>
    <tag k="cycleway:lane" v="advisory"/>
    <tag k="cycleway:right" v="lane"/>
    <tag k="foot" v="yes"/>
    <tag k="highway" v="trunk"/>
    <tag k="int_ref" v="AH26"/>
    <tag k="int_ref:colour" v="blue"/>
    <tag k="lane_markings" v="yes"/>
    <tag k="lanes" v="4"/>
    <tag k="layer" v="1"/>
    <tag k="lit" v="yes"/>
    <tag k="maxspeed" v="60"/>
    <tag k="maxspeed:bus" v="50"/>
    <tag k="maxspeed:hgv" v="50"/>
    <tag k="name" v="EDSA"/>
    <tag k="name:es" v="Avenida Epifanio de los Santos"/>
    <tag k="name:fil" v="Abenida Epifanio de los Santos"/>
    <tag k="name:tl" v="Abenida Epifanio de los Santos"/>
    <tag k="official_name" v="Epifanio de los Santos Avenue"/>
    <tag k="oneway" v="yes"/>
    <tag k="oneway:bicycle" v="yes"/>
    <tag k="ref" v="1"/>
    <tag k="sidewalk:right" v="separate"/>
    <tag k="source:maxspeed" v="sign"/>
    <tag k="surface" v="asphalt"/>
    <tag k="width" v="19.2"/>
  </way>
  <way id="117517699">
    <nd ref="243460921"/>
    <nd ref="8329456052"/>
    <tag k="bridge" v="yes"/>
    <tag k="covered" v="yes"/>
    <tag k="hgv" v="no"/>
    <tag k="highway" v="trunk"/>
    <tag k="int_ref" v="AH26"/>
    <tag k="int_ref:colour" v="blue"/>
    <tag k="lanes" v="2"/>
    <tag k="layer" v="1"/>
    <tag k="lit" v="yes"/>
    <tag k="maxspeed" v="60"/>
    <tag k="maxspeed:bus" v="50"/>
    <tag k="maxspeed:hgv" v="50"/>
    <tag k="name" v="EDSA"/>
    <tag k="name:es" v="Avenida Epifanio de los Santos"/>
    <tag k="name:fil" v="Abenida Epifanio de los Santos"/>
    <tag k="name:tl" v="Abenida Epifanio de los Santos"/>
    <tag k="official_name" v="Epifanio de los Santos Avenue"/>
    <tag k="oneway" v="yes"/>
    <tag k="ref" v="1"/>
    <tag k="source:maxspeed" v="sign"/>
    <tag k="surface" v="asphalt"/>
  </way>
  <way id="117517701">
    <nd ref="1307423504"/>
    <nd ref="567262411"/>
    <tag k="cycleway:right" v="lane"/>
    <tag k="foot" v="yes"/>
    <tag k="hgv" v="no"/>
    <tag k="highway" v="trunk"/>
    <tag k="int_ref" v="AH26"/>
    <tag k="int_ref:colour" v="blue"/>
    <tag k="lanes" v="4"/>
    <tag k="lit" v="yes"/>
    <tag k="maxspeed" v="60"/>
    <tag k="maxspeed:bus" v="50"/>
    <tag k="maxspeed:hgv" v="50"/>
    <tag k="name" v="EDSA"/>
    <tag k="name:es" v="Avenida Epifanio de los Santos"/>
    <tag k="name:fil" v="Abenida Epifanio de los Santos"/>
    <tag k="name:tl" v="Abenida Epifanio de los Santos"/>
    <tag k="official_name" v="Epifanio de los Santos Avenue"/>
    <tag k="oneway" v="yes"/>
    <tag k="ref" v="1"/>
    <tag k="sidewalk" v="separate"/>
    <tag k="source:maxspeed" v="sign"/>
    <tag k="surface" v="asphalt"/>
    <tag k="width" v="19.2"/>
  </way>
  <way id="124473371">
    <nd ref="61679564"/>
    <nd ref="5638516623"/>
    <nd ref="964836253"/>
    <nd ref="13155071998"/>
    <nd ref="8317660528"/>
    <nd ref="12067593"/>
    <nd ref="8186834084"/>
    <nd ref="68901115"/>
    <tag k="cycleway:right" v="lane"/>
    <tag k="foot" v="yes"/>
    <tag k="hgv" v="no"/>
    <tag k="highway" v="trunk"/>
    <tag k="int_ref" v="AH26"/>
    <tag k="int_ref:colour" v="blue"/>
    <tag k="lanes" v="4"/>
    <tag k="lit" v="yes"/>
    <tag k="maxspeed" v="60"/>
    <tag k="maxspeed:bus" v="50"/>
    <tag k="maxspeed:hgv" v="50"/>
    <tag k="name" v="EDSA"/>
    <tag k="name:es" v="Avenida Epifanio de los Santos"/>
    <tag k="name:fil" v="Abenida Epifanio de los Santos"/>
    <tag k="name:tl" v="Abenida Epifanio de los Santos"/>
    <tag k="note" v="value of ref &quot;1;AH26&quot; is just experimental upto April 2015 pending observation of effects on mobile Apps rendering (so far ok with mapnik)"/>
    <tag k="official_name" v="Epifanio de los Santos Avenue"/>
    <tag k="oneway" v="yes"/>
    <tag k="oneway:bicycle" v="yes"/>
    <tag k="ref" v="1"/>
    <tag k="sidewalk:right" v="separate"/>
    <tag k="source:maxspeed" v="sign"/>
    <tag k="surface" v="concrete"/>
  </way>
  <way id="127506869">
    <nd ref="9875360914"/>
    <nd ref="8377991961"/>
    <nd ref="681145830"/>
    <nd ref="1377334723"/>
    <nd ref="5285949906"/>
    <nd ref="305099887"/>
    <tag k="cycleway:right" v="lane"/>
    <tag k="hgv" v="no"/>
    <tag k="highway" v="primary"/>
    <tag k="int_ref" v="AH26"/>
    <tag k="lanes" v="2"/>
    <tag k="lit" v="yes"/>
    <tag k="maxspeed" v="60"/>
    <tag k="maxspeed:bus" v="50"/>
    <tag k="maxspeed:hgv" v="50"/>
    <tag k="name" v="EDSA"/>
    <tag k="name:es" v="Avenida Epifanio de los Santos"/>
    <tag k="name:fil" v="Abenida Epifanio de los Santos"/>
    <tag k="name:tl" v="Abenida Epifanio de los Santos"/>
    <tag k="official_name" v="Epifanio de los Santos Avenue"/>
    <tag k="oneway" v="yes"/>
    <tag k="sidewalk" v="separate"/>
    <tag k="source:maxspeed" v="sign"/>
  </way>
  <way id="127506900">
    <nd ref="5351755327"/>
    <nd ref="3668802714"/>
    <nd ref="8649882173"/>
    <nd ref="24078977"/>
    <tag k="cycleway:right" v="lane"/>
    <tag k="hgv" v="no"/>
    <tag k="highway" v="primary"/>
    <tag k="int_ref" v="AH26"/>
    <tag k="lanes" v="3"/>
    <tag k="lit" v="yes"/>
    <tag k="maxspeed" v="60"/>
    <tag k="maxspeed:bus" v="50"/>
    <tag k="maxspeed:hgv" v="50"/>
    <tag k="name" v="EDSA"/>
    <tag k="name:es" v="Avenida Epifanio de los Santos"/>
    <tag k="name:fil" v="Abenida Epifanio de los Santos"/>
    <tag k="name:tl" v="Abenida Epifanio de los Santos"/>
    <tag k="official_name" v="Epifanio de los Santos Avenue"/>
    <tag k="oneway" v="yes"/>
    <tag k="sidewalk:right" v="yes"/>
    <tag k="source:maxspeed" v="sign"/>
    <tag k="surface" v="concrete"/>
  </way>
  <way id="127586683">
    <nd ref="92293957"/>
    <nd ref="5474624522"/>
    <nd ref="92293959"/>
    <tag k="bicycle" v="no"/>
    <tag k="bridge" v="viaduct"/>
    <tag k="bridge:name" v="Ortigas Flyover"/>
    <tag k="foot" v="no"/>
    <tag k="hgv" v="no"/>
    <tag k="highway" v="trunk"/>
    <tag k="int_ref" v="AH26"/>
    <tag k="int_ref:colour" v="blue"/>
    <tag k="lanes" v="2"/>
    <tag k="layer" v="2"/>
    <tag k="lit" v="yes"/>
    <tag k="maxspeed" v="60"/>
    <tag k="maxspeed:bus" v="50"/>
    <tag k="maxspeed:hgv" v="50"/>
    <tag k="name" v="EDSA"/>
    <tag k="name:es" v="Avenida Epifanio de los Santos"/>
    <tag k="name:fil" v="Abenida Epifanio de los Santos"/>
    <tag k="name:tl" v="Abenida Epifanio de los Santos"/>
    <tag k="note" v="value of ref &quot;1;AH26&quot; is just experimental upto April 2015 pending observation of effects on mobile Apps rendering (so far ok with mapnik)"/>
    <tag k="official_name" v="Epifanio de los Santos Avenue"/>
    <tag k="oneway" v="yes"/>
    <tag k="ref" v="1"/>
    <tag k="source:maxspeed" v="sign"/>
    <tag k="surface" v="concrete"/>
  </way>
  <way id="130573188">
    <nd ref="243461145"/>
    <nd ref="12132580801"/>
    <tag k="cycleway:right" v="lane"/>
    <tag k="foot" v="no"/>
    <tag k="hgv" v="no"/>
    <tag k="highway" v="primary"/>
    <tag k="int_ref" v="AH26"/>
    <tag k="lanes" v="3"/>
    <tag k="lit" v="yes"/>
    <tag k="maxspeed" v="60"/>
    <tag k="maxspeed:bus" v="50"/>
    <tag k="maxspeed:hgv" v="50"/>
    <tag k="name" v="EDSA"/>
    <tag k="name:es" v="Avenida Epifanio de los Santos"/>
    <tag k="name:fil" v="Abenida Epifanio de los Santos"/>
    <tag k="name:tl" v="Abenida Epifanio de los Santos"/>
    <tag k="official_name" v="Epifanio de los Santos Avenue"/>
    <tag k="oneway" v="yes"/>
    <tag k="source:maxspeed" v="sign"/>
  </way>
  <way id="130573190">
    <nd ref="817088410"/>
    <nd ref="24081884"/>
    <tag k="cycleway:right" v="lane"/>
    <tag k="foot" v="no"/>
    <tag k="hgv" v="no"/>
    <tag k="highway" v="primary"/>
    <tag k="int_ref" v="AH26"/>
    <tag k="lanes" v="3"/>
    <tag k="lit" v="yes"/>
    <tag k="maxspeed" v="60"/>
    <tag k="maxspeed:bus" v="50"/>
    <tag k="maxspeed:hgv" v="50"/>
    <tag k="name" v="EDSA"/>
    <tag k="name:es" v="Avenida Epifanio de los Santos"/>
    <tag k="name:fil" v="Abenida Epifanio de los Santos"/>
    <tag k="name:tl" v="Abenida Epifanio de los Santos"/>
    <tag k="official_name" v="Epifanio de los Santos Avenue"/>
    <tag k="oneway" v="yes"/>
    <tag k="source:maxspeed" v="sign"/>
  </way>
  <way id="130573192">
    <nd ref="7573563293"/>
    <nd ref="8498137340"/>
    <nd ref="5292825899"/>
    <nd ref="962951392"/>
    <nd ref="6264891419"/>
    <nd ref="5351755326"/>
    <tag k="cycleway:right" v="lane"/>
    <tag k="hgv" v="no"/>
    <tag k="highway" v="primary"/>
    <tag k="int_ref" v="AH26"/>
    <tag k="lanes" v="2"/>
    <tag k="lit" v="yes"/>
    <tag k="maxspeed" v="60"/>
    <tag k="maxspeed:bus" v="50"/>
    <tag k="maxspeed:hgv" v="50"/>
    <tag k="name" v="EDSA"/>
    <tag k="name:es" v="Avenida Epifanio de los Santos"/>
    <tag k="name:fil" v="Abenida Epifanio de los Santos"/>
    <tag k="name:tl" v="Abenida Epifanio de los Santos"/>
    <tag k="official_name" v="Epifanio de los Santos Avenue"/>
    <tag k="oneway" v="yes"/>
    <tag k="sidewalk:right" v="separate"/>
    <tag k="source:maxspeed" v="sign"/>
  </way>
  <way id="130573194">
    <nd ref="224865426"/>
    <nd ref="3666796561"/>
    <tag k="cycleway:right" v="lane"/>
    <tag k="foot" v="no"/>
    <tag k="hgv" v="no"/>
    <tag k="highway" v="primary"/>
    <tag k="int_ref" v="AH26"/>
    <tag k="lanes" v="3"/>
    <tag k="lit" v="yes"/>
    <tag k="maxspeed" v="60"/>
    <tag k="maxspeed:bus" v="50"/>
    <tag k="maxspeed:hgv" v="50"/>
    <tag k="name" v="EDSA"/>
    <tag k="name:es" v="Avenida Epifanio de los Santos"/>
    <tag k="name:fil" v="Abenida Epifanio de los Santos"/>
    <tag k="name:tl" v="Abenida Epifanio de los Santos"/>
    <tag k="official_name" v="Epifanio de los Santos Avenue"/>
    <tag k="oneway" v="yes"/>
    <tag k="source:maxspeed" v="sign"/>
  </way>
  <way id="143174215">
    <nd ref="334410876"/>
    <nd ref="8658027296"/>
    <nd ref="496083457"/>
    <nd ref="11699889572"/>
    <nd ref="11699878067"/>
    <nd ref="8655154939"/>
    <nd ref="827406972"/>
    <tag k="cycleway:lane" v="advisory"/>
    <tag k="cycleway:right" v="lane"/>
    <tag k="foot" v="yes"/>
    <tag k="hgv" v="no"/>
    <tag k="highway" v="trunk"/>
    <tag k="int_ref" v="AH26"/>
    <tag k="int_ref:colour" v="blue"/>
    <tag k="lanes" v="4"/>
    <tag k="lit" v="yes"/>
    <tag k="maxspeed" v="60"/>
    <tag k="maxspeed:bus" v="50"/>
    <tag k="maxspeed:hgv" v="50"/>
    <tag k="name" v="EDSA"/>
    <tag k="name:es" v="Avenida Epifanio de los Santos"/>
    <tag k="name:fil" v="Abenida Epifanio de los Santos"/>
    <tag k="name:tl" v="Abenida Epifanio de los Santos"/>
    <tag k="official_name" v="Epifanio de los Santos Avenue"/>
    <tag k="oneway" v="yes"/>
    <tag k="ref" v="1"/>
    <tag k="sidewalk:right" v="separate"/>
    <tag k="source:maxspeed" v="sign"/>
    <tag k="surface" v="concrete"/>
  </way>
  <way id="143174217">
    <nd ref="318834573"/>
    <nd ref="5477311628"/>
    <nd ref="5477311629"/>
    <tag k="bridge" v="viaduct"/>
    <tag k="cycleway:lane" v="advisory"/>
    <tag k="cycleway:right" v="lane"/>
    <tag k="foot" v="yes"/>
    <tag k="hgv" v="no"/>
    <tag k="highway" v="trunk"/>
    <tag k="int_ref" v="AH26"/>
    <tag k="int_ref:colour" v="blue"/>
    <tag k="lanes" v="2"/>
    <tag k="layer" v="1"/>
    <tag k="lit" v="yes"/>
    <tag k="maxspeed" v="60"/>
    <tag k="maxspeed:bus" v="50"/>
    <tag k="maxspeed:hgv" v="50"/>
    <tag k="maxweight" v="20"/>
    <tag k="name" v="EDSA"/>
    <tag k="name:es" v="Avenida Epifanio de los Santos"/>
    <tag k="name:fil" v="Abenida Epifanio de los Santos"/>
    <tag k="name:tl" v="Abenida Epifanio de los Santos"/>
    <tag k="official_name" v="Epifanio de los Santos Avenue"/>
    <tag k="oneway" v="yes"/>
    <tag k="ref" v="1"/>
    <tag k="sidewalk" v="right"/>
    <tag k="source:maxspeed" v="sign"/>
    <tag k="surface" v="asphalt"/>
  </way>
  <way id="143174223">
    <nd ref="414556826"/>
    <nd ref="414556813"/>
    <tag k="foot" v="no"/>
    <tag k="hazmat" v="no"/>
    <tag k="hgv" v="no"/>
    <tag k="highway" v="trunk"/>
    <tag k="int_ref" v="AH26"/>
    <tag k="int_ref:colour" v="blue"/>
    <tag k="lanes" v="2"/>
    <tag k="layer" v="-1"/>
    <tag k="lit" v="yes"/>
    <tag k="maxspeed" v="60"/>
    <tag k="maxspeed:bus" v="50"/>
    <tag k="maxspeed:hgv" v="50"/>
    <tag k="name" v="EDSA"/>
    <tag k="name:es" v="Avenida Epifanio de los Santos"/>
    <tag k="name:fil" v="Abenida Epifanio de los Santos"/>
    <tag k="name:tl" v="Abenida Epifanio de los Santos"/>
    <tag k="official_name" v="Epifanio de los Santos Avenue"/>
    <tag k="oneway" v="yes"/>
    <tag k="ref" v="1"/>
    <tag k="source" v="Yahoo"/>
    <tag k="source:maxspeed" v="sign"/>
    <tag k="surface" v="asphalt"/>
    <tag k="tunnel" v="yes"/>
    <tag k="tunnel:name" v="Shaw Tunnel"/>
  </way>
  <way id="143174225">
    <nd ref="332517750"/>
    <nd ref="9951250288"/>
    <nd ref="334108271"/>
    <tag k="foot" v="no"/>
    <tag k="highway" v="primary"/>
    <tag k="lanes" v="2"/>
    <tag k="lit" v="yes"/>
    <tag k="maxspeed" v="60"/>
    <tag k="name" v="EDSA-Shaw Flyover"/>
    <tag k="name:etymology" v="William James Shaw"/>
    <tag k="name:etymology:wikidata" v="Q27491535"/>
    <tag k="oneway" v="yes"/>
    <tag k="ref" v="141"/>
    <tag k="source:maxspeed" v="MMDA"/>
    <tag k="surface" v="asphalt"/>
  </way>
  <way id="146337204">
    <nd ref="523962960"/>
    <nd ref="523961397"/>
    <tag k="cycleway:right" v="lane"/>
    <tag k="designation" v="national_primary_road"/>
    <tag k="hgv" v="no"/>
    <tag k="highway" v="primary"/>
    <tag k="int_ref" v="AH26"/>
    <tag k="lanes" v="2"/>
    <tag k="lit" v="yes"/>
    <tag k="maxspeed" v="60"/>
    <tag k="maxspeed:bus" v="50"/>
    <tag k="maxspeed:hgv" v="50"/>
    <tag k="name" v="EDSA"/>
    <tag k="name:es" v="Avenida Epifanio de los Santos"/>
    <tag k="name:fil" v="Abenida Epifanio de los Santos"/>
    <tag k="name:tl" v="Abenida Epifanio de los Santos"/>
    <tag k="official_name" v="Epifanio de los Santos Avenue"/>
    <tag k="oneway" v="yes"/>
    <tag k="ref" v="1"/>
    <tag k="source:maxspeed" v="sign"/>
  </way>
  <way id="149827866">
    <nd ref="266809148"/>
    <nd ref="8667980594"/>
    <nd ref="8667980591"/>
    <nd ref="8333006401"/>
    <nd ref="8333006396"/>
    <nd ref="12428802650"/>
    <nd ref="8667980590"/>
    <nd ref="9398002671"/>
    <nd ref="8667980587"/>
    <nd ref="1705520753"/>
    <tag k="bicycle" v="use_sidepath"/>
    <tag k="fine:parking:lane:both" v="5,000 PHP"/>
    <tag k="hgv" v="no"/>
    <tag k="highway" v="secondary"/>
    <tag k="lanes" v="6"/>
    <tag k="lit" v="yes"/>
    <tag k="maxspeed" v="60"/>
    <tag k="maxspeed:bus" v="50"/>
    <tag k="maxspeed:hgv" v="50"/>
    <tag k="name" v="EDSA Extension"/>
    <tag k="name:es" v="Avenida Extensión Epifanio de los Santos"/>
    <tag k="name:fil" v="Karugtong ng Abenida Epifanio de los Santos"/>
    <tag k="name:tl" v="Karugtong ng Abenida Epifanio de los Santos"/>
    <tag k="oneway" v="yes"/>
    <tag k="parking:both" v="no"/>
    <tag k="parking:both:restriction" v="no_stopping"/>
    <tag k="surface" v="asphalt"/>
  </way>
  <way id="156780902">
    <nd ref="138712026"/>
    <nd ref="13130124001"/>
    <nd ref="1107250611"/>
    <nd ref="14132443082"/>
    <nd ref="27049103"/>
    <nd ref="348029009"/>
    <nd ref="9398002676"/>
    <nd ref="6580439033"/>
    <nd ref="6580439036"/>
    <nd ref="1690194022"/>
    <tag k="bicycle" v="use_sidepath"/>
    <tag k="fine:parking:lane:both" v="5,000 PHP"/>
    <tag k="hgv" v="no"/>
    <tag k="highway" v="secondary"/>
    <tag k="lanes" v="4"/>
    <tag k="lit" v="yes"/>
    <tag k="maxspeed" v="60"/>
    <tag k="maxspeed:bus" v="50"/>
    <tag k="maxspeed:hgv" v="50"/>
    <tag k="name" v="EDSA Extension"/>
    <tag k="name:es" v="Avenida Extensión Epifanio de los Santos"/>
    <tag k="name:fil" v="Karugtong ng Abenida Epifanio de los Santos"/>
    <tag k="name:tl" v="Karugtong ng Abenida Epifanio de los Santos"/>
    <tag k="oneway" v="yes"/>
    <tag k="parking:lane:both" v="no_stopping"/>
    <tag k="surface" v="asphalt"/>
  </way>
  <way id="156782224">
    <nd ref="25426152"/>
    <nd ref="24915143"/>
    <tag k="bicycle" v="use_sidepath"/>
    <tag k="fine:parking:lane:both" v="5,000 PHP"/>
    <tag k="foot" v="no"/>
    <tag k="highway" v="trunk"/>
    <tag k="int_ref" v="AH26"/>
    <tag k="int_ref:colour" v="blue"/>
    <tag k="lanes" v="6"/>
    <tag k="lit" v="yes"/>
    <tag k="maxspeed" v="60"/>
    <tag k="maxspeed:bus" v="50"/>
    <tag k="maxspeed:hgv" v="50"/>
    <tag k="name" v="EDSA"/>
    <tag k="name:es" v="Avenida Epifanio de los Santos"/>
    <tag k="name:fil" v="Abenida Epifanio de los Santos"/>
    <tag k="name:tl" v="Abenida Epifanio de los Santos"/>
    <tag k="oneway" v="yes"/>
    <tag k="parking:lane:both" v="no_stopping"/>
    <tag k="ref" v="1"/>
    <tag k="source:maxspeed" v="sign"/>
    <tag k="surface" v="asphalt"/>
  </way>
  <way id="156782313">
    <nd ref="143676951"/>
    <nd ref="983430262"/>
    <tag k="bicycle" v="use_sidepath"/>
    <tag k="fine:foot" v="5,000 PHP"/>
    <tag k="fine:parking:lane:both" v="5,000 PHP"/>
    <tag k="foot" v="no"/>
    <tag k="highway" v="trunk"/>
    <tag k="int_ref" v="AH26"/>
    <tag k="int_ref:colour" v="blue"/>
    <tag k="lanes" v="5"/>
    <tag k="lit" v="yes"/>
    <tag k="maxheight" v="4.27"/>
    <tag k="maxspeed" v="60"/>
    <tag k="maxspeed:bus" v="50"/>
    <tag k="maxspeed:hgv" v="50"/>
    <tag k="name" v="EDSA"/>
    <tag k="name:es" v="Avenida Epifanio de los Santos"/>
    <tag k="name:tl" v="Abenida Epifanio de los Santos"/>
    <tag k="oneway" v="yes"/>
    <tag k="ref" v="1"/>
    <tag k="sidewalk" v="separate"/>
    <tag k="source:maxspeed" v="sign"/>
    <tag k="surface" v="concrete"/>
  </way>
  <way id="162065415">
    <nd ref="9885408968"/>
    <nd ref="7474757284"/>
    <nd ref="7533676209"/>
    <nd ref="3775223371"/>
    <tag k="destination:lanes" v="Balintawak;Monumento|Cubao;NLEX|Ayala;Ortigas|"/>
    <tag k="foot" v="use_sidepath"/>
    <tag k="hgv" v="no"/>
    <tag k="highway" v="trunk"/>
    <tag k="int_ref" v="AH26"/>
    <tag k="int_ref:colour" v="blue"/>
    <tag k="lanes" v="4"/>
    <tag k="lit" v="yes"/>
    <tag k="maxspeed" v="60"/>
    <tag k="maxspeed:bus" v="50"/>
    <tag k="maxspeed:hgv" v="50"/>
    <tag k="name" v="EDSA"/>
    <tag k="name:es" v="Avenida Epifanio de los Santos"/>
    <tag k="name:fil" v="Abenida Epifanio de los Santos"/>
    <tag k="name:tl" v="Abenida Epifanio de los Santos"/>
    <tag k="official_name" v="Epifanio de los Santos Avenue"/>
    <tag k="oneway" v="yes"/>
    <tag k="ref" v="1"/>
    <tag k="sidewalk" v="separate"/>
    <tag k="source:maxspeed" v="sign"/>
    <tag k="surface" v="asphalt"/>
  </way>
  <way id="181152096">
    <nd ref="1497962778"/>
    <nd ref="24081972"/>
    <tag k="cycleway:right" v="lane"/>
    <tag k="hgv" v="no"/>
    <tag k="highway" v="primary"/>
    <tag k="int_ref" v="AH26"/>
    <tag k="lanes" v="3"/>
    <tag k="lit" v="yes"/>
    <tag k="maxspeed" v="60"/>
    <tag k="maxspeed:bus" v="50"/>
    <tag k="maxspeed:hgv" v="50"/>
    <tag k="name" v="EDSA"/>
    <tag k="name:es" v="Avenida Epifanio de los Santos"/>
    <tag k="name:fil" v="Abenida Epifanio de los Santos"/>
    <tag k="name:tl" v="Abenida Epifanio de los Santos"/>
    <tag k="official_name" v="Epifanio de los Santos Avenue"/>
    <tag k="oneway" v="yes"/>
    <tag k="sidewalk:right" v="yes"/>
    <tag k="source:maxspeed" v="sign"/>
  </way>
  <way id="187896430">
    <nd ref="50630443"/>
    <nd ref="4742976724"/>
    <nd ref="12063632338"/>
    <nd ref="7729752197"/>
    <nd ref="7729752198"/>
    <nd ref="8632578498"/>
    <nd ref="12086299358"/>
    <nd ref="12063632331"/>
    <nd ref="11461377946"/>
    <nd ref="11461377951"/>
    <nd ref="8597376318"/>
    <nd ref="13164536436"/>
    <nd ref="13164536422"/>
    <nd ref="8597376325"/>
    <nd ref="13164460804"/>
    <nd ref="5639304792"/>
    <nd ref="9926843934"/>
    <tag k="cycleway:right" v="lane"/>
    <tag k="cycleway:right:lane" v="advisory"/>
    <tag k="foot" v="yes"/>
    <tag k="highway" v="trunk"/>
    <tag k="int_ref" v="AH26"/>
    <tag k="int_ref:colour" v="blue"/>
    <tag k="lane_markings" v="yes"/>
    <tag k="lanes" v="4"/>
    <tag k="lit" v="yes"/>
    <tag k="maxspeed" v="60"/>
    <tag k="maxspeed:bus" v="50"/>
    <tag k="maxspeed:hgv" v="50"/>
    <tag k="name" v="EDSA"/>
    <tag k="name:es" v="Avenida Epifanio de los Santos"/>
    <tag k="name:fil" v="Abenida Epifanio de los Santos"/>
    <tag k="name:tl" v="Abenida Epifanio de los Santos"/>
    <tag k="official_name" v="Epifanio de los Santos Avenue"/>
    <tag k="oneway" v="yes"/>
    <tag k="oneway:bicycle" v="yes"/>
    <tag k="ref" v="1"/>
    <tag k="sidewalk:right" v="separate"/>
    <tag k="source:maxspeed" v="sign"/>
    <tag k="surface" v="paved"/>
    <tag k="width" v="19.2"/>
  </way>
  <way id="188163087">
    <nd ref="24077626"/>
    <nd ref="24078211"/>
    <tag k="cycleway:lane" v="advisory"/>
    <tag k="cycleway:right" v="lane"/>
    <tag k="foot" v="yes"/>
    <tag k="hgv" v="no"/>
    <tag k="highway" v="trunk"/>
    <tag k="int_ref" v="AH26"/>
    <tag k="int_ref:colour" v="blue"/>
    <tag k="lanes" v="3"/>
    <tag k="lit" v="yes"/>
    <tag k="maxspeed" v="60"/>
    <tag k="maxspeed:bus" v="50"/>
    <tag k="maxspeed:hgv" v="50"/>
    <tag k="name" v="EDSA"/>
    <tag k="name:es" v="Avenida Epifanio de los Santos"/>
    <tag k="name:fil" v="Abenida Epifanio de los Santos"/>
    <tag k="name:tl" v="Abenida Epifanio de los Santos"/>
    <tag k="official_name" v="Epifanio de los Santos Avenue"/>
    <tag k="oneway" v="yes"/>
    <tag k="ref" v="1"/>
    <tag k="source:maxspeed" v="sign"/>
    <tag k="surface" v="asphalt"/>
  </way>
  <way id="188163088">
    <nd ref="3775223371"/>
    <nd ref="6916177445"/>
    <nd ref="313870322"/>
    <tag k="destination:lanes" v="Ayala|Ayala Underpass|Guadalupe;Monumento"/>
    <tag k="foot" v="no"/>
    <tag k="hazmat" v="no"/>
    <tag k="hgv" v="no"/>
    <tag k="highway" v="trunk"/>
    <tag k="int_ref" v="AH26"/>
    <tag k="int_ref:colour" v="blue"/>
    <tag k="lanes" v="3"/>
    <tag k="lit" v="yes"/>
    <tag k="maxspeed" v="60"/>
    <tag k="maxspeed:bus" v="50"/>
    <tag k="maxspeed:hgv" v="50"/>
    <tag k="name" v="EDSA"/>
    <tag k="name:es" v="Avenida Epifanio de los Santos"/>
    <tag k="name:fil" v="Abenida Epifanio de los Santos"/>
    <tag k="name:tl" v="Abenida Epifanio de los Santos"/>
    <tag k="official_name" v="Epifanio de los Santos Avenue"/>
    <tag k="oneway" v="yes"/>
    <tag k="ref" v="1"/>
    <tag k="source:maxspeed" v="sign"/>
    <tag k="surface" v="concrete"/>
  </way>
  <way id="188163089">
    <nd ref="313926476"/>
    <nd ref="5290898287"/>
    <nd ref="313926478"/>
    <tag k="designation" v="national_primary_road"/>
    <tag k="foot" v="no"/>
    <tag k="hgv" v="no"/>
    <tag k="highway" v="trunk"/>
    <tag k="int_ref" v="AH26"/>
    <tag k="lanes" v="3"/>
    <tag k="lit" v="yes"/>
    <tag k="maxspeed" v="60"/>
    <tag k="maxspeed:bus" v="50"/>
    <tag k="maxspeed:hgv" v="50"/>
    <tag k="name" v="EDSA"/>
    <tag k="name:es" v="Avenida Epifanio de los Santos"/>
    <tag k="name:fil" v="Abenida Epifanio de los Santos"/>
    <tag k="name:tl" v="Abenida Epifanio de los Santos"/>
    <tag k="official_name" v="Epifanio de los Santos Avenue"/>
    <tag k="oneway" v="yes"/>
    <tag k="ref" v="1"/>
    <tag k="source:maxspeed" v="sign"/>
    <tag k="surface" v="asphalt"/>
  </way>
  <way id="188163090">
    <nd ref="313484951"/>
    <nd ref="313470547"/>
    <nd ref="8477491949"/>
    <nd ref="8477491939"/>
    <nd ref="313470521"/>
    <nd ref="8585680914"/>
    <nd ref="8585680906"/>
    <nd ref="5880294770"/>
    <nd ref="5880294780"/>
    <nd ref="313469981"/>
    <nd ref="9987531507"/>
    <nd ref="313469366"/>
    <nd ref="5443284313"/>
    <nd ref="299385664"/>
    <nd ref="8658206527"/>
    <nd ref="13150221195"/>
    <nd ref="13150224604"/>
    <nd ref="13150224607"/>
    <nd ref="88927152"/>
    <nd ref="299385496"/>
    <nd ref="13710396939"/>
    <nd ref="5602529031"/>
    <nd ref="9875280284"/>
    <tag k="cycleway:lane" v="advisory"/>
    <tag k="cycleway:right" v="lane"/>
    <tag k="foot" v="yes"/>
    <tag k="hgv" v="no"/>
    <tag k="highway" v="trunk"/>
    <tag k="int_ref" v="AH26"/>
    <tag k="int_ref:colour" v="blue"/>
    <tag k="lanes" v="4"/>
    <tag k="lit" v="yes"/>
    <tag k="maxspeed" v="60"/>
    <tag k="maxspeed:bus" v="50"/>
    <tag k="maxspeed:hgv" v="50"/>
    <tag k="name" v="EDSA"/>
    <tag k="name:es" v="Avenida Epifanio de los Santos"/>
    <tag k="name:fil" v="Abenida Epifanio de los Santos"/>
    <tag k="name:tl" v="Abenida Epifanio de los Santos"/>
    <tag k="official_name" v="Epifanio de los Santos Avenue"/>
    <tag k="oneway" v="yes"/>
    <tag k="ref" v="1"/>
    <tag k="sidewalk:right" v="separate"/>
    <tag k="source:maxspeed" v="sign"/>
  </way>
  <way id="188163091">
    <nd ref="6916433138"/>
    <nd ref="7474757282"/>
    <nd ref="5291609744"/>
    <tag k="destination:lanes" v="Pasay;Baclaran|SLEX;Alabang|Manila|"/>
    <tag k="destination:symbol:lanes" v="airport|airport||"/>
    <tag k="foot" v="use_sidepath"/>
    <tag k="hgv" v="no"/>
    <tag k="highway" v="trunk"/>
    <tag k="int_ref" v="AH26"/>
    <tag k="int_ref:colour" v="blue"/>
    <tag k="lanes" v="4"/>
    <tag k="lit" v="yes"/>
    <tag k="maxspeed" v="60"/>
    <tag k="maxspeed:bus" v="50"/>
    <tag k="maxspeed:hgv" v="50"/>
    <tag k="name" v="EDSA"/>
    <tag k="name:es" v="Avenida Epifanio de los Santos"/>
    <tag k="name:fil" v="Abenida Epifanio de los Santos"/>
    <tag k="name:tl" v="Abenida Epifanio de los Santos"/>
    <tag k="note" v="1;AH26"/>
    <tag k="official_name" v="Epifanio de los Santos Avenue"/>
    <tag k="oneway" v="yes"/>
    <tag k="placement" v="middle_of:3"/>
    <tag k="ref" v="1"/>
    <tag k="sidewalk" v="separate"/>
    <tag k="source:maxspeed" v="sign"/>
    <tag k="surface" v="asphalt"/>
  </way>
  <way id="188163092">
    <nd ref="2697093716"/>
    <nd ref="313870591"/>
    <nd ref="5886034954"/>
    <nd ref="316969133"/>
    <tag k="cycleway:lane" v="advisory"/>
    <tag k="cycleway:right" v="lane"/>
    <tag k="designation" v="national_primary_road"/>
    <tag k="foot" v="yes"/>
    <tag k="highway" v="primary"/>
    <tag k="int_ref" v="AH26"/>
    <tag k="lanes" v="3"/>
    <tag k="lit" v="yes"/>
    <tag k="maxspeed" v="60"/>
    <tag k="maxspeed:bus" v="50"/>
    <tag k="maxspeed:hgv" v="50"/>
    <tag k="name" v="EDSA"/>
    <tag k="name:es" v="Avenida Epifanio de los Santos"/>
    <tag k="name:fil" v="Abenida Epifanio de los Santos"/>
    <tag k="name:tl" v="Abenida Epifanio de los Santos"/>
    <tag k="official_name" v="Epifanio de los Santos Avenue"/>
    <tag k="oneway" v="yes"/>
    <tag k="ref" v="1"/>
    <tag k="source:maxspeed" v="sign"/>
    <tag k="surface" v="asphalt"/>
  </way>
  <way id="188165086">
    <nd ref="5290876970"/>
    <nd ref="5290876971"/>
    <nd ref="5290876972"/>
    <nd ref="5286256977"/>
    <nd ref="5286256978"/>
    <nd ref="24081039"/>
    <nd ref="5286256980"/>
    <nd ref="5286256979"/>
    <nd ref="5286256981"/>
    <nd ref="5286256982"/>
    <nd ref="5286256983"/>
    <nd ref="24081110"/>
    <tag k="cycleway:right" v="lane"/>
    <tag k="foot" v="yes"/>
    <tag k="hgv" v="no"/>
    <tag k="highway" v="trunk"/>
    <tag k="int_ref" v="AH26"/>
    <tag k="int_ref:colour" v="blue"/>
    <tag k="lanes" v="5"/>
    <tag k="lit" v="yes"/>
    <tag k="maxspeed" v="60"/>
    <tag k="maxspeed:bus" v="50"/>
    <tag k="maxspeed:hgv" v="50"/>
    <tag k="name" v="EDSA"/>
    <tag k="name:es" v="Avenida Epifanio de los Santos"/>
    <tag k="name:fil" v="Abenida Epifanio de los Santos"/>
    <tag k="name:tl" v="Abenida Epifanio de los Santos"/>
    <tag k="official_name" v="Epifanio de los Santos Avenue"/>
    <tag k="oneway" v="yes"/>
    <tag k="oneway:bicycle" v="yes"/>
    <tag k="ref" v="1"/>
    <tag k="source:maxspeed" v="sign"/>
    <tag k="surface" v="concrete"/>
  </way>
  <way id="188165087">
    <nd ref="8186879576"/>
    <nd ref="321553342"/>
    <nd ref="11662179717"/>
    <nd ref="8386288919"/>
    <nd ref="11662179735"/>
    <nd ref="11662179731"/>
    <nd ref="11662179727"/>
    <nd ref="11662179722"/>
    <nd ref="11662088542"/>
    <nd ref="8386288920"/>
    <nd ref="9776176308"/>
    <nd ref="5821774513"/>
    <nd ref="8595216694"/>
    <nd ref="12067613"/>
    <tag k="cycleway:right" v="lane"/>
    <tag k="foot" v="use_sidepath"/>
    <tag k="hgv" v="no"/>
    <tag k="highway" v="trunk"/>
    <tag k="int_ref" v="AH26"/>
    <tag k="int_ref:colour" v="blue"/>
    <tag k="lanes" v="4"/>
    <tag k="lit" v="yes"/>
    <tag k="maxspeed" v="60"/>
    <tag k="maxspeed:bus" v="50"/>
    <tag k="maxspeed:hgv" v="50"/>
    <tag k="name" v="EDSA"/>
    <tag k="name:es" v="Avenida Epifanio de los Santos"/>
    <tag k="name:fil" v="Abenida Epifanio de los Santos"/>
    <tag k="name:tl" v="Abenida Epifanio de los Santos"/>
    <tag k="official_name" v="Epifanio de los Santos Avenue"/>
    <tag k="oneway" v="yes"/>
    <tag k="ref" v="1"/>
    <tag k="source:maxspeed" v="sign"/>
  </way>
  <way id="188165088">
    <nd ref="333524170"/>
    <nd ref="333524278"/>
    <nd ref="7640063316"/>
    <tag k="destination:street" v="EDSA Northbound"/>
    <tag k="foot" v="no"/>
    <tag k="hgv" v="no"/>
    <tag k="highway" v="trunk"/>
    <tag k="int_ref" v="AH26"/>
    <tag k="int_ref:colour" v="blue"/>
    <tag k="lane_markings" v="yes"/>
    <tag k="lanes" v="2"/>
    <tag k="lit" v="yes"/>
    <tag k="maxspeed" v="60"/>
    <tag k="maxspeed:bus" v="50"/>
    <tag k="maxspeed:hgv" v="50"/>
    <tag k="name" v="EDSA"/>
    <tag k="name:es" v="Avenida Epifanio de los Santos"/>
    <tag k="name:fil" v="Abenida Epifanio de los Santos"/>
    <tag k="name:tl" v="Abenida Epifanio de los Santos"/>
    <tag k="official_name" v="Epifanio de los Santos Avenue"/>
    <tag k="oneway" v="yes"/>
    <tag k="ref" v="1"/>
    <tag k="source:maxspeed" v="sign"/>
  </way>
  <way id="188165089">
    <nd ref="345573382"/>
    <nd ref="345573381"/>
    <tag k="destination:street" v="EDSA Northbound"/>
    <tag k="foot" v="no"/>
    <tag k="highway" v="trunk"/>
    <tag k="int_ref" v="AH26"/>
    <tag k="int_ref:colour" v="blue"/>
    <tag k="lanes" v="2"/>
    <tag k="lit" v="yes"/>
    <tag k="maxspeed" v="60"/>
    <tag k="maxspeed:bus" v="50"/>
    <tag k="maxspeed:hgv" v="50"/>
    <tag k="name" v="EDSA"/>
    <tag k="name:es" v="Avenida Epifanio de los Santos"/>
    <tag k="name:fil" v="Abenida Epifanio de los Santos"/>
    <tag k="name:tl" v="Abenida Epifanio de los Santos"/>
    <tag k="official_name" v="Epifanio de los Santos Avenue"/>
    <tag k="oneway" v="yes"/>
    <tag k="ref" v="1"/>
    <tag k="source:maxspeed" v="sign"/>
  </way>
  <way id="188165090">
    <nd ref="2467729098"/>
    <nd ref="345573100"/>
    <tag k="access:lanes" v="no|yes|yes"/>
    <tag k="bus:lanes" v="designated||"/>
    <tag k="destination:lanes" v="Buses Only||"/>
    <tag k="foot" v="no"/>
    <tag k="highway" v="trunk"/>
    <tag k="int_ref" v="AH26"/>
    <tag k="int_ref:colour" v="blue"/>
    <tag k="lanes" v="3"/>
    <tag k="lit" v="yes"/>
    <tag k="maxspeed" v="60"/>
    <tag k="maxspeed:bus" v="50"/>
    <tag k="maxspeed:hgv" v="50"/>
    <tag k="name" v="EDSA"/>
    <tag k="name:es" v="Avenida Epifanio de los Santos"/>
    <tag k="name:fil" v="Abenida Epifanio de los Santos"/>
    <tag k="name:tl" v="Abenida Epifanio de los Santos"/>
    <tag k="official_name" v="Epifanio de los Santos Avenue"/>
    <tag k="oneway" v="yes"/>
    <tag k="ref" v="1"/>
    <tag k="source:maxspeed" v="sign"/>
  </way>
  <way id="188165091">
    <nd ref="24079238"/>
    <nd ref="462069122"/>
    <tag k="destination" v="EDSA Northbound"/>
    <tag k="foot" v="no"/>
    <tag k="hgv" v="no"/>
    <tag k="highway" v="trunk"/>
    <tag k="int_ref" v="AH26"/>
    <tag k="int_ref:colour" v="blue"/>
    <tag k="lanes" v="2"/>
    <tag k="lit" v="yes"/>
    <tag k="maxspeed" v="60"/>
    <tag k="maxspeed:bus" v="50"/>
    <tag k="maxspeed:hgv" v="50"/>
    <tag k="name" v="EDSA"/>
    <tag k="name:es" v="Avenida Epifanio de los Santos"/>
    <tag k="name:fil" v="Abenida Epifanio de los Santos"/>
    <tag k="name:tl" v="Abenida Epifanio de los Santos"/>
    <tag k="note" v="value of ref &quot;1;AH26&quot; is just experimental upto April 2015 pending observation of effects on mobile Apps rendering (so far ok with mapnik)"/>
    <tag k="official_name" v="Epifanio de los Santos Avenue"/>
    <tag k="oneway" v="yes"/>
    <tag k="ref" v="1"/>
    <tag k="source:maxspeed" v="sign"/>
    <tag k="surface" v="asphalt"/>
  </way>
  <way id="188165093">
    <nd ref="462069082"/>
    <nd ref="305099887"/>
    <tag k="foot" v="no"/>
    <tag k="hgv" v="no"/>
    <tag k="highway" v="trunk"/>
    <tag k="int_ref" v="AH26"/>
    <tag k="int_ref:colour" v="blue"/>
    <tag k="lanes" v="2"/>
    <tag k="lit" v="yes"/>
    <tag k="maxspeed" v="60"/>
    <tag k="maxspeed:bus" v="50"/>
    <tag k="maxspeed:hgv" v="50"/>
    <tag k="name" v="EDSA"/>
    <tag k="name:es" v="Avenida Epifanio de los Santos"/>
    <tag k="name:fil" v="Abenida Epifanio de los Santos"/>
    <tag k="name:tl" v="Abenida Epifanio de los Santos"/>
    <tag k="note" v="value of ref &quot;1;AH26&quot; is just experimental upto April 2015 pending observation of effects on mobile Apps rendering (so far ok with mapnik)"/>
    <tag k="official_name" v="Epifanio de los Santos Avenue"/>
    <tag k="oneway" v="yes"/>
    <tag k="ref" v="1"/>
    <tag k="source:maxspeed" v="sign"/>
    <tag k="surface" v="asphalt"/>
  </way>
  <way id="188165094">
    <nd ref="321744985"/>
    <nd ref="321744892"/>
    <nd ref="962953430"/>
    <tag k="foot" v="no"/>
    <tag k="hazmat" v="no"/>
    <tag k="hgv" v="no"/>
    <tag k="highway" v="trunk"/>
    <tag k="int_ref" v="AH26"/>
    <tag k="int_ref:colour" v="blue"/>
    <tag k="lanes" v="2"/>
    <tag k="lit" v="yes"/>
    <tag k="maxspeed" v="60"/>
    <tag k="maxspeed:bus" v="50"/>
    <tag k="maxspeed:hgv" v="50"/>
    <tag k="name" v="EDSA"/>
    <tag k="name:es" v="Avenida Epifanio de los Santos"/>
    <tag k="name:fil" v="Abenida Epifanio de los Santos"/>
    <tag k="name:tl" v="Abenida Epifanio de los Santos"/>
    <tag k="note" v="value of ref &quot;1;AH26&quot; is just experimental upto April 2015 pending observation of effects on mobile Apps rendering (so far ok with mapnik)"/>
    <tag k="official_name" v="Epifanio de los Santos Avenue"/>
    <tag k="oneway" v="yes"/>
    <tag k="ref" v="1"/>
    <tag k="source:maxspeed" v="sign"/>
    <tag k="surface" v="asphalt"/>
  </way>
  <way id="188165098">
    <nd ref="962953432"/>
    <nd ref="334410607"/>
    <nd ref="414556826"/>
    <tag k="destination" v="EDSA;Ortigas;Cubao"/>
    <tag k="foot" v="no"/>
    <tag k="hazmat" v="no"/>
    <tag k="hgv" v="no"/>
    <tag k="highway" v="trunk"/>
    <tag k="int_ref" v="AH26"/>
    <tag k="int_ref:colour" v="blue"/>
    <tag k="lanes" v="2"/>
    <tag k="lit" v="yes"/>
    <tag k="maxspeed" v="60"/>
    <tag k="maxspeed:bus" v="50"/>
    <tag k="maxspeed:hgv" v="50"/>
    <tag k="name" v="EDSA"/>
    <tag k="name:es" v="Avenida Epifanio de los Santos"/>
    <tag k="name:fil" v="Abenida Epifanio de los Santos"/>
    <tag k="name:tl" v="Abenida Epifanio de los Santos"/>
    <tag k="official_name" v="Epifanio de los Santos Avenue"/>
    <tag k="oneway" v="yes"/>
    <tag k="ref" v="1"/>
    <tag k="source:maxspeed" v="sign"/>
    <tag k="surface" v="asphalt"/>
  </way>
  <way id="188165099">
    <nd ref="333526141"/>
    <nd ref="333526143"/>
    <tag k="destination" v="Santola;Baclaran"/>
    <tag k="destination:street" v="EDSA Southbound"/>
    <tag k="foot" v="no"/>
    <tag k="hgv" v="no"/>
    <tag k="highway" v="trunk"/>
    <tag k="int_ref" v="AH26"/>
    <tag k="int_ref:colour" v="blue"/>
    <tag k="lanes" v="2"/>
    <tag k="lit" v="yes"/>
    <tag k="maxspeed" v="60"/>
    <tag k="maxspeed:bus" v="50"/>
    <tag k="maxspeed:hgv" v="50"/>
    <tag k="name" v="EDSA"/>
    <tag k="name:es" v="Avenida Epifanio de los Santos"/>
    <tag k="name:fil" v="Abenida Epifanio de los Santos"/>
    <tag k="name:tl" v="Abenida Epifanio de los Santos"/>
    <tag k="official_name" v="Epifanio de los Santos Avenue"/>
    <tag k="oneway" v="yes"/>
    <tag k="ref" v="1"/>
    <tag k="source:maxspeed" v="sign"/>
  </way>
  <way id="188165102">
    <nd ref="21834288"/>
    <nd ref="88772467"/>
    <tag k="cycleway:right" v="lane"/>
    <tag k="designation" v="national_primary_road"/>
    <tag k="foot" v="no"/>
    <tag k="hgv" v="no"/>
    <tag k="highway" v="trunk_link"/>
    <tag k="int_ref" v="AH26"/>
    <tag k="lanes" v="2"/>
    <tag k="lit" v="yes"/>
    <tag k="maxspeed" v="60"/>
    <tag k="maxspeed:bus" v="50"/>
    <tag k="maxspeed:hgv" v="50"/>
    <tag k="name" v="EDSA"/>
    <tag k="name:es" v="Avenida Epifanio de los Santos"/>
    <tag k="name:fil" v="Abenida Epifanio de los Santos"/>
    <tag k="name:tl" v="Abenida Epifanio de los Santos"/>
    <tag k="official_name" v="Epifanio de los Santos Avenue"/>
    <tag k="oneway" v="yes"/>
    <tag k="ref" v="1"/>
    <tag k="source:maxspeed" v="sign"/>
    <tag k="surface" v="asphalt"/>
  </way>
  <way id="188165103">
    <nd ref="6751286234"/>
    <nd ref="5291573138"/>
    <nd ref="5286171973"/>
    <tag k="check_date" v="2024-04-01"/>
    <tag k="cycleway:right" v="lane"/>
    <tag k="foot" v="yes"/>
    <tag k="hgv" v="no"/>
    <tag k="highway" v="trunk"/>
    <tag k="int_ref" v="AH26"/>
    <tag k="int_ref:colour" v="blue"/>
    <tag k="lanes" v="4"/>
    <tag k="lit" v="yes"/>
    <tag k="maxspeed" v="60"/>
    <tag k="maxspeed:bus" v="50"/>
    <tag k="maxspeed:hgv" v="50"/>
    <tag k="name" v="EDSA"/>
    <tag k="name:es" v="Avenida Epifanio de los Santos"/>
    <tag k="name:fil" v="Abenida Epifanio de los Santos"/>
    <tag k="name:tl" v="Abenida Epifanio de los Santos"/>
    <tag k="note" v="value of ref &quot;1;AH26&quot; is just experimental upto April 2015 pending observation of effects on mobile Apps rendering (so far ok with mapnik)"/>
    <tag k="official_name" v="Epifanio de los Santos Avenue"/>
    <tag k="oneway" v="yes"/>
    <tag k="oneway:bicycle" v="yes"/>
    <tag k="ref" v="1"/>
    <tag k="source:maxspeed" v="sign"/>
    <tag k="surface" v="concrete"/>
  </way>
  <way id="188165104">
    <nd ref="258776816"/>
    <nd ref="12018581371"/>
    <nd ref="1615251652"/>
    <nd ref="60093318"/>
    <nd ref="8186551770"/>
    <nd ref="345573456"/>
    <tag k="designation" v="national_primary_road"/>
    <tag k="foot" v="yes"/>
    <tag k="highway" v="secondary"/>
    <tag k="int_ref" v="AH26"/>
    <tag k="lanes" v="3"/>
    <tag k="lit" v="yes"/>
    <tag k="maxspeed" v="60"/>
    <tag k="maxspeed:bus" v="50"/>
    <tag k="maxspeed:hgv" v="50"/>
    <tag k="name" v="EDSA"/>
    <tag k="name:es" v="Avenida Epifanio de los Santos"/>
    <tag k="name:fil" v="Abenida Epifanio de los Santos"/>
    <tag k="name:tl" v="Abenida Epifanio de los Santos"/>
    <tag k="official_name" v="Epifanio de los Santos Avenue"/>
    <tag k="oneway" v="yes"/>
    <tag k="ref" v="1"/>
    <tag k="source:maxspeed" v="sign"/>
  </way>
  <way id="188165105">
    <nd ref="11668730945"/>
    <nd ref="370308116"/>
    <nd ref="11670266175"/>
    <nd ref="13116424784"/>
    <nd ref="13116424781"/>
    <nd ref="11670266172"/>
    <nd ref="8314936658"/>
    <nd ref="305111668"/>
    <tag k="cycleway:right" v="lane"/>
    <tag k="designation" v="national_primary_road"/>
    <tag k="destination" v="Baclaran;Alabang"/>
    <tag k="hgv" v="no"/>
    <tag k="highway" v="trunk_link"/>
    <tag k="int_ref" v="AH26"/>
    <tag k="lanes" v="2"/>
    <tag k="lit" v="yes"/>
    <tag k="maxspeed" v="60"/>
    <tag k="maxspeed:bus" v="50"/>
    <tag k="maxspeed:hgv" v="50"/>
    <tag k="name" v="EDSA"/>
    <tag k="name:es" v="Avenida Epifanio de los Santos"/>
    <tag k="name:fil" v="Abenida Epifanio de los Santos"/>
    <tag k="name:tl" v="Abenida Epifanio de los Santos"/>
    <tag k="official_name" v="Epifanio de los Santos Avenue"/>
    <tag k="oneway" v="yes"/>
    <tag k="ref" v="1"/>
    <tag k="sidewalk:right" v="separate"/>
    <tag k="source:maxspeed" v="sign"/>
    <tag k="surface" v="asphalt"/>
  </way>
  <way id="188165106">
    <nd ref="333524088"/>
    <nd ref="88787349"/>
    <nd ref="2467729098"/>
    <tag k="cycleway:right" v="lane"/>
    <tag k="foot" v="yes"/>
    <tag k="hgv" v="no"/>
    <tag k="highway" v="trunk"/>
    <tag k="int_ref" v="AH26"/>
    <tag k="int_ref:colour" v="blue"/>
    <tag k="lanes" v="5"/>
    <tag k="lit" v="yes"/>
    <tag k="maxspeed" v="60"/>
    <tag k="maxspeed:bus" v="50"/>
    <tag k="maxspeed:hgv" v="50"/>
    <tag k="name" v="EDSA"/>
    <tag k="name:es" v="Avenida Epifanio de los Santos"/>
    <tag k="name:fil" v="Abenida Epifanio de los Santos"/>
    <tag k="name:tl" v="Abenida Epifanio de los Santos"/>
    <tag k="official_name" v="Epifanio de los Santos Avenue"/>
    <tag k="oneway" v="yes"/>
    <tag k="oneway:bicycle" v="yes"/>
    <tag k="ref" v="1"/>
    <tag k="source:maxspeed" v="sign"/>
  </way>
  <way id="188165107">
    <nd ref="345573456"/>
    <nd ref="8504085610"/>
    <nd ref="13890051240"/>
    <nd ref="8658770306"/>
    <nd ref="504009072"/>
    <nd ref="8658768292"/>
    <nd ref="8632886859"/>
    <nd ref="6763383665"/>
    <nd ref="333524170"/>
    <tag k="cycleway:right" v="lane"/>
    <tag k="foot" v="yes"/>
    <tag k="hgv" v="no"/>
    <tag k="highway" v="trunk"/>
    <tag k="int_ref" v="AH26"/>
    <tag k="int_ref:colour" v="blue"/>
    <tag k="lanes" v="4"/>
    <tag k="lit" v="yes"/>
    <tag k="maxspeed" v="60"/>
    <tag k="maxspeed:bus" v="50"/>
    <tag k="maxspeed:hgv" v="50"/>
    <tag k="name" v="EDSA"/>
    <tag k="name:es" v="Avenida Epifanio de los Santos"/>
    <tag k="name:fil" v="Abenida Epifanio de los Santos"/>
    <tag k="name:tl" v="Abenida Epifanio de los Santos"/>
    <tag k="official_name" v="Epifanio de los Santos Avenue"/>
    <tag k="oneway" v="yes"/>
    <tag k="oneway:bicycle" v="yes"/>
    <tag k="ref" v="1"/>
    <tag k="source:maxspeed" v="sign"/>
  </way>
  <way id="188165108">
    <nd ref="4242563043"/>
    <nd ref="11969230006"/>
    <nd ref="12029724347"/>
    <nd ref="5286225341"/>
    <tag k="cycleway:right" v="lane"/>
    <tag k="designation" v="national_primary_road"/>
    <tag k="destination" v="San Juan;Greenhills"/>
    <tag k="hgv" v="no"/>
    <tag k="highway" v="trunk_link"/>
    <tag k="int_ref" v="AH26"/>
    <tag k="lanes" v="2"/>
    <tag k="lit" v="yes"/>
    <tag k="maxspeed" v="60"/>
    <tag k="maxspeed:bus" v="50"/>
    <tag k="maxspeed:hgv" v="50"/>
    <tag k="name" v="EDSA"/>
    <tag k="name:es" v="Avenida Epifanio de los Santos"/>
    <tag k="name:fil" v="Abenida Epifanio de los Santos"/>
    <tag k="name:tl" v="Abenida Epifanio de los Santos"/>
    <tag k="official_name" v="Epifanio de los Santos Avenue"/>
    <tag k="oneway" v="yes"/>
    <tag k="ref" v="1"/>
    <tag k="source:maxspeed" v="sign"/>
    <tag k="surface" v="asphalt"/>
  </way>
  <way id="188165109">
    <nd ref="973541489"/>
    <nd ref="12128313501"/>
    <nd ref="12128303203"/>
    <nd ref="12128313402"/>
    <nd ref="957845503"/>
    <tag k="cycleway:right" v="lane"/>
    <tag k="foot" v="yes"/>
    <tag k="hgv" v="no"/>
    <tag k="highway" v="trunk"/>
    <tag k="int_ref" v="AH26"/>
    <tag k="int_ref:colour" v="blue"/>
    <tag k="lanes" v="3"/>
    <tag k="lit" v="yes"/>
    <tag k="maxspeed" v="60"/>
    <tag k="maxspeed:bus" v="50"/>
    <tag k="maxspeed:hgv" v="50"/>
    <tag k="name" v="EDSA"/>
    <tag k="name:es" v="Avenida Epifanio de los Santos"/>
    <tag k="name:fil" v="Abenida Epifanio de los Santos"/>
    <tag k="name:tl" v="Abenida Epifanio de los Santos"/>
    <tag k="official_name" v="Epifanio de los Santos Avenue"/>
    <tag k="oneway" v="yes"/>
    <tag k="oneway:bicycle" v="yes"/>
    <tag k="ref" v="1"/>
    <tag k="source:maxspeed" v="sign"/>
    <tag k="surface" v="concrete"/>
  </way>
  <way id="188165110">
    <nd ref="414556813"/>
    <nd ref="5286755074"/>
    <nd ref="2331992410"/>
    <nd ref="2331992413"/>
    <nd ref="2331992415"/>
    <nd ref="9951229724"/>
    <nd ref="12144723778"/>
    <tag k="foot" v="no"/>
    <tag k="hazmat" v="no"/>
    <tag k="hgv" v="no"/>
    <tag k="highway" v="trunk"/>
    <tag k="int_ref" v="AH26"/>
    <tag k="int_ref:colour" v="blue"/>
    <tag k="lanes" v="2"/>
    <tag k="lit" v="yes"/>
    <tag k="maxspeed" v="60"/>
    <tag k="maxspeed:bus" v="50"/>
    <tag k="maxspeed:hgv" v="50"/>
    <tag k="name" v="EDSA"/>
    <tag k="name:es" v="Avenida Epifanio de los Santos"/>
    <tag k="name:fil" v="Abenida Epifanio de los Santos"/>
    <tag k="name:tl" v="Abenida Epifanio de los Santos"/>
    <tag k="official_name" v="Epifanio de los Santos Avenue"/>
    <tag k="oneway" v="yes"/>
    <tag k="ref" v="1"/>
    <tag k="source" v="Yahoo"/>
    <tag k="source:maxspeed" v="sign"/>
    <tag k="surface" v="asphalt"/>
  </way>
  <way id="188165111">
    <nd ref="12067613"/>
    <nd ref="2331992414"/>
    <nd ref="5286755064"/>
    <nd ref="5286755065"/>
    <tag k="destination" v="EDSA;Guadalupe;Ayala"/>
    <tag k="foot" v="no"/>
    <tag k="hazmat" v="no"/>
    <tag k="hgv" v="no"/>
    <tag k="highway" v="trunk"/>
    <tag k="int_ref" v="AH26"/>
    <tag k="int_ref:colour" v="blue"/>
    <tag k="lanes" v="2"/>
    <tag k="lit" v="yes"/>
    <tag k="maxspeed" v="60"/>
    <tag k="maxspeed:bus" v="50"/>
    <tag k="maxspeed:hgv" v="50"/>
    <tag k="name" v="EDSA"/>
    <tag k="name:es" v="Avenida Epifanio de los Santos"/>
    <tag k="name:fil" v="Abenida Epifanio de los Santos"/>
    <tag k="name:tl" v="Abenida Epifanio de los Santos"/>
    <tag k="official_name" v="Epifanio de los Santos Avenue"/>
    <tag k="oneway" v="yes"/>
    <tag k="ref" v="1"/>
    <tag k="source" v="Yahoo"/>
    <tag k="source:maxspeed" v="sign"/>
    <tag k="surface" v="asphalt"/>
  </way>
  <way id="224149785">
    <nd ref="92300703"/>
    <nd ref="7244807582"/>
    <tag k="designation" v="national_primary_road"/>
    <tag k="foot" v="no"/>
    <tag k="highway" v="trunk_link"/>
    <tag k="int_ref" v="AH26"/>
    <tag k="lanes" v="2"/>
    <tag k="lit" v="yes"/>
    <tag k="maxspeed" v="60"/>
    <tag k="maxspeed:bus" v="50"/>
    <tag k="maxspeed:hgv" v="50"/>
    <tag k="name" v="EDSA"/>
    <tag k="name:es" v="Avenida Epifanio de los Santos"/>
    <tag k="name:fil" v="Abenida Epifanio de los Santos"/>
    <tag k="name:tl" v="Abenida Epifanio de los Santos"/>
    <tag k="official_name" v="Epifanio de los Santos Avenue"/>
    <tag k="oneway" v="yes"/>
    <tag k="ref" v="1"/>
    <tag k="source:maxspeed" v="sign"/>
  </way>
  <way id="224150182">
    <nd ref="5821774515"/>
    <nd ref="1740120873"/>
    <tag k="cycleway:right" v="lane"/>
    <tag k="foot" v="no"/>
    <tag k="hgv" v="no"/>
    <tag k="highway" v="trunk"/>
    <tag k="int_ref" v="AH26"/>
    <tag k="int_ref:colour" v="blue"/>
    <tag k="lanes" v="4"/>
    <tag k="lit" v="yes"/>
    <tag k="maxspeed" v="60"/>
    <tag k="maxspeed:bus" v="50"/>
    <tag k="maxspeed:hgv" v="50"/>
    <tag k="name" v="EDSA"/>
    <tag k="name:es" v="Avenida Epifanio de los Santos"/>
    <tag k="name:fil" v="Abenida Epifanio de los Santos"/>
    <tag k="name:tl" v="Abenida Epifanio de los Santos"/>
    <tag k="official_name" v="Epifanio de los Santos Avenue"/>
    <tag k="oneway" v="yes"/>
    <tag k="ref" v="1"/>
    <tag k="source:maxspeed" v="sign"/>
  </way>
  <way id="224220096">
    <nd ref="143676980"/>
    <nd ref="13278948641"/>
    <nd ref="143676951"/>
    <tag k="foot" v="no"/>
    <tag k="highway" v="trunk"/>
    <tag k="int_ref" v="AH26"/>
    <tag k="int_ref:colour" v="blue"/>
    <tag k="lanes" v="4"/>
    <tag k="lit" v="yes"/>
    <tag k="maxheight" v="4.27"/>
    <tag k="maxspeed" v="60"/>
    <tag k="maxspeed:bus" v="50"/>
    <tag k="maxspeed:hgv" v="50"/>
    <tag k="name" v="EDSA"/>
    <tag k="name:es" v="Avenida Epifanio de los Santos"/>
    <tag k="name:tl" v="Abenida Epifanio de los Santos"/>
    <tag k="oneway" v="yes"/>
    <tag k="ref" v="1"/>
    <tag k="source:maxspeed" v="sign"/>
    <tag k="surface" v="asphalt"/>
  </way>
  <way id="224385669">
    <nd ref="186466010"/>
    <nd ref="746066065"/>
    <nd ref="2467729092"/>
    <nd ref="11961440148"/>
    <nd ref="24080860"/>
    <nd ref="1909553429"/>
    <tag k="designation" v="national_primary_road"/>
    <tag k="foot" v="yes"/>
    <tag k="highway" v="trunk_link"/>
    <tag k="int_ref" v="AH26"/>
    <tag k="lanes" v="2"/>
    <tag k="lit" v="yes"/>
    <tag k="maxspeed" v="60"/>
    <tag k="maxspeed:bus" v="50"/>
    <tag k="maxspeed:hgv" v="50"/>
    <tag k="name" v="EDSA"/>
    <tag k="name:es" v="Avenida Epifanio de los Santos"/>
    <tag k="name:fil" v="Abenida Epifanio de los Santos"/>
    <tag k="name:tl" v="Abenida Epifanio de los Santos"/>
    <tag k="official_name" v="Epifanio de los Santos Avenue"/>
    <tag k="oneway" v="yes"/>
    <tag k="ref" v="1"/>
    <tag k="source:maxspeed" v="sign"/>
  </way>
  <way id="230520298">
    <nd ref="243434743"/>
    <nd ref="243461675"/>
    <nd ref="8688144400"/>
    <nd ref="8688144394"/>
    <nd ref="243461673"/>
    <nd ref="244312768"/>
    <nd ref="5291036084"/>
    <nd ref="32169081"/>
    <tag k="highway" v="trunk_link"/>
    <tag k="int_ref" v="AH26"/>
    <tag k="int_ref:colour" v="blue"/>
    <tag k="lanes" v="3"/>
    <tag k="lit" v="yes"/>
    <tag k="maxspeed" v="60"/>
    <tag k="maxspeed:bus" v="50"/>
    <tag k="maxspeed:hgv" v="50"/>
    <tag k="name" v="EDSA"/>
    <tag k="name:es" v="Avenida Epifanio de los Santos"/>
    <tag k="name:fil" v="Abenida Epifanio de los Santos"/>
    <tag k="name:tl" v="Abenida Epifanio de los Santos"/>
    <tag k="official_name" v="EDSA Service Rd 1 South Bound"/>
    <tag k="oneway" v="yes"/>
    <tag k="ref" v="1"/>
    <tag k="source:maxspeed" v="sign"/>
    <tag k="surface" v="asphalt"/>
    <tag k="turn:lanes" v="through|through|through"/>
  </way>
  <way id="238967420">
    <nd ref="32169158"/>
    <nd ref="10696433973"/>
    <tag k="designation" v="national_primary_road"/>
    <tag k="foot" v="no"/>
    <tag k="highway" v="trunk"/>
    <tag k="int_ref" v="AH26"/>
    <tag k="int_ref:colour" v="blue"/>
    <tag k="lanes" v="2"/>
    <tag k="lit" v="yes"/>
    <tag k="maxspeed" v="60"/>
    <tag k="maxspeed:bus" v="50"/>
    <tag k="maxspeed:hgv" v="50"/>
    <tag k="name" v="EDSA"/>
    <tag k="name:es" v="Avenida Epifanio de los Santos"/>
    <tag k="name:fil" v="Abenida Epifanio de los Santos"/>
    <tag k="name:tl" v="Abenida Epifanio de los Santos"/>
    <tag k="official_name" v="Epifanio de los Santos Avenue"/>
    <tag k="oneway" v="yes"/>
    <tag k="ref" v="1"/>
    <tag k="source:maxspeed" v="sign"/>
  </way>
  <way id="238967422">
    <nd ref="243433817"/>
    <nd ref="243434165"/>
    <nd ref="12067355"/>
    <nd ref="750630860"/>
    <nd ref="5973882897"/>
    <tag k="bus:lanes" v="designated|yes|yes|yes|yes"/>
    <tag k="destination:lanes" v="Baclaran||Roxas Blvd.||Macapagal Blvd.||J.W. Diokno Blvd.||CAVITEX"/>
    <tag k="destination:symbol:lanes" v="airport||||"/>
    <tag k="foot" v="yes"/>
    <tag k="highway" v="trunk"/>
    <tag k="int_ref" v="AH26"/>
    <tag k="int_ref:colour" v="blue"/>
    <tag k="lanes" v="5"/>
    <tag k="lanes:bus" v="2"/>
    <tag k="lit" v="yes"/>
    <tag k="maxspeed" v="60"/>
    <tag k="maxspeed:bus" v="50"/>
    <tag k="maxspeed:hgv" v="50"/>
    <tag k="name" v="EDSA"/>
    <tag k="name:es" v="Avenida Epifanio de los Santos"/>
    <tag k="name:fil" v="Abenida Epifanio de los Santos"/>
    <tag k="name:tl" v="Abenida Epifanio de los Santos"/>
    <tag k="official_name" v="Epifanio de los Santos Avenue"/>
    <tag k="oneway" v="yes"/>
    <tag k="ref" v="1"/>
    <tag k="source:maxspeed" v="sign"/>
    <tag k="surface" v="asphalt"/>
    <tag k="turn:lanes" v="slight_left|slight_left|through|through|through"/>
  </way>
  <way id="264965502">
    <nd ref="12067613"/>
    <nd ref="1981388318"/>
    <nd ref="5289211744"/>
    <nd ref="5286755068"/>
    <nd ref="5286755070"/>
    <nd ref="2554268006"/>
    <nd ref="13116169837"/>
    <nd ref="88777530"/>
    <nd ref="11662034353"/>
    <nd ref="12067619"/>
    <tag k="designation" v="national_primary_road"/>
    <tag k="destination" v="Shaw;Makati;Pasay"/>
    <tag k="destination:ref" v="1"/>
    <tag k="foot" v="use_sidepath"/>
    <tag k="highway" v="trunk_link"/>
    <tag k="int_ref" v="AH26"/>
    <tag k="lanes" v="4"/>
    <tag k="lit" v="yes"/>
    <tag k="maxspeed" v="60"/>
    <tag k="maxspeed:bus" v="50"/>
    <tag k="maxspeed:hgv" v="50"/>
    <tag k="name" v="EDSA"/>
    <tag k="name:es" v="Avenida Epifanio de los Santos"/>
    <tag k="name:fil" v="Abenida Epifanio de los Santos"/>
    <tag k="name:tl" v="Abenida Epifanio de los Santos"/>
    <tag k="official_name" v="Epifanio de los Santos Avenue"/>
    <tag k="oneway" v="yes"/>
    <tag k="ref" v="1"/>
    <tag k="source:maxspeed" v="sign"/>
  </way>
  <way id="296324857">
    <nd ref="523958868"/>
    <nd ref="12029548669"/>
    <nd ref="2370264845"/>
    <tag k="cycleway:right" v="lane"/>
    <tag k="designation" v="national_primary_road"/>
    <tag k="hgv" v="no"/>
    <tag k="highway" v="primary"/>
    <tag k="int_ref" v="AH26"/>
    <tag k="lanes" v="2"/>
    <tag k="lit" v="yes"/>
    <tag k="maxspeed" v="60"/>
    <tag k="maxspeed:bus" v="50"/>
    <tag k="maxspeed:hgv" v="50"/>
    <tag k="name" v="EDSA"/>
    <tag k="name:es" v="Avenida Epifanio de los Santos"/>
    <tag k="name:fil" v="Abenida Epifanio de los Santos"/>
    <tag k="name:tl" v="Abenida Epifanio de los Santos"/>
    <tag k="official_name" v="Epifanio de los Santos Avenue"/>
    <tag k="oneway" v="yes"/>
    <tag k="ref" v="1"/>
    <tag k="source:maxspeed" v="sign"/>
  </way>
  <way id="296324858">
    <nd ref="33471553"/>
    <nd ref="523962960"/>
    <tag k="cycleway:right" v="lane"/>
    <tag k="designation" v="national_primary_road"/>
    <tag k="foot" v="no"/>
    <tag k="hgv" v="no"/>
    <tag k="highway" v="primary"/>
    <tag k="int_ref" v="AH26"/>
    <tag k="lanes" v="2"/>
    <tag k="lit" v="yes"/>
    <tag k="maxspeed" v="60"/>
    <tag k="maxspeed:bus" v="50"/>
    <tag k="maxspeed:hgv" v="50"/>
    <tag k="name" v="EDSA"/>
    <tag k="name:es" v="Avenida Epifanio de los Santos"/>
    <tag k="name:fil" v="Abenida Epifanio de los Santos"/>
    <tag k="name:tl" v="Abenida Epifanio de los Santos"/>
    <tag k="official_name" v="Epifanio de los Santos Avenue"/>
    <tag k="oneway" v="yes"/>
    <tag k="ref" v="1"/>
    <tag k="source:maxspeed" v="sign"/>
  </way>
  <way id="296324859">
    <nd ref="29523876"/>
    <nd ref="523958868"/>
    <tag k="cycleway:right" v="lane"/>
    <tag k="designation" v="national_primary_road"/>
    <tag k="foot" v="no"/>
    <tag k="hgv" v="no"/>
    <tag k="highway" v="primary"/>
    <tag k="int_ref" v="AH26"/>
    <tag k="lanes" v="2"/>
    <tag k="lit" v="yes"/>
    <tag k="maxspeed" v="60"/>
    <tag k="maxspeed:bus" v="50"/>
    <tag k="maxspeed:hgv" v="50"/>
    <tag k="name" v="EDSA"/>
    <tag k="name:es" v="Avenida Epifanio de los Santos"/>
    <tag k="name:fil" v="Abenida Epifanio de los Santos"/>
    <tag k="name:tl" v="Abenida Epifanio de los Santos"/>
    <tag k="official_name" v="Epifanio de los Santos Avenue"/>
    <tag k="oneway" v="yes"/>
    <tag k="ref" v="1"/>
    <tag k="source:maxspeed" v="sign"/>
  </way>
  <way id="320758646">
    <nd ref="35454011"/>
    <nd ref="13955153121"/>
    <nd ref="13783975903"/>
    <nd ref="617556533"/>
    <tag k="bicycle" v="no"/>
    <tag k="foot" v="no"/>
    <tag k="highway" v="trunk"/>
    <tag k="int_ref" v="AH26"/>
    <tag k="lanes" v="2"/>
    <tag k="lit" v="yes"/>
    <tag k="maxspeed" v="60"/>
    <tag k="maxspeed:bus" v="50"/>
    <tag k="maxspeed:hgv" v="50"/>
    <tag k="name" v="EDSA"/>
    <tag k="name:es" v="Avenida Epifanio de los Santos"/>
    <tag k="name:fil" v="Abenida Epifanio de los Santos"/>
    <tag k="name:tl" v="Abenida Epifanio de los Santos"/>
    <tag k="nat_ref" v="1"/>
    <tag k="official_name" v="Epifanio de los Santos Avenue"/>
    <tag k="oneway" v="yes"/>
    <tag k="ref" v="1"/>
    <tag k="source:maxspeed" v="sign"/>
    <tag k="width" v="9.6"/>
  </way>
  <way id="320758647">
    <nd ref="523963095"/>
    <nd ref="29523876"/>
    <tag k="cycleway:right" v="lane"/>
    <tag k="designation" v="national_primary_road"/>
    <tag k="hgv" v="no"/>
    <tag k="highway" v="primary"/>
    <tag k="int_ref" v="AH26"/>
    <tag k="lanes" v="2"/>
    <tag k="lit" v="yes"/>
    <tag k="maxspeed" v="60"/>
    <tag k="maxspeed:bus" v="50"/>
    <tag k="maxspeed:hgv" v="50"/>
    <tag k="name" v="EDSA"/>
    <tag k="name:es" v="Avenida Epifanio de los Santos"/>
    <tag k="name:fil" v="Abenida Epifanio de los Santos"/>
    <tag k="name:tl" v="Abenida Epifanio de los Santos"/>
    <tag k="official_name" v="Epifanio de los Santos Avenue"/>
    <tag k="oneway" v="yes"/>
    <tag k="ref" v="1"/>
    <tag k="source:maxspeed" v="sign"/>
  </way>
  <way id="320758650">
    <nd ref="490819305"/>
    <nd ref="973541486"/>
    <nd ref="973541489"/>
    <tag k="cycleway:right" v="lane"/>
    <tag k="designation" v="national_primary_road"/>
    <tag k="hgv" v="no"/>
    <tag k="highway" v="primary"/>
    <tag k="int_ref" v="AH26"/>
    <tag k="lanes" v="2"/>
    <tag k="lit" v="yes"/>
    <tag k="maxspeed" v="60"/>
    <tag k="maxspeed:bus" v="50"/>
    <tag k="maxspeed:hgv" v="50"/>
    <tag k="name" v="EDSA"/>
    <tag k="name:es" v="Avenida Epifanio de los Santos"/>
    <tag k="name:fil" v="Abenida Epifanio de los Santos"/>
    <tag k="name:tl" v="Abenida Epifanio de los Santos"/>
    <tag k="official_name" v="Epifanio de los Santos Avenue"/>
    <tag k="oneway" v="yes"/>
    <tag k="ref" v="1"/>
    <tag k="source:maxspeed" v="sign"/>
  </way>
  <way id="324152520">
    <nd ref="259657389"/>
    <nd ref="7119297184"/>
    <nd ref="9881955546"/>
    <nd ref="9958177667"/>
    <nd ref="3308928594"/>
    <nd ref="13601573435"/>
    <nd ref="259657390"/>
    <nd ref="13601573434"/>
    <nd ref="259657391"/>
    <nd ref="5291014587"/>
    <tag k="foot" v="yes"/>
    <tag k="highway" v="trunk_link"/>
    <tag k="int_ref" v="AH26"/>
    <tag k="int_ref:colour" v="blue"/>
    <tag k="lanes" v="2"/>
    <tag k="lit" v="yes"/>
    <tag k="maxspeed" v="60"/>
    <tag k="maxspeed:bus" v="50"/>
    <tag k="maxspeed:hgv" v="50"/>
    <tag k="name" v="EDSA"/>
    <tag k="name:es" v="Avenida Epifanio de los Santos"/>
    <tag k="name:fil" v="Abenida Epifanio de los Santos"/>
    <tag k="name:tl" v="Abenida Epifanio de los Santos"/>
    <tag k="oneway" v="yes"/>
    <tag k="ref" v="1"/>
    <tag k="sidewalk" v="both"/>
    <tag k="source:maxspeed" v="sign"/>
    <tag k="surface" v="asphalt"/>
  </way>
  <way id="331335835">
    <nd ref="8670428750"/>
    <nd ref="6773467728"/>
    <nd ref="1627742471"/>
    <tag k="bicycle" v="use_sidepath"/>
    <tag k="change:lanes" v="no|no|no|no|no"/>
    <tag k="fine:parking:lane:both" v="5,000 PHP"/>
    <tag k="hgv" v="no"/>
    <tag k="highway" v="secondary"/>
    <tag k="lanes" v="5"/>
    <tag k="lit" v="yes"/>
    <tag k="maxspeed" v="60"/>
    <tag k="maxspeed:bus" v="50"/>
    <tag k="maxspeed:hgv" v="50"/>
    <tag k="name" v="EDSA Extension"/>
    <tag k="name:es" v="Avenida Extensión Epifanio de los Santos"/>
    <tag k="name:fil" v="Karugtong ng Abenida Epifanio de los Santos"/>
    <tag k="name:tl" v="Karugtong ng Abenida Epifanio de los Santos"/>
    <tag k="oneway" v="yes"/>
    <tag k="parking:lane:both" v="no_stopping"/>
    <tag k="surface" v="asphalt"/>
    <tag k="turn:lanes" v="left|left|through|through|right"/>
  </way>
  <way id="331335836">
    <nd ref="5362391625"/>
    <nd ref="9398002659"/>
    <nd ref="8998251485"/>
    <nd ref="138712055"/>
    <tag k="bicycle" v="use_sidepath"/>
    <tag k="fine:parking:lane:both" v="5,000 PHP"/>
    <tag k="hgv" v="no"/>
    <tag k="highway" v="secondary"/>
    <tag k="lanes" v="4"/>
    <tag k="lit" v="yes"/>
    <tag k="maxspeed" v="60"/>
    <tag k="maxspeed:bus" v="50"/>
    <tag k="maxspeed:hgv" v="50"/>
    <tag k="name" v="EDSA Extension"/>
    <tag k="name:es" v="Avenida Extensión Epifanio de los Santos"/>
    <tag k="name:fil" v="Karugtong ng Abenida Epifanio de los Santos"/>
    <tag k="name:tl" v="Karugtong ng Abenida Epifanio de los Santos"/>
    <tag k="oneway" v="yes"/>
    <tag k="parking:lane:both" v="no_stopping"/>
    <tag k="surface" v="asphalt"/>
  </way>
  <way id="350974438">
    <nd ref="248838703"/>
    <nd ref="9955916016"/>
    <nd ref="6004089883"/>
    <tag k="change:lanes" v="no|no|no|no"/>
    <tag k="hgv" v="no"/>
    <tag k="highway" v="secondary"/>
    <tag k="lanes" v="4"/>
    <tag k="lit" v="yes"/>
    <tag k="maxspeed" v="60"/>
    <tag k="maxspeed:bus" v="50"/>
    <tag k="maxspeed:hgv" v="50"/>
    <tag k="name" v="EDSA Extension"/>
    <tag k="name:es" v="Avenida Extensión Epifanio de los Santos"/>
    <tag k="name:fil" v="Karugtong ng Abenida Epifanio de los Santos"/>
    <tag k="name:tl" v="Karugtong ng Abenida Epifanio de los Santos"/>
    <tag k="oneway" v="yes"/>
    <tag k="surface" v="asphalt"/>
    <tag k="turn:lanes" v="right|right|right|right"/>
  </way>
  <way id="351794322">
    <nd ref="24915141"/>
    <nd ref="24915142"/>
    <tag k="bicycle" v="use_sidepath"/>
    <tag k="fine:parking:lane:both" v="5,000 PHP"/>
    <tag k="hgv" v="no"/>
    <tag k="highway" v="secondary"/>
    <tag k="lane_markings" v="no"/>
    <tag k="lanes" v="4"/>
    <tag k="lit" v="yes"/>
    <tag k="maxspeed" v="60"/>
    <tag k="maxspeed:bus" v="50"/>
    <tag k="maxspeed:hgv" v="50"/>
    <tag k="name" v="EDSA Extension"/>
    <tag k="name:es" v="Avenida Extensión Epifanio de los Santos"/>
    <tag k="name:fil" v="Karugtong ng Abenida Epifanio de los Santos"/>
    <tag k="name:tl" v="Karugtong ng Abenida Epifanio de los Santos"/>
    <tag k="oneway" v="yes"/>
    <tag k="parking:both" v="no"/>
    <tag k="parking:both:restriction" v="no_stopping"/>
    <tag k="surface" v="asphalt"/>
  </way>
  <way id="351794323">
    <nd ref="1627742469"/>
    <nd ref="6773467732"/>
    <nd ref="9398002669"/>
    <nd ref="6393959925"/>
    <nd ref="5371381746"/>
    <nd ref="9398002684"/>
    <nd ref="339399837"/>
    <tag k="bicycle" v="use_sidepath"/>
    <tag k="hgv" v="no"/>
    <tag k="highway" v="secondary"/>
    <tag k="lanes" v="5"/>
    <tag k="lit" v="yes"/>
    <tag k="maxspeed" v="60"/>
    <tag k="maxspeed:bus" v="50"/>
    <tag k="maxspeed:hgv" v="50"/>
    <tag k="name" v="EDSA Extension"/>
    <tag k="name:es" v="Avenida Extensión Epifanio de los Santos"/>
    <tag k="name:fil" v="Karugtong ng Abenida Epifanio de los Santos"/>
    <tag k="name:tl" v="Karugtong ng Abenida Epifanio de los Santos"/>
    <tag k="oneway" v="yes"/>
    <tag k="surface" v="asphalt"/>
  </way>
  <way id="351863414">
    <nd ref="333469778"/>
    <nd ref="8649770979"/>
    <nd ref="8649770968"/>
    <nd ref="243796885"/>
    <nd ref="8688202816"/>
    <nd ref="8688202810"/>
    <nd ref="1423836325"/>
    <nd ref="1263630907"/>
    <nd ref="10303501517"/>
    <nd ref="316955350"/>
    <tag k="bus:lanes" v="designated|yes|yes"/>
    <tag k="cycleway:right" v="lane"/>
    <tag k="foot" v="yes"/>
    <tag k="highway" v="trunk"/>
    <tag k="int_ref" v="AH26"/>
    <tag k="int_ref:colour" v="blue"/>
    <tag k="lanes" v="3"/>
    <tag k="lit" v="yes"/>
    <tag k="loc_name" v="EDSA"/>
    <tag k="maxheight" v="4.27"/>
    <tag k="maxspeed" v="60"/>
    <tag k="maxspeed:bus" v="50"/>
    <tag k="maxspeed:hgv" v="50"/>
    <tag k="name" v="EDSA"/>
    <tag k="name:es" v="Avenida Epifanio de los Santos"/>
    <tag k="name:tl" v="Abenida Epifanio de los Santos"/>
    <tag k="official_name" v="Epifanio de los Santos Avenue"/>
    <tag k="oneway" v="yes"/>
    <tag k="placement" v="right_of:2"/>
    <tag k="ref" v="1"/>
    <tag k="source:maxspeed" v="sign"/>
    <tag k="surface" v="asphalt"/>
  </way>
  <way id="351863424">
    <nd ref="286083466"/>
    <nd ref="12097311113"/>
    <nd ref="6507599719"/>
    <nd ref="6507599716"/>
    <nd ref="12079421659"/>
    <nd ref="12079421661"/>
    <nd ref="4879643696"/>
    <nd ref="13104238619"/>
    <nd ref="13105642826"/>
    <nd ref="8497832483"/>
    <nd ref="8315031222"/>
    <nd ref="8497877880"/>
    <nd ref="11467764323"/>
    <nd ref="11467764312"/>
    <nd ref="246782846"/>
    <nd ref="9992459492"/>
    <nd ref="13621026225"/>
    <nd ref="13621026219"/>
    <nd ref="13621026210"/>
    <nd ref="12564676611"/>
    <nd ref="12564676608"/>
    <nd ref="13662645648"/>
    <nd ref="6622286349"/>
    <tag k="cycleway:right" v="lane"/>
    <tag k="foot" v="yes"/>
    <tag k="hgv" v="no"/>
    <tag k="highway" v="trunk"/>
    <tag k="int_ref" v="AH26"/>
    <tag k="int_ref:colour" v="blue"/>
    <tag k="lanes" v="3"/>
    <tag k="lit" v="yes"/>
    <tag k="maxspeed" v="60"/>
    <tag k="maxspeed:bus" v="50"/>
    <tag k="maxspeed:hgv" v="50"/>
    <tag k="name" v="EDSA"/>
    <tag k="name:es" v="Avenida Epifanio de los Santos"/>
    <tag k="name:fil" v="Abenida Epifanio de los Santos"/>
    <tag k="name:tl" v="Abenida Epifanio de los Santos"/>
    <tag k="official_name" v="Epifanio de los Santos Avenue"/>
    <tag k="oneway" v="yes"/>
    <tag k="ref" v="1"/>
    <tag k="sidewalk:right" v="separate"/>
    <tag k="source:maxspeed" v="sign"/>
    <tag k="surface" v="concrete"/>
  </way>
  <way id="354323995">
    <nd ref="957845503"/>
    <nd ref="512091457"/>
    <nd ref="24079238"/>
    <tag k="cycleway:right" v="lane"/>
    <tag k="foot" v="yes"/>
    <tag k="hgv" v="no"/>
    <tag k="highway" v="trunk"/>
    <tag k="int_ref" v="AH26"/>
    <tag k="int_ref:colour" v="blue"/>
    <tag k="lanes" v="3"/>
    <tag k="lit" v="yes"/>
    <tag k="maxspeed" v="60"/>
    <tag k="maxspeed:bus" v="50"/>
    <tag k="maxspeed:hgv" v="50"/>
    <tag k="name" v="EDSA"/>
    <tag k="name:es" v="Avenida Epifanio de los Santos"/>
    <tag k="name:fil" v="Abenida Epifanio de los Santos"/>
    <tag k="name:tl" v="Abenida Epifanio de los Santos"/>
    <tag k="official_name" v="Epifanio de los Santos Avenue"/>
    <tag k="oneway" v="yes"/>
    <tag k="oneway:bicycle" v="yes"/>
    <tag k="ref" v="1"/>
    <tag k="sidewalk" v="separate"/>
    <tag k="source:maxspeed" v="sign"/>
    <tag k="surface" v="concrete"/>
  </way>
  <way id="355586382">
    <nd ref="1323803268"/>
    <nd ref="6225038889"/>
    <tag k="bicycle" v="use_sidepath"/>
    <tag k="fine:foot" v="5,000 PHP"/>
    <tag k="fine:parking:lane:both" v="5,000 PHP"/>
    <tag k="foot" v="no"/>
    <tag k="highway" v="trunk"/>
    <tag k="int_ref" v="AH26"/>
    <tag k="int_ref:colour" v="blue"/>
    <tag k="lanes" v="5"/>
    <tag k="lit" v="yes"/>
    <tag k="maxheight" v="4.27"/>
    <tag k="maxspeed" v="60"/>
    <tag k="maxspeed:bus" v="50"/>
    <tag k="maxspeed:hgv" v="50"/>
    <tag k="name" v="EDSA"/>
    <tag k="name:es" v="Avenida Epifanio de los Santos"/>
    <tag k="name:fil" v="Abenida Epifanio de los Santos"/>
    <tag k="name:tl" v="Abenida Epifanio de los Santos"/>
    <tag k="oneway" v="yes"/>
    <tag k="parking:lane:both" v="no_stopping"/>
    <tag k="ref" v="1"/>
    <tag k="sidewalk" v="separate"/>
    <tag k="source:maxspeed" v="sign"/>
    <tag k="surface" v="concrete"/>
    <tag k="turn:lanes" v="left|left|||slight_right"/>
  </way>
  <way id="369687027">
    <nd ref="35455723"/>
    <nd ref="35454206"/>
    <nd ref="35454276"/>
    <nd ref="35454291"/>
    <nd ref="35454310"/>
    <nd ref="35454329"/>
    <nd ref="8654565484"/>
    <nd ref="8868230560"/>
    <nd ref="35454344"/>
    <nd ref="6510477356"/>
    <tag k="cycleway:right" v="lane"/>
    <tag k="foot" v="yes"/>
    <tag k="highway" v="trunk"/>
    <tag k="int_ref" v="AH26"/>
    <tag k="int_ref:colour" v="blue"/>
    <tag k="lanes" v="4"/>
    <tag k="lit" v="yes"/>
    <tag k="maxspeed" v="60"/>
    <tag k="maxspeed:bus" v="50"/>
    <tag k="maxspeed:hgv" v="50"/>
    <tag k="name" v="EDSA"/>
    <tag k="name:es" v="Avenida Epifanio de los Santos"/>
    <tag k="name:fil" v="Abenida Epifanio de los Santos"/>
    <tag k="name:tl" v="Abenida Epifanio de los Santos"/>
    <tag k="official_name" v="Epifanio de los Santos Avenue"/>
    <tag k="oneway" v="yes"/>
    <tag k="ref" v="1"/>
    <tag k="sidewalk" v="right"/>
    <tag k="source:maxspeed" v="sign"/>
    <tag k="surface" v="concrete"/>
    <tag k="width" v="19.2"/>
  </way>
  <way id="369687028">
    <nd ref="6510477356"/>
    <nd ref="6510477353"/>
    <nd ref="35454358"/>
    <nd ref="35454377"/>
    <nd ref="9458588344"/>
    <nd ref="9458588352"/>
    <nd ref="35454400"/>
    <tag k="cycleway:right" v="lane"/>
    <tag k="foot" v="yes"/>
    <tag k="highway" v="trunk"/>
    <tag k="int_ref" v="AH26"/>
    <tag k="int_ref:colour" v="blue"/>
    <tag k="lanes" v="3"/>
    <tag k="lit" v="yes"/>
    <tag k="maxspeed" v="60"/>
    <tag k="maxspeed:bus" v="50"/>
    <tag k="maxspeed:hgv" v="50"/>
    <tag k="name" v="EDSA"/>
    <tag k="name:abbr" v="EDSA"/>
    <tag k="name:es" v="Avenida Epifanio de los Santos"/>
    <tag k="name:fil" v="Abenida Epifanio de los Santos"/>
    <tag k="name:tl" v="Abenida Epifanio de los Santos"/>
    <tag k="official_name" v="Epifanio de los Santos Avenue"/>
    <tag k="oneway" v="yes"/>
    <tag k="ref" v="1"/>
    <tag k="source:maxspeed" v="sign"/>
    <tag k="surface" v="concrete"/>
    <tag k="width" v="19.2"/>
  </way>
  <way id="369822757">
    <nd ref="68901115"/>
    <nd ref="8659043416"/>
    <nd ref="832623603"/>
    <nd ref="11508017775"/>
    <nd ref="5290876955"/>
    <nd ref="11508017780"/>
    <nd ref="5286256994"/>
    <nd ref="5286256993"/>
    <nd ref="8659087182"/>
    <nd ref="5290876959"/>
    <nd ref="8659087179"/>
    <nd ref="12067600"/>
    <nd ref="5286256991"/>
    <nd ref="11507995360"/>
    <nd ref="8186834076"/>
    <nd ref="11507995363"/>
    <nd ref="7397059857"/>
    <nd ref="7397059860"/>
    <nd ref="88779660"/>
    <nd ref="5286256988"/>
    <nd ref="12067604"/>
    <nd ref="88771457"/>
    <tag k="cycleway:right" v="lane"/>
    <tag k="foot" v="yes"/>
    <tag k="hgv" v="no"/>
    <tag k="highway" v="trunk"/>
    <tag k="int_ref" v="AH26"/>
    <tag k="int_ref:colour" v="blue"/>
    <tag k="lanes" v="4"/>
    <tag k="lit" v="yes"/>
    <tag k="maxspeed" v="60"/>
    <tag k="maxspeed:bus" v="50"/>
    <tag k="maxspeed:hgv" v="50"/>
    <tag k="name" v="EDSA"/>
    <tag k="name:es" v="Avenida Epifanio de los Santos"/>
    <tag k="name:fil" v="Abenida Epifanio de los Santos"/>
    <tag k="name:tl" v="Abenida Epifanio de los Santos"/>
    <tag k="note" v="value of ref &quot;1;AH26&quot; is just experimental upto April 2015 pending observation of effects on mobile Apps rendering (so far ok with mapnik)"/>
    <tag k="official_name" v="Epifanio de los Santos Avenue"/>
    <tag k="oneway" v="yes"/>
    <tag k="oneway:bicycle" v="yes"/>
    <tag k="ref" v="1"/>
    <tag k="source:maxspeed" v="sign"/>
    <tag k="surface" v="concrete"/>
  </way>
  <way id="374119544">
    <nd ref="3775223373"/>
    <nd ref="5291609741"/>
    <nd ref="5291609742"/>
    <nd ref="259655618"/>
    <tag k="description" v="Ayala Tunnel"/>
    <tag k="designation" v="national_primary_road"/>
    <tag k="foot" v="no"/>
    <tag k="hazmat" v="no"/>
    <tag k="hgv" v="no"/>
    <tag k="highway" v="trunk"/>
    <tag k="int_ref" v="AH26"/>
    <tag k="lanes" v="3"/>
    <tag k="lit" v="yes"/>
    <tag k="maxspeed" v="60"/>
    <tag k="maxspeed:bus" v="50"/>
    <tag k="maxspeed:hgv" v="50"/>
    <tag k="name" v="EDSA"/>
    <tag k="name:es" v="Avenida Epifanio de los Santos"/>
    <tag k="name:fil" v="Abenida Epifanio de los Santos"/>
    <tag k="name:tl" v="Abenida Epifanio de los Santos"/>
    <tag k="official_name" v="Epifanio de los Santos Avenue"/>
    <tag k="oneway" v="yes"/>
    <tag k="placement" v="right_of:2"/>
    <tag k="ref" v="1"/>
    <tag k="source:maxspeed" v="sign"/>
    <tag k="surface" v="concrete"/>
    <tag k="turn:lanes" v="merge_to_right|through|through"/>
  </way>
  <way id="374119549">
    <nd ref="266740522"/>
    <nd ref="3775223383"/>
    <nd ref="3775223376"/>
    <tag k="foot" v="use_sidepath"/>
    <tag k="highway" v="primary"/>
    <tag k="int_ref" v="AH26"/>
    <tag k="int_ref:colour" v="blue"/>
    <tag k="lanes" v="2"/>
    <tag k="lit" v="yes"/>
    <tag k="maxspeed" v="60"/>
    <tag k="maxspeed:bus" v="50"/>
    <tag k="maxspeed:hgv" v="50"/>
    <tag k="name" v="EDSA"/>
    <tag k="name:es" v="Avenida Epifanio de los Santos"/>
    <tag k="name:fil" v="Abenida Epifanio de los Santos"/>
    <tag k="name:tl" v="Abenida Epifanio de los Santos"/>
    <tag k="note" v="value of ref &quot;1;AH26&quot; is just experimental upto April 2015 pending observation of effects on mobile Apps rendering (so far ok with mapnik)"/>
    <tag k="official_name" v="Epifanio de los Santos Avenue"/>
    <tag k="oneway" v="yes"/>
    <tag k="placement" v="left_of:1"/>
    <tag k="ref" v="1"/>
    <tag k="sidewalk" v="separate"/>
    <tag k="source:maxspeed" v="sign"/>
    <tag k="surface" v="asphalt"/>
    <tag k="turn:lanes" v="through|through"/>
  </way>
  <way id="374119552">
    <nd ref="3775223391"/>
    <nd ref="6622649387"/>
    <tag k="covered" v="yes"/>
    <tag k="designation" v="national_primary_road"/>
    <tag k="fine:foot" v="5,000 PHP"/>
    <tag k="foot" v="no"/>
    <tag k="hazmat" v="no"/>
    <tag k="highway" v="primary"/>
    <tag k="int_ref" v="AH26"/>
    <tag k="lanes" v="3"/>
    <tag k="lit" v="yes"/>
    <tag k="maxheight" v="5"/>
    <tag k="maxspeed" v="60"/>
    <tag k="maxspeed:bus" v="50"/>
    <tag k="maxspeed:hgv" v="50"/>
    <tag k="name" v="EDSA"/>
    <tag k="name:es" v="Avenida Epifanio de los Santos"/>
    <tag k="name:fil" v="Abenida Epifanio de los Santos"/>
    <tag k="name:tl" v="Abenida Epifanio de los Santos"/>
    <tag k="official_name" v="Epifanio de los Santos Avenue"/>
    <tag k="oneway" v="yes"/>
    <tag k="ref" v="1"/>
    <tag k="source:maxspeed" v="sign"/>
    <tag k="surface" v="asphalt"/>
    <tag k="tunnel" v="building_passage"/>
  </way>
  <way id="374119555">
    <nd ref="6622649387"/>
    <nd ref="3775223388"/>
    <tag k="covered" v="yes"/>
    <tag k="designation" v="national_primary_road"/>
    <tag k="destination" v="Palm Drive;Arnaiz Avenue"/>
    <tag k="fine:foot" v="5,000 PHP"/>
    <tag k="foot" v="no"/>
    <tag k="hazmat" v="no"/>
    <tag k="highway" v="primary"/>
    <tag k="int_ref" v="AH26"/>
    <tag k="lanes" v="1"/>
    <tag k="lit" v="yes"/>
    <tag k="maxheight" v="5"/>
    <tag k="maxspeed" v="60"/>
    <tag k="maxspeed:bus" v="50"/>
    <tag k="maxspeed:hgv" v="50"/>
    <tag k="name" v="EDSA"/>
    <tag k="name:es" v="Avenida Epifanio de los Santos"/>
    <tag k="name:fil" v="Abenida Epifanio de los Santos"/>
    <tag k="name:tl" v="Abenida Epifanio de los Santos"/>
    <tag k="official_name" v="Epifanio de los Santos Avenue"/>
    <tag k="oneway" v="yes"/>
    <tag k="ref" v="1"/>
    <tag k="source:maxspeed" v="sign"/>
    <tag k="surface" v="asphalt"/>
    <tag k="tunnel" v="building_passage"/>
    <tag k="turn:lanes" v="right"/>
  </way>
  <way id="374119557">
    <nd ref="3775223388"/>
    <nd ref="5290997902"/>
    <tag k="designation" v="national_primary_road"/>
    <tag k="fine:foot" v="5,000 PHP"/>
    <tag k="foot" v="no"/>
    <tag k="hazmat" v="no"/>
    <tag k="highway" v="primary"/>
    <tag k="int_ref" v="AH26"/>
    <tag k="lanes" v="1"/>
    <tag k="lit" v="yes"/>
    <tag k="maxspeed" v="60"/>
    <tag k="maxspeed:bus" v="50"/>
    <tag k="maxspeed:hgv" v="50"/>
    <tag k="name" v="EDSA"/>
    <tag k="name:es" v="Avenida Epifanio de los Santos"/>
    <tag k="name:fil" v="Abenida Epifanio de los Santos"/>
    <tag k="name:tl" v="Abenida Epifanio de los Santos"/>
    <tag k="official_name" v="Epifanio de los Santos Avenue"/>
    <tag k="oneway" v="yes"/>
    <tag k="ref" v="1"/>
    <tag k="source:maxspeed" v="sign"/>
    <tag k="surface" v="concrete"/>
  </way>
  <way id="374119558">
    <nd ref="3775184561"/>
    <nd ref="3775223391"/>
    <tag k="designation" v="national_primary_road"/>
    <tag k="destination:lanes" v="Magallanes;Baclaran|Magallanes;Alabang|Magallanes;Pasong Tamo"/>
    <tag k="fine:foot" v="5,000 PHP"/>
    <tag k="foot" v="no"/>
    <tag k="hazmat" v="no"/>
    <tag k="highway" v="primary"/>
    <tag k="int_ref" v="AH26"/>
    <tag k="lanes" v="3"/>
    <tag k="lit" v="yes"/>
    <tag k="maxheight" v="5"/>
    <tag k="maxspeed" v="60"/>
    <tag k="maxspeed:bus" v="50"/>
    <tag k="maxspeed:hgv" v="50"/>
    <tag k="name" v="EDSA"/>
    <tag k="name:es" v="Avenida Epifanio de los Santos"/>
    <tag k="name:fil" v="Abenida Epifanio de los Santos"/>
    <tag k="name:tl" v="Abenida Epifanio de los Santos"/>
    <tag k="official_name" v="Epifanio de los Santos Avenue"/>
    <tag k="oneway" v="yes"/>
    <tag k="ref" v="1"/>
    <tag k="source:maxspeed" v="sign"/>
    <tag k="surface" v="asphalt"/>
  </way>
  <way id="398947081">
    <nd ref="24081972"/>
    <nd ref="6264891407"/>
    <nd ref="243461145"/>
    <tag k="cycleway:right" v="lane"/>
    <tag k="foot" v="no"/>
    <tag k="hgv" v="no"/>
    <tag k="highway" v="primary"/>
    <tag k="int_ref" v="AH26"/>
    <tag k="lanes" v="3"/>
    <tag k="lit" v="yes"/>
    <tag k="maxspeed" v="60"/>
    <tag k="maxspeed:bus" v="50"/>
    <tag k="maxspeed:hgv" v="50"/>
    <tag k="name" v="EDSA"/>
    <tag k="name:es" v="Avenida Epifanio de los Santos"/>
    <tag k="name:fil" v="Abenida Epifanio de los Santos"/>
    <tag k="name:tl" v="Abenida Epifanio de los Santos"/>
    <tag k="official_name" v="Epifanio de los Santos Avenue"/>
    <tag k="oneway" v="yes"/>
    <tag k="source:maxspeed" v="sign"/>
  </way>
  <way id="423798481">
    <nd ref="24915143"/>
    <nd ref="9854396128"/>
    <tag k="bicycle" v="use_sidepath"/>
    <tag k="fine:parking:lane:both" v="5,000 PHP"/>
    <tag k="foot" v="use_sidepath"/>
    <tag k="highway" v="trunk"/>
    <tag k="int_ref" v="AH26"/>
    <tag k="int_ref:colour" v="blue"/>
    <tag k="lanes" v="5"/>
    <tag k="lit" v="yes"/>
    <tag k="maxspeed" v="60"/>
    <tag k="maxspeed:bus" v="50"/>
    <tag k="maxspeed:hgv" v="50"/>
    <tag k="name" v="EDSA"/>
    <tag k="name:es" v="Avenida Epifanio de los Santos"/>
    <tag k="name:fil" v="Abenida Epifanio de los Santos"/>
    <tag k="name:tl" v="Abenida Epifanio de los Santos"/>
    <tag k="oneway" v="yes"/>
    <tag k="parking:lane:both" v="no_stopping"/>
    <tag k="ref" v="1"/>
    <tag k="sidewalk" v="separate"/>
    <tag k="source:maxspeed" v="sign"/>
    <tag k="surface" v="concrete"/>
  </way>
  <way id="424892902">
    <nd ref="4242563000"/>
    <nd ref="11961376363"/>
    <nd ref="321552827"/>
    <tag k="bicycle" v="no"/>
    <tag k="foot" v="no"/>
    <tag k="hgv" v="no"/>
    <tag k="highway" v="trunk"/>
    <tag k="int_ref" v="AH26"/>
    <tag k="int_ref:colour" v="blue"/>
    <tag k="lanes" v="2"/>
    <tag k="lit" v="yes"/>
    <tag k="maxspeed" v="60"/>
    <tag k="maxspeed:bus" v="50"/>
    <tag k="maxspeed:hgv" v="50"/>
    <tag k="name" v="EDSA"/>
    <tag k="name:es" v="Avenida Epifanio de los Santos"/>
    <tag k="name:fil" v="Abenida Epifanio de los Santos"/>
    <tag k="name:tl" v="Abenida Epifanio de los Santos"/>
    <tag k="note" v="value of ref &quot;1;AH26&quot; is just experimental upto April 2015 pending observation of effects on mobile Apps rendering (so far ok with mapnik)"/>
    <tag k="official_name" v="Epifanio de los Santos Avenue"/>
    <tag k="oneway" v="yes"/>
    <tag k="ref" v="1"/>
    <tag k="source:maxspeed" v="sign"/>
    <tag k="surface" v="concrete"/>
  </way>
  <way id="425374847">
    <nd ref="313870322"/>
    <nd ref="5291010334"/>
    <tag k="foot" v="no"/>
    <tag k="hazmat" v="no"/>
    <tag k="hgv" v="no"/>
    <tag k="highway" v="trunk"/>
    <tag k="int_ref" v="AH26"/>
    <tag k="int_ref:colour" v="blue"/>
    <tag k="lanes" v="3"/>
    <tag k="layer" v="-1"/>
    <tag k="lit" v="yes"/>
    <tag k="maxspeed" v="60"/>
    <tag k="maxspeed:bus" v="50"/>
    <tag k="maxspeed:hgv" v="50"/>
    <tag k="name" v="EDSA"/>
    <tag k="name:es" v="Avenida Epifanio de los Santos"/>
    <tag k="name:fil" v="Abenida Epifanio de los Santos"/>
    <tag k="name:tl" v="Abenida Epifanio de los Santos"/>
    <tag k="official_name" v="Epifanio de los Santos Avenue"/>
    <tag k="oneway" v="yes"/>
    <tag k="ref" v="1"/>
    <tag k="source:maxspeed" v="sign"/>
    <tag k="surface" v="concrete"/>
    <tag k="tunnel" v="yes"/>
  </way>
  <way id="425374848">
    <nd ref="570700035"/>
    <nd ref="2697093716"/>
    <tag k="cycleway:lane" v="advisory"/>
    <tag k="cycleway:right" v="lane"/>
    <tag k="designation" v="national_primary_road"/>
    <tag k="foot" v="no"/>
    <tag k="highway" v="primary"/>
    <tag k="int_ref" v="AH26"/>
    <tag k="lanes" v="6"/>
    <tag k="lit" v="yes"/>
    <tag k="maxspeed" v="60"/>
    <tag k="maxspeed:bus" v="50"/>
    <tag k="maxspeed:hgv" v="50"/>
    <tag k="name" v="EDSA"/>
    <tag k="name:es" v="Avenida Epifanio de los Santos"/>
    <tag k="name:fil" v="Abenida Epifanio de los Santos"/>
    <tag k="name:tl" v="Abenida Epifanio de los Santos"/>
    <tag k="official_name" v="Epifanio de los Santos Avenue"/>
    <tag k="oneway" v="yes"/>
    <tag k="ref" v="1"/>
    <tag k="source:maxspeed" v="sign"/>
    <tag k="surface" v="asphalt"/>
    <tag k="turn:lanes" v="left|left|left|through|through|through"/>
  </way>
  <way id="425374849">
    <nd ref="313870590"/>
    <nd ref="7474757263"/>
    <nd ref="8026686933"/>
    <tag k="designation" v="national_primary_road"/>
    <tag k="foot" v="yes"/>
    <tag k="highway" v="primary"/>
    <tag k="int_ref" v="AH26"/>
    <tag k="lanes" v="5"/>
    <tag k="lit" v="yes"/>
    <tag k="maxspeed" v="60"/>
    <tag k="maxspeed:bus" v="50"/>
    <tag k="maxspeed:hgv" v="50"/>
    <tag k="name" v="EDSA"/>
    <tag k="name:es" v="Avenida Epifanio de los Santos"/>
    <tag k="name:fil" v="Abenida Epifanio de los Santos"/>
    <tag k="name:tl" v="Abenida Epifanio de los Santos"/>
    <tag k="official_name" v="Epifanio de los Santos Avenue"/>
    <tag k="oneway" v="yes"/>
    <tag k="ref" v="1"/>
    <tag k="source:maxspeed" v="sign"/>
    <tag k="surface" v="asphalt"/>
  </way>
  <way id="425374850">
    <nd ref="303814522"/>
    <nd ref="570700035"/>
    <tag k="cycleway:lane" v="advisory"/>
    <tag k="cycleway:right" v="lane"/>
    <tag k="designation" v="national_primary_road"/>
    <tag k="foot" v="yes"/>
    <tag k="highway" v="primary"/>
    <tag k="int_ref" v="AH26"/>
    <tag k="lanes" v="6"/>
    <tag k="lit" v="yes"/>
    <tag k="maxspeed" v="60"/>
    <tag k="maxspeed:bus" v="50"/>
    <tag k="maxspeed:hgv" v="50"/>
    <tag k="name" v="EDSA"/>
    <tag k="name:es" v="Avenida Epifanio de los Santos"/>
    <tag k="name:fil" v="Abenida Epifanio de los Santos"/>
    <tag k="name:tl" v="Abenida Epifanio de los Santos"/>
    <tag k="official_name" v="Epifanio de los Santos Avenue"/>
    <tag k="oneway" v="yes"/>
    <tag k="ref" v="1"/>
    <tag k="source:maxspeed" v="sign"/>
    <tag k="surface" v="asphalt"/>
    <tag k="turn:lanes" v="left|left|left|through|through|through;right"/>
  </way>
  <way id="425374851">
    <nd ref="313870367"/>
    <nd ref="2242494551"/>
    <nd ref="225266123"/>
    <tag k="designation" v="national_primary_road"/>
    <tag k="foot" v="use_sidepath"/>
    <tag k="highway" v="primary"/>
    <tag k="int_ref" v="AH26"/>
    <tag k="lanes" v="3"/>
    <tag k="lit" v="yes"/>
    <tag k="maxspeed" v="60"/>
    <tag k="maxspeed:bus" v="50"/>
    <tag k="maxspeed:hgv" v="50"/>
    <tag k="name" v="EDSA"/>
    <tag k="name:es" v="Avenida Epifanio de los Santos"/>
    <tag k="name:fil" v="Abenida Epifanio de los Santos"/>
    <tag k="name:tl" v="Abenida Epifanio de los Santos"/>
    <tag k="official_name" v="Epifanio de los Santos Avenue"/>
    <tag k="oneway" v="yes"/>
    <tag k="ref" v="1"/>
    <tag k="sidewalk" v="separate"/>
    <tag k="source:maxspeed" v="sign"/>
    <tag k="surface" v="asphalt"/>
    <tag k="turn:lanes" v="through|through|right"/>
  </way>
  <way id="425374852">
    <nd ref="3775184564"/>
    <nd ref="3775184561"/>
    <tag k="fine:foot" v="5,000 PHP"/>
    <tag k="foot" v="no"/>
    <tag k="hazmat" v="no"/>
    <tag k="highway" v="primary"/>
    <tag k="int_ref" v="AH26"/>
    <tag k="int_ref:colour" v="blue"/>
    <tag k="lanes" v="6"/>
    <tag k="lit" v="yes"/>
    <tag k="maxheight" v="5"/>
    <tag k="maxspeed" v="60"/>
    <tag k="maxspeed:bus" v="50"/>
    <tag k="maxspeed:hgv" v="50"/>
    <tag k="name" v="EDSA"/>
    <tag k="name:es" v="Avenida Epifanio de los Santos"/>
    <tag k="name:fil" v="Abenida Epifanio de los Santos"/>
    <tag k="name:tl" v="Abenida Epifanio de los Santos"/>
    <tag k="note" v="value of ref &quot;1;AH26&quot; is just experimental upto April 2015 pending observation of effects on mobile Apps rendering (so far ok with mapnik)"/>
    <tag k="official_name" v="Epifanio de los Santos Avenue"/>
    <tag k="oneway" v="yes"/>
    <tag k="ref" v="1"/>
    <tag k="sidewalk" v="separate"/>
    <tag k="source:maxspeed" v="sign"/>
    <tag k="surface" v="asphalt"/>
  </way>
  <way id="425374853">
    <nd ref="3775223371"/>
    <nd ref="3775223370"/>
    <nd ref="313870403"/>
    <nd ref="313870367"/>
    <tag k="designation" v="national_primary_road"/>
    <tag k="destination:lanes" v="Arnaiz;Makati;City Buses B/C"/>
    <tag k="foot" v="use_sidepath"/>
    <tag k="highway" v="primary"/>
    <tag k="int_ref" v="AH26"/>
    <tag k="lanes" v="1"/>
    <tag k="lit" v="yes"/>
    <tag k="maxspeed" v="60"/>
    <tag k="maxspeed:bus" v="50"/>
    <tag k="maxspeed:hgv" v="50"/>
    <tag k="name" v="EDSA"/>
    <tag k="name:es" v="Avenida Epifanio de los Santos"/>
    <tag k="name:fil" v="Abenida Epifanio de los Santos"/>
    <tag k="name:tl" v="Abenida Epifanio de los Santos"/>
    <tag k="official_name" v="Epifanio de los Santos Avenue"/>
    <tag k="oneway" v="yes"/>
    <tag k="ref" v="1"/>
    <tag k="sidewalk" v="separate"/>
    <tag k="source:maxspeed" v="sign"/>
    <tag k="surface" v="concrete"/>
  </way>
  <way id="425374854">
    <nd ref="313474007"/>
    <nd ref="313474131"/>
    <nd ref="12042058198"/>
    <tag k="cycleway:lane" v="exclusive"/>
    <tag k="cycleway:right" v="track"/>
    <tag k="foot" v="yes"/>
    <tag k="hgv" v="no"/>
    <tag k="highway" v="trunk"/>
    <tag k="int_ref" v="AH26"/>
    <tag k="int_ref:colour" v="blue"/>
    <tag k="lanes" v="5"/>
    <tag k="lit" v="yes"/>
    <tag k="maxspeed" v="60"/>
    <tag k="maxspeed:bus" v="50"/>
    <tag k="maxspeed:hgv" v="50"/>
    <tag k="name" v="EDSA"/>
    <tag k="name:es" v="Avenida Epifanio de los Santos"/>
    <tag k="name:fil" v="Abenida Epifanio de los Santos"/>
    <tag k="name:tl" v="Abenida Epifanio de los Santos"/>
    <tag k="official_name" v="Epifanio de los Santos Avenue"/>
    <tag k="oneway" v="yes"/>
    <tag k="ref" v="1"/>
    <tag k="sidewalk:right" v="separate"/>
    <tag k="source:maxspeed" v="sign"/>
    <tag k="width" v="16.5"/>
  </way>
  <way id="425374855">
    <nd ref="6651749029"/>
    <nd ref="5443319223"/>
    <nd ref="964753417"/>
    <nd ref="313872471"/>
    <nd ref="321326401"/>
    <nd ref="8602925444"/>
    <nd ref="313872522"/>
    <tag k="cycleway:lane" v="exclusive"/>
    <tag k="cycleway:right" v="track"/>
    <tag k="foot" v="yes"/>
    <tag k="hgv" v="no"/>
    <tag k="highway" v="trunk"/>
    <tag k="int_ref" v="AH26"/>
    <tag k="int_ref:colour" v="blue"/>
    <tag k="lanes" v="3"/>
    <tag k="lit" v="yes"/>
    <tag k="maxspeed" v="60"/>
    <tag k="maxspeed:bus" v="50"/>
    <tag k="maxspeed:hgv" v="50"/>
    <tag k="name" v="EDSA"/>
    <tag k="name:es" v="Avenida Epifanio de los Santos"/>
    <tag k="name:fil" v="Abenida Epifanio de los Santos"/>
    <tag k="name:tl" v="Abenida Epifanio de los Santos"/>
    <tag k="official_name" v="Epifanio de los Santos Avenue"/>
    <tag k="oneway" v="yes"/>
    <tag k="ref" v="1"/>
    <tag k="sidewalk:right" v="separate"/>
    <tag k="source:maxspeed" v="sign"/>
    <tag k="surface" v="asphalt"/>
    <tag k="width" v="10.2"/>
  </way>
  <way id="481337815">
    <nd ref="5284251079"/>
    <nd ref="295525883"/>
    <tag k="cycleway:right" v="lane"/>
    <tag k="hgv" v="no"/>
    <tag k="highway" v="primary"/>
    <tag k="int_ref" v="AH26"/>
    <tag k="int_ref:colour" v="blue"/>
    <tag k="lanes" v="2"/>
    <tag k="lit" v="yes"/>
    <tag k="maxspeed" v="60"/>
    <tag k="maxspeed:bus" v="50"/>
    <tag k="maxspeed:hgv" v="50"/>
    <tag k="name" v="EDSA"/>
    <tag k="name:es" v="Avenida Epifanio de los Santos"/>
    <tag k="name:fil" v="Abenida Epifanio de los Santos"/>
    <tag k="name:tl" v="Abenida Epifanio de los Santos"/>
    <tag k="official_name" v="Epifanio de los Santos Avenue"/>
    <tag k="oneway" v="yes"/>
    <tag k="ref" v="1"/>
    <tag k="sidewalk" v="right"/>
    <tag k="source:maxspeed" v="sign"/>
    <tag k="surface" v="concrete"/>
  </way>
  <way id="481337816">
    <nd ref="295525881"/>
    <nd ref="5284251078"/>
    <tag k="cycleway:right" v="lane"/>
    <tag k="designation" v="national_primary_road"/>
    <tag k="hgv" v="no"/>
    <tag k="highway" v="primary"/>
    <tag k="int_ref" v="AH26"/>
    <tag k="int_ref:colour" v="blue"/>
    <tag k="lanes" v="4"/>
    <tag k="lit" v="yes"/>
    <tag k="maxspeed" v="60"/>
    <tag k="maxspeed:bus" v="50"/>
    <tag k="maxspeed:hgv" v="50"/>
    <tag k="name" v="EDSA"/>
    <tag k="name:es" v="Avenida Epifanio de los Santos"/>
    <tag k="name:fil" v="Abenida Epifanio de los Santos"/>
    <tag k="name:tl" v="Abenida Epifanio de los Santos"/>
    <tag k="official_name" v="Epifanio de los Santos Avenue"/>
    <tag k="oneway" v="yes"/>
    <tag k="ref" v="1"/>
    <tag k="sidewalk" v="separate"/>
    <tag k="source:maxspeed" v="sign"/>
    <tag k="surface" v="concrete"/>
  </way>
  <way id="481337817">
    <nd ref="7987103145"/>
    <nd ref="6659979001"/>
    <nd ref="5291822149"/>
    <tag k="cycleway:right" v="lane"/>
    <tag k="designation" v="national_primary_road"/>
    <tag k="hgv" v="no"/>
    <tag k="highway" v="primary"/>
    <tag k="int_ref" v="AH26"/>
    <tag k="int_ref:colour" v="blue"/>
    <tag k="lanes" v="3"/>
    <tag k="lit" v="yes"/>
    <tag k="maxspeed" v="60"/>
    <tag k="maxspeed:bus" v="50"/>
    <tag k="maxspeed:hgv" v="50"/>
    <tag k="name" v="EDSA"/>
    <tag k="name:es" v="Avenida Epifanio de los Santos"/>
    <tag k="name:fil" v="Abenida Epifanio de los Santos"/>
    <tag k="name:tl" v="Abenida Epifanio de los Santos"/>
    <tag k="official_name" v="Epifanio de los Santos Avenue"/>
    <tag k="oneway" v="yes"/>
    <tag k="ref" v="1"/>
    <tag k="sidewalk:right" v="separate"/>
    <tag k="source:maxspeed" v="sign"/>
    <tag k="surface" v="concrete"/>
  </way>
  <way id="481337818">
    <nd ref="5286078046"/>
    <nd ref="5286078047"/>
    <nd ref="11448932653"/>
    <nd ref="11448932646"/>
    <nd ref="11448932642"/>
    <nd ref="1446031115"/>
    <nd ref="13103850006"/>
    <nd ref="286083464"/>
    <tag k="cycleway:right" v="lane"/>
    <tag k="hgv" v="no"/>
    <tag k="highway" v="primary"/>
    <tag k="int_ref" v="AH26"/>
    <tag k="int_ref:colour" v="blue"/>
    <tag k="lanes" v="2"/>
    <tag k="lit" v="yes"/>
    <tag k="maxspeed" v="60"/>
    <tag k="maxspeed:bus" v="50"/>
    <tag k="maxspeed:hgv" v="50"/>
    <tag k="name" v="EDSA"/>
    <tag k="name:es" v="Avenida Epifanio de los Santos"/>
    <tag k="name:fil" v="Abenida Epifanio de los Santos"/>
    <tag k="name:tl" v="Abenida Epifanio de los Santos"/>
    <tag k="official_name" v="Epifanio de los Santos Avenue"/>
    <tag k="oneway" v="yes"/>
    <tag k="ref" v="1"/>
    <tag k="sidewalk" v="right"/>
    <tag k="source:maxspeed" v="sign"/>
    <tag k="surface" v="concrete"/>
  </way>
  <way id="481337823">
    <nd ref="288458254"/>
    <nd ref="6060794828"/>
    <nd ref="5282138764"/>
    <tag k="cycleway:right" v="lane"/>
    <tag k="hgv" v="no"/>
    <tag k="highway" v="primary"/>
    <tag k="int_ref" v="AH26"/>
    <tag k="int_ref:colour" v="blue"/>
    <tag k="lanes" v="3"/>
    <tag k="lit" v="yes"/>
    <tag k="maxspeed" v="60"/>
    <tag k="maxspeed:bus" v="50"/>
    <tag k="maxspeed:hgv" v="50"/>
    <tag k="name" v="EDSA"/>
    <tag k="name:es" v="Avenida Epifanio de los Santos"/>
    <tag k="name:fil" v="Abenida Epifanio de los Santos"/>
    <tag k="name:tl" v="Abenida Epifanio de los Santos"/>
    <tag k="official_name" v="Epifanio de los Santos Avenue"/>
    <tag k="oneway" v="yes"/>
    <tag k="ref" v="1"/>
    <tag k="sidewalk" v="separate"/>
    <tag k="source:maxspeed" v="sign"/>
    <tag k="surface" v="concrete"/>
  </way>
  <way id="481337824">
    <nd ref="1418830464"/>
    <nd ref="5286055351"/>
    <nd ref="286083466"/>
    <tag k="cycleway:right" v="lane"/>
    <tag k="hgv" v="no"/>
    <tag k="highway" v="primary"/>
    <tag k="int_ref" v="AH26"/>
    <tag k="int_ref:colour" v="blue"/>
    <tag k="lanes" v="1"/>
    <tag k="lit" v="yes"/>
    <tag k="maxspeed" v="60"/>
    <tag k="maxspeed:bus" v="50"/>
    <tag k="maxspeed:hgv" v="50"/>
    <tag k="name" v="EDSA"/>
    <tag k="name:es" v="Avenida Epifanio de los Santos"/>
    <tag k="name:fil" v="Abenida Epifanio de los Santos"/>
    <tag k="name:tl" v="Abenida Epifanio de los Santos"/>
    <tag k="official_name" v="Epifanio de los Santos Avenue"/>
    <tag k="oneway" v="yes"/>
    <tag k="ref" v="1"/>
    <tag k="sidewalk" v="separate"/>
    <tag k="source:maxspeed" v="sign"/>
    <tag k="surface" v="concrete"/>
  </way>
  <way id="481337825">
    <nd ref="5286055354"/>
    <nd ref="1140292370"/>
    <nd ref="8607542948"/>
    <nd ref="8186539210"/>
    <tag k="cycleway:right" v="lane"/>
    <tag k="designation" v="national_primary_road"/>
    <tag k="hgv" v="no"/>
    <tag k="highway" v="primary"/>
    <tag k="int_ref" v="AH26"/>
    <tag k="int_ref:colour" v="blue"/>
    <tag k="lanes" v="2"/>
    <tag k="lit" v="yes"/>
    <tag k="maxspeed" v="60"/>
    <tag k="maxspeed:bus" v="50"/>
    <tag k="maxspeed:hgv" v="50"/>
    <tag k="name" v="EDSA"/>
    <tag k="name:es" v="Avenida Epifanio de los Santos"/>
    <tag k="name:fil" v="Abenida Epifanio de los Santos"/>
    <tag k="name:tl" v="Abenida Epifanio de los Santos"/>
    <tag k="official_name" v="Epifanio de los Santos Avenue"/>
    <tag k="oneway" v="yes"/>
    <tag k="ref" v="1"/>
    <tag k="sidewalk" v="separate"/>
    <tag k="source:maxspeed" v="sign"/>
    <tag k="surface" v="concrete"/>
  </way>
  <way id="492432973">
    <nd ref="4844541596"/>
    <nd ref="673260964"/>
    <tag k="cycleway:right" v="lane"/>
    <tag k="foot" v="yes"/>
    <tag k="hgv" v="no"/>
    <tag k="highway" v="trunk"/>
    <tag k="int_ref" v="AH26"/>
    <tag k="int_ref:colour" v="blue"/>
    <tag k="lanes" v="5"/>
    <tag k="lit" v="yes"/>
    <tag k="maxspeed" v="60"/>
    <tag k="maxspeed:bus" v="50"/>
    <tag k="maxspeed:hgv" v="50"/>
    <tag k="name" v="EDSA"/>
    <tag k="name:es" v="Avenida Epifanio de los Santos"/>
    <tag k="name:fil" v="Abenida Epifanio de los Santos"/>
    <tag k="name:tl" v="Abenida Epifanio de los Santos"/>
    <tag k="official_name" v="Epifanio de los Santos Avenue"/>
    <tag k="oneway" v="yes"/>
    <tag k="oneway:bicycle" v="yes"/>
    <tag k="ref" v="1"/>
    <tag k="source:maxspeed" v="sign"/>
    <tag k="surface" v="concrete"/>
  </way>
  <way id="492432974">
    <nd ref="4844541597"/>
    <nd ref="4844541596"/>
    <tag k="cycleway:right" v="lane"/>
    <tag k="foot" v="yes"/>
    <tag k="hgv" v="no"/>
    <tag k="highway" v="trunk"/>
    <tag k="int_ref" v="AH26"/>
    <tag k="int_ref:colour" v="blue"/>
    <tag k="lanes" v="5"/>
    <tag k="lit" v="yes"/>
    <tag k="maxspeed" v="60"/>
    <tag k="maxspeed:bus" v="50"/>
    <tag k="maxspeed:hgv" v="50"/>
    <tag k="name" v="EDSA"/>
    <tag k="name:es" v="Avenida Epifanio de los Santos"/>
    <tag k="name:fil" v="Abenida Epifanio de los Santos"/>
    <tag k="name:tl" v="Abenida Epifanio de los Santos"/>
    <tag k="official_name" v="Epifanio de los Santos Avenue"/>
    <tag k="oneway" v="yes"/>
    <tag k="oneway:bicycle" v="yes"/>
    <tag k="ref" v="1"/>
    <tag k="source:maxspeed" v="sign"/>
    <tag k="surface" v="concrete"/>
  </way>
  <way id="492438272">
    <nd ref="4844600668"/>
    <nd ref="5414109107"/>
    <nd ref="24080291"/>
    <tag k="access:lanes" v="no|||"/>
    <tag k="bus:lanes" v="designated|||"/>
    <tag k="covered" v="yes"/>
    <tag k="foot" v="yes"/>
    <tag k="highway" v="trunk"/>
    <tag k="int_ref" v="AH26"/>
    <tag k="int_ref:colour" v="blue"/>
    <tag k="lanes" v="4"/>
    <tag k="lit" v="yes"/>
    <tag k="maxheight" v="4.27"/>
    <tag k="maxspeed" v="60"/>
    <tag k="maxspeed:bus" v="50"/>
    <tag k="maxspeed:hgv" v="50"/>
    <tag k="name" v="EDSA"/>
    <tag k="name:es" v="Avenida Epifanio de los Santos"/>
    <tag k="name:fil" v="Abenida Epifanio de los Santos"/>
    <tag k="name:tl" v="Abenida Epifanio de los Santos"/>
    <tag k="official_name" v="Epifanio de los Santos Avenue"/>
    <tag k="oneway" v="yes"/>
    <tag k="ref" v="1"/>
    <tag k="source:maxspeed" v="sign"/>
    <tag k="tunnel" v="building_passage"/>
  </way>
  <way id="500535856">
    <nd ref="973552665"/>
    <nd ref="973552605"/>
    <nd ref="9947173105"/>
    <nd ref="5427113964"/>
    <nd ref="964832237"/>
    <nd ref="333524088"/>
    <tag k="cycleway:right" v="lane"/>
    <tag k="designation" v="national_primary_road"/>
    <tag k="hgv" v="no"/>
    <tag k="highway" v="primary"/>
    <tag k="int_ref" v="AH26"/>
    <tag k="lane_markings" v="yes"/>
    <tag k="lanes" v="2"/>
    <tag k="lit" v="yes"/>
    <tag k="maxspeed" v="60"/>
    <tag k="maxspeed:bus" v="50"/>
    <tag k="maxspeed:hgv" v="50"/>
    <tag k="name" v="EDSA"/>
    <tag k="name:es" v="Avenida Epifanio de los Santos"/>
    <tag k="name:fil" v="Abenida Epifanio de los Santos"/>
    <tag k="name:tl" v="Abenida Epifanio de los Santos"/>
    <tag k="official_name" v="Epifanio de los Santos Avenue"/>
    <tag k="oneway" v="yes"/>
    <tag k="ref" v="1"/>
    <tag k="source:maxspeed" v="sign"/>
  </way>
  <way id="546608888">
    <nd ref="527765724"/>
    <nd ref="6507741821"/>
    <nd ref="1648499023"/>
    <nd ref="11575648982"/>
    <nd ref="2467577359"/>
    <nd ref="7797754065"/>
    <nd ref="12941596950"/>
    <nd ref="8742657372"/>
    <nd ref="566895353"/>
    <nd ref="6507770014"/>
    <nd ref="5284282521"/>
    <nd ref="2467577361"/>
    <tag k="cycleway:right" v="lane"/>
    <tag k="foot" v="yes"/>
    <tag k="highway" v="trunk"/>
    <tag k="int_ref" v="AH26"/>
    <tag k="int_ref:colour" v="blue"/>
    <tag k="lane_markings" v="yes"/>
    <tag k="lanes" v="4"/>
    <tag k="lit" v="yes"/>
    <tag k="maxspeed" v="60"/>
    <tag k="maxspeed:bus" v="50"/>
    <tag k="maxspeed:hgv" v="50"/>
    <tag k="name" v="EDSA"/>
    <tag k="name:es" v="Avenida Epifanio de los Santos"/>
    <tag k="name:fil" v="Abenida Epifanio de los Santos"/>
    <tag k="name:tl" v="Abenida Epifanio de los Santos"/>
    <tag k="official_name" v="Epifanio de los Santos Avenue"/>
    <tag k="oneway" v="yes"/>
    <tag k="ref" v="1"/>
    <tag k="sidewalk" v="separate"/>
    <tag k="source:maxspeed" v="sign"/>
    <tag k="surface" v="asphalt"/>
    <tag k="width" v="19.2"/>
  </way>
  <way id="546835727">
    <nd ref="8392436553"/>
    <nd ref="1416848130"/>
    <nd ref="5284066448"/>
    <nd ref="8392436550"/>
    <tag k="cycleway:right" v="lane"/>
    <tag k="foot" v="use_sidepath"/>
    <tag k="highway" v="trunk"/>
    <tag k="int_ref" v="AH26"/>
    <tag k="int_ref:colour" v="blue"/>
    <tag k="lanes" v="2"/>
    <tag k="lit" v="yes"/>
    <tag k="maxspeed" v="60"/>
    <tag k="maxspeed:bus" v="50"/>
    <tag k="maxspeed:hgv" v="50"/>
    <tag k="name" v="EDSA"/>
    <tag k="name:es" v="Avenida Epifanio de los Santos"/>
    <tag k="name:fil" v="Abenida Epifanio de los Santos"/>
    <tag k="name:tl" v="Abenida Epifanio de los Santos"/>
    <tag k="official_name" v="Epifanio de los Santos Avenue"/>
    <tag k="oneway" v="yes"/>
    <tag k="ref" v="1"/>
    <tag k="sidewalk" v="right"/>
    <tag k="source:maxspeed" v="sign"/>
    <tag k="surface" v="asphalt"/>
    <tag k="width" v="19.2"/>
  </way>
  <way id="546853584">
    <nd ref="5472105348"/>
    <nd ref="8311071062"/>
    <nd ref="5285949886"/>
    <nd ref="681146586"/>
    <tag k="cycleway:right" v="lane"/>
    <tag k="hgv" v="no"/>
    <tag k="highway" v="primary"/>
    <tag k="int_ref" v="AH26"/>
    <tag k="lanes" v="2"/>
    <tag k="lit" v="yes"/>
    <tag k="maxspeed" v="60"/>
    <tag k="maxspeed:bus" v="50"/>
    <tag k="maxspeed:hgv" v="50"/>
    <tag k="name" v="EDSA"/>
    <tag k="name:es" v="Avenida Epifanio de los Santos"/>
    <tag k="name:fil" v="Abenida Epifanio de los Santos"/>
    <tag k="name:tl" v="Abenida Epifanio de los Santos"/>
    <tag k="official_name" v="Epifanio de los Santos Avenue"/>
    <tag k="oneway" v="yes"/>
    <tag k="sidewalk:right" v="separate"/>
    <tag k="source:maxspeed" v="sign"/>
  </way>
  <way id="546956847">
    <nd ref="5285161657"/>
    <nd ref="11969230008"/>
    <nd ref="5286201221"/>
    <nd ref="5286201224"/>
    <nd ref="5285161656"/>
    <nd ref="5290876967"/>
    <nd ref="5288982109"/>
    <tag k="bicycle" v="no"/>
    <tag k="foot" v="no"/>
    <tag k="hgv" v="no"/>
    <tag k="highway" v="trunk"/>
    <tag k="int_ref" v="AH26"/>
    <tag k="int_ref:colour" v="blue"/>
    <tag k="lanes" v="3"/>
    <tag k="lit" v="yes"/>
    <tag k="maxspeed" v="60"/>
    <tag k="maxspeed:bus" v="50"/>
    <tag k="maxspeed:hgv" v="50"/>
    <tag k="name" v="EDSA"/>
    <tag k="name:es" v="Avenida Epifanio de los Santos"/>
    <tag k="name:fil" v="Abenida Epifanio de los Santos"/>
    <tag k="name:tl" v="Abenida Epifanio de los Santos"/>
    <tag k="note" v="value of ref &quot;1;AH26&quot; is just experimental upto April 2015 pending observation of effects on mobile Apps rendering (so far ok with mapnik)"/>
    <tag k="official_name" v="Epifanio de los Santos Avenue"/>
    <tag k="oneway" v="yes"/>
    <tag k="oneway:bicycle" v="yes"/>
    <tag k="ref" v="1"/>
    <tag k="source:maxspeed" v="sign"/>
    <tag k="surface" v="concrete"/>
  </way>
  <way id="547067322">
    <nd ref="7899078632"/>
    <nd ref="5286055353"/>
    <nd ref="243460921"/>
    <tag k="hgv" v="no"/>
    <tag k="highway" v="trunk"/>
    <tag k="int_ref" v="AH26"/>
    <tag k="int_ref:colour" v="blue"/>
    <tag k="lanes" v="2"/>
    <tag k="lit" v="yes"/>
    <tag k="maxspeed" v="60"/>
    <tag k="maxspeed:bus" v="50"/>
    <tag k="maxspeed:hgv" v="50"/>
    <tag k="name" v="EDSA"/>
    <tag k="name:es" v="Avenida Epifanio de los Santos"/>
    <tag k="name:fil" v="Abenida Epifanio de los Santos"/>
    <tag k="name:tl" v="Abenida Epifanio de los Santos"/>
    <tag k="official_name" v="Epifanio de los Santos Avenue"/>
    <tag k="oneway" v="yes"/>
    <tag k="ref" v="1"/>
    <tag k="source:maxspeed" v="sign"/>
    <tag k="surface" v="asphalt"/>
  </way>
  <way id="547082356">
    <nd ref="594000412"/>
    <nd ref="5412399406"/>
    <nd ref="5286171962"/>
    <tag k="designation" v="national_primary_road"/>
    <tag k="foot" v="yes"/>
    <tag k="highway" v="secondary"/>
    <tag k="int_ref" v="AH26"/>
    <tag k="lanes" v="2"/>
    <tag k="lit" v="yes"/>
    <tag k="maxspeed" v="60"/>
    <tag k="maxspeed:bus" v="50"/>
    <tag k="maxspeed:hgv" v="50"/>
    <tag k="name" v="EDSA"/>
    <tag k="name:es" v="Avenida Epifanio de los Santos"/>
    <tag k="name:fil" v="Abenida Epifanio de los Santos"/>
    <tag k="name:tl" v="Abenida Epifanio de los Santos"/>
    <tag k="official_name" v="Epifanio de los Santos Avenue"/>
    <tag k="oneway" v="yes"/>
    <tag k="ref" v="1"/>
    <tag k="source:maxspeed" v="sign"/>
    <tag k="surface" v="concrete"/>
  </way>
  <way id="547082357">
    <nd ref="345573099"/>
    <nd ref="5286171962"/>
    <tag k="access:lanes" v="no|yes|yes"/>
    <tag k="bus:lanes" v="designated||"/>
    <tag k="destination:lanes" v="Buses Only||"/>
    <tag k="foot" v="no"/>
    <tag k="highway" v="trunk"/>
    <tag k="int_ref" v="AH26"/>
    <tag k="int_ref:colour" v="blue"/>
    <tag k="lanes" v="3"/>
    <tag k="lit" v="yes"/>
    <tag k="maxspeed" v="60"/>
    <tag k="maxspeed:bus" v="50"/>
    <tag k="maxspeed:hgv" v="50"/>
    <tag k="name" v="EDSA"/>
    <tag k="name:es" v="Avenida Epifanio de los Santos"/>
    <tag k="name:fil" v="Abenida Epifanio de los Santos"/>
    <tag k="name:tl" v="Abenida Epifanio de los Santos"/>
    <tag k="oneway" v="yes"/>
    <tag k="ref" v="1"/>
    <tag k="source:maxspeed" v="sign"/>
  </way>
  <way id="547085104">
    <nd ref="88771457"/>
    <nd ref="5285161657"/>
    <tag k="cycleway:right" v="lane"/>
    <tag k="foot" v="yes"/>
    <tag k="hgv" v="no"/>
    <tag k="highway" v="trunk"/>
    <tag k="int_ref" v="AH26"/>
    <tag k="int_ref:colour" v="blue"/>
    <tag k="lanes" v="4"/>
    <tag k="lit" v="yes"/>
    <tag k="maxspeed" v="60"/>
    <tag k="maxspeed:bus" v="50"/>
    <tag k="maxspeed:hgv" v="50"/>
    <tag k="name" v="EDSA"/>
    <tag k="name:es" v="Avenida Epifanio de los Santos"/>
    <tag k="name:fil" v="Abenida Epifanio de los Santos"/>
    <tag k="name:tl" v="Abenida Epifanio de los Santos"/>
    <tag k="note" v="value of ref &quot;1;AH26&quot; is just experimental upto April 2015 pending observation of effects on mobile Apps rendering (so far ok with mapnik)"/>
    <tag k="official_name" v="Epifanio de los Santos Avenue"/>
    <tag k="oneway" v="yes"/>
    <tag k="oneway:bicycle" v="yes"/>
    <tag k="ref" v="1"/>
    <tag k="source:maxspeed" v="sign"/>
    <tag k="surface" v="concrete"/>
  </way>
  <way id="547085105">
    <nd ref="5285161657"/>
    <nd ref="5286201222"/>
    <nd ref="4242563043"/>
    <tag k="cycleway:right" v="lane"/>
    <tag k="designation" v="national_primary_road"/>
    <tag k="hgv" v="no"/>
    <tag k="highway" v="trunk_link"/>
    <tag k="int_ref" v="AH26"/>
    <tag k="lanes" v="2"/>
    <tag k="lit" v="yes"/>
    <tag k="maxspeed" v="60"/>
    <tag k="maxspeed:bus" v="50"/>
    <tag k="maxspeed:hgv" v="50"/>
    <tag k="name" v="EDSA"/>
    <tag k="name:es" v="Avenida Epifanio de los Santos"/>
    <tag k="name:fil" v="Abenida Epifanio de los Santos"/>
    <tag k="name:tl" v="Abenida Epifanio de los Santos"/>
    <tag k="official_name" v="Epifanio de los Santos Avenue"/>
    <tag k="oneway" v="yes"/>
    <tag k="ref" v="1"/>
    <tag k="source:maxspeed" v="MMDA"/>
    <tag k="surface" v="asphalt"/>
  </way>
  <way id="547090239">
    <nd ref="321553333"/>
    <nd ref="5286257621"/>
    <tag k="access:lanes" v="no|yes|yes"/>
    <tag k="bus:lanes" v="designated||"/>
    <tag k="highway" v="trunk"/>
    <tag k="int_ref" v="AH26"/>
    <tag k="int_ref:colour" v="blue"/>
    <tag k="lanes" v="3"/>
    <tag k="lit" v="yes"/>
    <tag k="maxspeed" v="60"/>
    <tag k="maxspeed:bus" v="50"/>
    <tag k="maxspeed:hgv" v="50"/>
    <tag k="name" v="EDSA"/>
    <tag k="name:es" v="Avenida Epifanio de los Santos"/>
    <tag k="name:fil" v="Abenida Epifanio de los Santos"/>
    <tag k="name:tl" v="Abenida Epifanio de los Santos"/>
    <tag k="note" v="value of ref &quot;1;AH26&quot; is just experimental upto April 2015 pending observation of effects on mobile Apps rendering (so far ok with mapnik)"/>
    <tag k="official_name" v="Epifanio de los Santos Avenue"/>
    <tag k="oneway" v="yes"/>
    <tag k="ref" v="1"/>
    <tag k="source:maxspeed" v="sign"/>
    <tag k="surface" v="concrete"/>
  </way>
  <way id="547090240">
    <nd ref="305111668"/>
    <nd ref="11662185649"/>
    <nd ref="5286257621"/>
    <tag k="cycleway:right" v="lane"/>
    <tag k="designation" v="national_primary_road"/>
    <tag k="hgv" v="no"/>
    <tag k="highway" v="trunk_link"/>
    <tag k="int_ref" v="AH26"/>
    <tag k="lanes" v="2"/>
    <tag k="lit" v="yes"/>
    <tag k="maxspeed" v="60"/>
    <tag k="maxspeed:bus" v="50"/>
    <tag k="maxspeed:hgv" v="50"/>
    <tag k="maxspeed:type" v="sign"/>
    <tag k="name" v="EDSA"/>
    <tag k="name:es" v="Avenida Epifanio de los Santos"/>
    <tag k="name:fil" v="Abenida Epifanio de los Santos"/>
    <tag k="name:tl" v="Abenida Epifanio de los Santos"/>
    <tag k="official_name" v="Epifanio de los Santos Avenue"/>
    <tag k="oneway" v="yes"/>
    <tag k="ref" v="1"/>
    <tag k="source:maxspeed" v="MMDA"/>
    <tag k="surface" v="asphalt"/>
  </way>
  <way id="547159003">
    <nd ref="5286836718"/>
    <nd ref="7474757281"/>
    <tag k="designation" v="national_primary_road"/>
    <tag k="destination" v="Taft Avenue;Roxas Blvd."/>
    <tag k="destination:symbol" v="airport"/>
    <tag k="foot" v="use_sidepath"/>
    <tag k="hgv" v="no"/>
    <tag k="highway" v="trunk"/>
    <tag k="int_ref" v="AH26"/>
    <tag k="int_ref:colour" v="blue"/>
    <tag k="lanes" v="1"/>
    <tag k="lit" v="yes"/>
    <tag k="maxspeed" v="60"/>
    <tag k="maxspeed:bus" v="50"/>
    <tag k="maxspeed:hgv" v="50"/>
    <tag k="name" v="EDSA"/>
    <tag k="name:es" v="Avenida Epifanio de los Santos"/>
    <tag k="name:fil" v="Abenida Epifanio de los Santos"/>
    <tag k="name:tl" v="Abenida Epifanio de los Santos"/>
    <tag k="official_name" v="Epifanio de los Santos Avenue"/>
    <tag k="oneway" v="yes"/>
    <tag k="ref" v="1"/>
    <tag k="source:maxspeed" v="sign"/>
    <tag k="surface" v="asphalt"/>
  </way>
  <way id="547163416">
    <nd ref="313474145"/>
    <nd ref="5286867518"/>
    <nd ref="313484951"/>
    <tag k="cycleway:lane" v="advisory"/>
    <tag k="cycleway:right" v="lane"/>
    <tag k="foot" v="yes"/>
    <tag k="highway" v="trunk"/>
    <tag k="int_ref" v="AH26"/>
    <tag k="int_ref:colour" v="blue"/>
    <tag k="lanes" v="4"/>
    <tag k="lit" v="yes"/>
    <tag k="maxspeed" v="60"/>
    <tag k="maxspeed:bus" v="50"/>
    <tag k="maxspeed:hgv" v="50"/>
    <tag k="name" v="EDSA"/>
    <tag k="name:es" v="Avenida Epifanio de los Santos"/>
    <tag k="name:fil" v="Abenida Epifanio de los Santos"/>
    <tag k="name:tl" v="Abenida Epifanio de los Santos"/>
    <tag k="official_name" v="Epifanio de los Santos Avenue"/>
    <tag k="oneway" v="yes"/>
    <tag k="ref" v="1"/>
    <tag k="sidewalk" v="separate"/>
    <tag k="source:maxspeed" v="sign"/>
  </way>
  <way id="547369332">
    <nd ref="5289002939"/>
    <nd ref="12144909220"/>
    <nd ref="5289002933"/>
    <tag k="cycleway:right" v="lane"/>
    <tag k="designation" v="national_primary_road"/>
    <tag k="foot" v="yes"/>
    <tag k="hgv" v="no"/>
    <tag k="highway" v="trunk"/>
    <tag k="int_ref" v="AH26"/>
    <tag k="lanes" v="2"/>
    <tag k="lit" v="yes"/>
    <tag k="maxspeed" v="60"/>
    <tag k="maxspeed:bus" v="50"/>
    <tag k="maxspeed:hgv" v="50"/>
    <tag k="name" v="EDSA"/>
    <tag k="name:es" v="Avenida Epifanio de los Santos"/>
    <tag k="name:fil" v="Abenida Epifanio de los Santos"/>
    <tag k="name:tl" v="Abenida Epifanio de los Santos"/>
    <tag k="official_name" v="Epifanio de los Santos Avenue"/>
    <tag k="oneway" v="yes"/>
    <tag k="placement" v="left_of:1"/>
    <tag k="ref" v="1"/>
    <tag k="source:maxspeed" v="sign"/>
    <tag k="surface" v="asphalt"/>
  </way>
  <way id="547369333">
    <nd ref="5289002933"/>
    <nd ref="6564229785"/>
    <nd ref="11978560054"/>
    <tag k="bridge" v="viaduct"/>
    <tag k="cycleway:lane" v="advisory"/>
    <tag k="cycleway:right" v="lane"/>
    <tag k="cycleway:separation:left" v="solid_line"/>
    <tag k="designation" v="national_primary_road"/>
    <tag k="foot" v="yes"/>
    <tag k="hgv" v="no"/>
    <tag k="highway" v="trunk"/>
    <tag k="int_ref" v="AH26"/>
    <tag k="lanes" v="2"/>
    <tag k="layer" v="1"/>
    <tag k="lit" v="yes"/>
    <tag k="maxspeed" v="60"/>
    <tag k="maxspeed:bus" v="50"/>
    <tag k="maxspeed:hgv" v="50"/>
    <tag k="maxweight" v="20"/>
    <tag k="name" v="EDSA"/>
    <tag k="name:es" v="Avenida Epifanio de los Santos"/>
    <tag k="name:fil" v="Abenida Epifanio de los Santos"/>
    <tag k="name:tl" v="Abenida Epifanio de los Santos"/>
    <tag k="official_name" v="Epifanio de los Santos Avenue"/>
    <tag k="oneway" v="yes"/>
    <tag k="ref" v="1"/>
    <tag k="sidewalk" v="right"/>
    <tag k="source:maxspeed" v="sign"/>
    <tag k="surface" v="asphalt"/>
  </way>
  <way id="547369916">
    <nd ref="5289002934"/>
    <nd ref="243508481"/>
    <tag k="cycleway:lane" v="advisory"/>
    <tag k="cycleway:right" v="lane"/>
    <tag k="cycleway:separation:left" v="solid_line"/>
    <tag k="designation" v="national_primary_road"/>
    <tag k="foot" v="no"/>
    <tag k="hgv" v="no"/>
    <tag k="highway" v="trunk"/>
    <tag k="int_ref" v="AH26"/>
    <tag k="lanes" v="2"/>
    <tag k="lit" v="yes"/>
    <tag k="maxspeed" v="60"/>
    <tag k="maxspeed:bus" v="50"/>
    <tag k="maxspeed:hgv" v="50"/>
    <tag k="name" v="EDSA"/>
    <tag k="name:es" v="Avenida Epifanio de los Santos"/>
    <tag k="name:fil" v="Abenida Epifanio de los Santos"/>
    <tag k="name:tl" v="Abenida Epifanio de los Santos"/>
    <tag k="official_name" v="Epifanio de los Santos Avenue"/>
    <tag k="oneway" v="yes"/>
    <tag k="placement" v="left_of:1"/>
    <tag k="ref" v="1"/>
    <tag k="source:maxspeed" v="sign"/>
  </way>
  <way id="547369917">
    <nd ref="5289002935"/>
    <nd ref="243508481"/>
    <tag k="foot" v="no"/>
    <tag k="hgv" v="no"/>
    <tag k="highway" v="trunk"/>
    <tag k="int_ref" v="AH26"/>
    <tag k="int_ref:colour" v="blue"/>
    <tag k="lanes" v="2"/>
    <tag k="lit" v="yes"/>
    <tag k="maxspeed" v="60"/>
    <tag k="maxspeed:bus" v="50"/>
    <tag k="maxspeed:hgv" v="50"/>
    <tag k="maxweight" v="20"/>
    <tag k="name" v="EDSA"/>
    <tag k="name:es" v="Avenida Epifanio de los Santos"/>
    <tag k="name:fil" v="Abenida Epifanio de los Santos"/>
    <tag k="name:tl" v="Abenida Epifanio de los Santos"/>
    <tag k="official_name" v="Epifanio de los Santos Avenue"/>
    <tag k="oneway" v="yes"/>
    <tag k="placement" v="right_of:2"/>
    <tag k="ref" v="1"/>
    <tag k="source:maxspeed" v="sign"/>
  </way>
  <way id="547369919">
    <nd ref="5289006003"/>
    <nd ref="7741335664"/>
    <nd ref="5289006009"/>
    <tag k="bridge" v="viaduct"/>
    <tag k="designation" v="national_primary_road"/>
    <tag k="foot" v="no"/>
    <tag k="hgv" v="no"/>
    <tag k="highway" v="trunk"/>
    <tag k="int_ref" v="AH26"/>
    <tag k="lanes" v="2"/>
    <tag k="layer" v="1"/>
    <tag k="lit" v="yes"/>
    <tag k="maxspeed" v="60"/>
    <tag k="maxspeed:bus" v="50"/>
    <tag k="maxspeed:hgv" v="50"/>
    <tag k="maxweight" v="20"/>
    <tag k="name" v="EDSA"/>
    <tag k="name:es" v="Avenida Epifanio de los Santos"/>
    <tag k="name:fil" v="Abenida Epifanio de los Santos"/>
    <tag k="name:tl" v="Abenida Epifanio de los Santos"/>
    <tag k="official_name" v="Epifanio de los Santos Avenue"/>
    <tag k="oneway" v="yes"/>
    <tag k="ref" v="1"/>
    <tag k="source:maxspeed" v="sign"/>
    <tag k="surface" v="asphalt"/>
  </way>
  <way id="547369920">
    <nd ref="5289006009"/>
    <nd ref="334410876"/>
    <tag k="designation" v="national_primary_road"/>
    <tag k="foot" v="no"/>
    <tag k="hgv" v="no"/>
    <tag k="highway" v="trunk"/>
    <tag k="int_ref" v="AH26"/>
    <tag k="lanes" v="2"/>
    <tag k="lit" v="yes"/>
    <tag k="maxspeed" v="60"/>
    <tag k="maxspeed:bus" v="50"/>
    <tag k="maxspeed:hgv" v="50"/>
    <tag k="maxweight" v="20"/>
    <tag k="name" v="EDSA"/>
    <tag k="name:es" v="Avenida Epifanio de los Santos"/>
    <tag k="name:fil" v="Abenida Epifanio de los Santos"/>
    <tag k="name:tl" v="Abenida Epifanio de los Santos"/>
    <tag k="official_name" v="Epifanio de los Santos Avenue"/>
    <tag k="oneway" v="yes"/>
    <tag k="ref" v="1"/>
    <tag k="source:maxspeed" v="sign"/>
    <tag k="surface" v="asphalt"/>
  </way>
  <way id="547558654">
    <nd ref="5729568362"/>
    <nd ref="5290876970"/>
    <tag k="cycleway:right" v="lane"/>
    <tag k="designation" v="national_primary_road"/>
    <tag k="hgv" v="no"/>
    <tag k="highway" v="trunk_link"/>
    <tag k="int_ref" v="AH26"/>
    <tag k="lanes" v="3"/>
    <tag k="lit" v="yes"/>
    <tag k="maxspeed" v="60"/>
    <tag k="maxspeed:bus" v="50"/>
    <tag k="maxspeed:hgv" v="50"/>
    <tag k="name" v="EDSA"/>
    <tag k="name:es" v="Avenida Epifanio de los Santos"/>
    <tag k="name:fil" v="Abenida Epifanio de los Santos"/>
    <tag k="name:tl" v="Abenida Epifanio de los Santos"/>
    <tag k="official_name" v="Epifanio de los Santos Avenue"/>
    <tag k="oneway" v="yes"/>
    <tag k="oneway:bicycle" v="yes"/>
    <tag k="ref" v="1"/>
    <tag k="source:maxspeed" v="MMDA"/>
    <tag k="surface" v="asphalt"/>
  </way>
  <way id="547558655">
    <nd ref="87632972"/>
    <nd ref="8186551767"/>
    <nd ref="5290876970"/>
    <tag k="bicycle" v="no"/>
    <tag k="foot" v="no"/>
    <tag k="hgv" v="no"/>
    <tag k="highway" v="trunk"/>
    <tag k="int_ref" v="AH26"/>
    <tag k="int_ref:colour" v="blue"/>
    <tag k="lanes" v="2"/>
    <tag k="lit" v="yes"/>
    <tag k="maxspeed" v="60"/>
    <tag k="maxspeed:bus" v="50"/>
    <tag k="maxspeed:hgv" v="50"/>
    <tag k="name" v="EDSA"/>
    <tag k="name:es" v="Avenida Epifanio de los Santos"/>
    <tag k="name:fil" v="Abenida Epifanio de los Santos"/>
    <tag k="name:tl" v="Abenida Epifanio de los Santos"/>
    <tag k="note" v="value of ref &quot;1;AH26&quot; is just experimental upto April 2015 pending observation of effects on mobile Apps rendering (so far ok with mapnik)"/>
    <tag k="official_name" v="Epifanio de los Santos Avenue"/>
    <tag k="oneway" v="yes"/>
    <tag k="ref" v="1"/>
    <tag k="source:maxspeed" v="sign"/>
    <tag k="surface" v="concrete"/>
  </way>
  <way id="547798610">
    <nd ref="5292825912"/>
    <nd ref="681146586"/>
    <tag k="foot" v="no"/>
    <tag k="hgv" v="no"/>
    <tag k="highway" v="trunk"/>
    <tag k="int_ref" v="AH26"/>
    <tag k="int_ref:colour" v="blue"/>
    <tag k="lanes" v="2"/>
    <tag k="maxspeed" v="60"/>
    <tag k="maxspeed:bus" v="50"/>
    <tag k="maxspeed:hgv" v="50"/>
    <tag k="name" v="EDSA"/>
    <tag k="name:es" v="Avenida Epifanio de los Santos"/>
    <tag k="name:fil" v="Abenida Epifanio de los Santos"/>
    <tag k="name:tl" v="Abenida Epifanio de los Santos"/>
    <tag k="note" v="value of ref &quot;1;AH26&quot; is just experimental upto April 2015 pending observation of effects on mobile Apps rendering (so far ok with mapnik)"/>
    <tag k="official_name" v="Epifanio de los Santos Avenue"/>
    <tag k="oneway" v="yes"/>
    <tag k="ref" v="1"/>
    <tag k="source:maxspeed" v="sign"/>
    <tag k="surface" v="asphalt"/>
  </way>
  <way id="550866361">
    <nd ref="5432533972"/>
    <nd ref="5464392359"/>
    <nd ref="5282305957"/>
    <nd ref="5432533973"/>
    <nd ref="5475044862"/>
    <tag k="cycleway:right" v="lane"/>
    <tag k="foot" v="yes"/>
    <tag k="highway" v="trunk"/>
    <tag k="int_ref" v="AH26"/>
    <tag k="int_ref:colour" v="blue"/>
    <tag k="lanes" v="4"/>
    <tag k="lit" v="yes"/>
    <tag k="maxspeed" v="60"/>
    <tag k="maxspeed:bus" v="50"/>
    <tag k="maxspeed:hgv" v="50"/>
    <tag k="name" v="EDSA"/>
    <tag k="name:es" v="Avenida Epifanio de los Santos"/>
    <tag k="name:fil" v="Abenida Epifanio de los Santos"/>
    <tag k="name:tl" v="Abenida Epifanio de los Santos"/>
    <tag k="official_name" v="Epifanio de los Santos Avenue"/>
    <tag k="oneway" v="yes"/>
    <tag k="ref" v="1"/>
    <tag k="sidewalk" v="separate"/>
    <tag k="source:maxspeed" v="sign"/>
    <tag k="surface" v="asphalt"/>
    <tag k="width" v="19.2"/>
  </way>
  <way id="555352464">
    <nd ref="593999463"/>
    <nd ref="8186539212"/>
    <tag k="bridge" v="yes"/>
    <tag k="designation" v="national_primary_road"/>
    <tag k="foot" v="no"/>
    <tag k="hgv" v="no"/>
    <tag k="highway" v="trunk"/>
    <tag k="int_ref" v="AH26"/>
    <tag k="lanes" v="2"/>
    <tag k="layer" v="2"/>
    <tag k="lit" v="yes"/>
    <tag k="maxspeed" v="60"/>
    <tag k="maxspeed:bus" v="50"/>
    <tag k="maxspeed:hgv" v="50"/>
    <tag k="name" v="EDSA"/>
    <tag k="name:es" v="Avenida Epifanio de los Santos"/>
    <tag k="name:fil" v="Abenida Epifanio de los Santos"/>
    <tag k="name:tl" v="Abenida Epifanio de los Santos"/>
    <tag k="official_name" v="Epifanio de los Santos Avenue"/>
    <tag k="oneway" v="yes"/>
    <tag k="ref" v="1"/>
    <tag k="source:maxspeed" v="sign"/>
    <tag k="surface" v="asphalt"/>
  </way>
  <way id="555352467">
    <nd ref="5358242502"/>
    <nd ref="286083466"/>
    <tag k="designation" v="national_primary_road"/>
    <tag k="hgv" v="no"/>
    <tag k="highway" v="trunk"/>
    <tag k="int_ref" v="AH26"/>
    <tag k="lanes" v="2"/>
    <tag k="maxspeed" v="60"/>
    <tag k="maxspeed:bus" v="50"/>
    <tag k="maxspeed:hgv" v="50"/>
    <tag k="name" v="EDSA"/>
    <tag k="name:es" v="Avenida Epifanio de los Santos"/>
    <tag k="name:fil" v="Abenida Epifanio de los Santos"/>
    <tag k="name:tl" v="Abenida Epifanio de los Santos"/>
    <tag k="official_name" v="Epifanio de los Santos Avenue"/>
    <tag k="oneway" v="yes"/>
    <tag k="ref" v="1"/>
    <tag k="source:maxspeed" v="sign"/>
    <tag k="surface" v="asphalt"/>
  </way>
  <way id="555937970">
    <nd ref="9851528696"/>
    <nd ref="13161243184"/>
    <nd ref="5291581832"/>
    <nd ref="330379463"/>
    <nd ref="5291581833"/>
    <nd ref="5286256999"/>
    <nd ref="24081128"/>
    <nd ref="298963478"/>
    <nd ref="5286256998"/>
    <nd ref="5286256997"/>
    <nd ref="24081145"/>
    <nd ref="324228757"/>
    <nd ref="6627663680"/>
    <nd ref="1075205087"/>
    <nd ref="4844541597"/>
    <tag k="cycleway:right" v="lane"/>
    <tag k="foot" v="yes"/>
    <tag k="hgv" v="no"/>
    <tag k="highway" v="trunk"/>
    <tag k="int_ref" v="AH26"/>
    <tag k="int_ref:colour" v="blue"/>
    <tag k="lanes" v="5"/>
    <tag k="lit" v="yes"/>
    <tag k="maxspeed" v="60"/>
    <tag k="maxspeed:bus" v="50"/>
    <tag k="maxspeed:hgv" v="50"/>
    <tag k="name" v="EDSA"/>
    <tag k="name:es" v="Avenida Epifanio de los Santos"/>
    <tag k="name:fil" v="Abenida Epifanio de los Santos"/>
    <tag k="name:tl" v="Abenida Epifanio de los Santos"/>
    <tag k="official_name" v="Epifanio de los Santos Avenue"/>
    <tag k="oneway" v="yes"/>
    <tag k="oneway:bicycle" v="yes"/>
    <tag k="ref" v="1"/>
    <tag k="source:maxspeed" v="sign"/>
    <tag k="surface" v="concrete"/>
  </way>
  <way id="558265203">
    <nd ref="5383119711"/>
    <nd ref="286082780"/>
    <tag k="designation" v="national_primary_road"/>
    <tag k="foot" v="no"/>
    <tag k="hgv" v="no"/>
    <tag k="highway" v="primary"/>
    <tag k="int_ref" v="AH26"/>
    <tag k="int_ref:colour" v="blue"/>
    <tag k="lanes" v="4"/>
    <tag k="lit" v="yes"/>
    <tag k="maxspeed" v="60"/>
    <tag k="maxspeed:bus" v="50"/>
    <tag k="maxspeed:hgv" v="50"/>
    <tag k="name" v="EDSA"/>
    <tag k="name:es" v="Avenida Epifanio de los Santos"/>
    <tag k="name:fil" v="Abenida Epifanio de los Santos"/>
    <tag k="name:tl" v="Abenida Epifanio de los Santos"/>
    <tag k="official_name" v="Epifanio de los Santos Avenue"/>
    <tag k="oneway" v="yes"/>
    <tag k="ref" v="1"/>
    <tag k="sidewalk" v="separate"/>
    <tag k="source:maxspeed" v="sign"/>
    <tag k="surface" v="concrete"/>
  </way>
  <way id="558265451">
    <nd ref="5383119712"/>
    <nd ref="288458254"/>
    <tag k="hgv" v="no"/>
    <tag k="highway" v="primary"/>
    <tag k="int_ref" v="AH26"/>
    <tag k="int_ref:colour" v="blue"/>
    <tag k="lanes" v="2"/>
    <tag k="lit" v="yes"/>
    <tag k="maxspeed" v="60"/>
    <tag k="maxspeed:bus" v="50"/>
    <tag k="maxspeed:hgv" v="50"/>
    <tag k="name" v="EDSA"/>
    <tag k="name:es" v="Avenida Epifanio de los Santos"/>
    <tag k="name:fil" v="Abenida Epifanio de los Santos"/>
    <tag k="name:tl" v="Abenida Epifanio de los Santos"/>
    <tag k="official_name" v="Epifanio de los Santos Avenue"/>
    <tag k="oneway" v="yes"/>
    <tag k="ref" v="1"/>
    <tag k="sidewalk" v="separate"/>
    <tag k="source:maxspeed" v="sign"/>
    <tag k="surface" v="concrete"/>
  </way>
  <way id="568920031">
    <nd ref="2467577361"/>
    <nd ref="566895348"/>
    <tag k="cycleway:lane" v="advisory"/>
    <tag k="cycleway:right" v="lane"/>
    <tag k="foot" v="yes"/>
    <tag k="highway" v="trunk"/>
    <tag k="int_ref" v="AH26"/>
    <tag k="int_ref:colour" v="blue"/>
    <tag k="lanes" v="4"/>
    <tag k="lit" v="yes"/>
    <tag k="maxspeed" v="60"/>
    <tag k="maxspeed:bus" v="50"/>
    <tag k="maxspeed:hgv" v="50"/>
    <tag k="name" v="EDSA"/>
    <tag k="name:es" v="Avenida Epifanio de los Santos"/>
    <tag k="name:fil" v="Abenida Epifanio de los Santos"/>
    <tag k="name:tl" v="Abenida Epifanio de los Santos"/>
    <tag k="official_name" v="Epifanio de los Santos Avenue"/>
    <tag k="oneway" v="yes"/>
    <tag k="oneway:bicycle" v="yes"/>
    <tag k="ref" v="1"/>
    <tag k="sidewalk:right" v="separate"/>
    <tag k="source:maxspeed" v="sign"/>
    <tag k="surface" v="asphalt"/>
    <tag k="width" v="19.2"/>
  </way>
  <way id="568920036">
    <nd ref="566895348"/>
    <nd ref="1293071637"/>
    <tag k="cycleway:lane" v="advisory"/>
    <tag k="cycleway:right" v="lane"/>
    <tag k="foot" v="yes"/>
    <tag k="highway" v="trunk"/>
    <tag k="int_ref" v="AH26"/>
    <tag k="int_ref:colour" v="blue"/>
    <tag k="lane_markings" v="yes"/>
    <tag k="lanes" v="4"/>
    <tag k="lit" v="yes"/>
    <tag k="maxspeed" v="60"/>
    <tag k="maxspeed:bus" v="50"/>
    <tag k="maxspeed:hgv" v="50"/>
    <tag k="name" v="EDSA"/>
    <tag k="name:es" v="Avenida Epifanio de los Santos"/>
    <tag k="name:fil" v="Abenida Epifanio de los Santos"/>
    <tag k="name:tl" v="Abenida Epifanio de los Santos"/>
    <tag k="official_name" v="Epifanio de los Santos Avenue"/>
    <tag k="oneway" v="yes"/>
    <tag k="oneway:bicycle" v="yes"/>
    <tag k="ref" v="1"/>
    <tag k="sidewalk:right" v="separate"/>
    <tag k="source:maxspeed" v="sign"/>
    <tag k="surface" v="asphalt"/>
    <tag k="width" v="19.2"/>
  </way>
  <way id="576201824">
    <nd ref="2389108051"/>
    <nd ref="5291036081"/>
    <nd ref="2389108049"/>
    <nd ref="5291036076"/>
    <nd ref="5291036080"/>
    <nd ref="24079369"/>
    <tag k="bridge" v="yes"/>
    <tag k="designation" v="national_primary_road"/>
    <tag k="destination" v="Makati"/>
    <tag k="foot" v="no"/>
    <tag k="highway" v="trunk"/>
    <tag k="int_ref" v="AH26"/>
    <tag k="int_ref:colour" v="blue"/>
    <tag k="lanes" v="2"/>
    <tag k="layer" v="1"/>
    <tag k="lit" v="yes"/>
    <tag k="maxspeed" v="60"/>
    <tag k="maxspeed:bus" v="50"/>
    <tag k="maxspeed:hgv" v="50"/>
    <tag k="name" v="EDSA"/>
    <tag k="name:es" v="Avenida Epifanio de los Santos"/>
    <tag k="name:fil" v="Abenida Epifanio de los Santos"/>
    <tag k="name:tl" v="Abenida Epifanio de los Santos"/>
    <tag k="official_name" v="Epifanio de los Santos Avenue"/>
    <tag k="oneway" v="yes"/>
    <tag k="ref" v="1"/>
    <tag k="source:maxspeed" v="sign"/>
  </way>
  <way id="576201831">
    <nd ref="5527137097"/>
    <nd ref="1993301997"/>
    <nd ref="11694657715"/>
    <nd ref="1272285052"/>
    <tag k="bicycle" v="use_sidepath"/>
    <tag k="foot" v="yes"/>
    <tag k="highway" v="trunk"/>
    <tag k="int_ref" v="AH26"/>
    <tag k="int_ref:colour" v="blue"/>
    <tag k="lanes" v="3"/>
    <tag k="lit" v="yes"/>
    <tag k="maxspeed" v="60"/>
    <tag k="maxspeed:bus" v="50"/>
    <tag k="maxspeed:hgv" v="50"/>
    <tag k="name" v="EDSA"/>
    <tag k="name:es" v="Avenida Epifanio de los Santos"/>
    <tag k="name:fil" v="Abenida Epifanio de los Santos"/>
    <tag k="name:tl" v="Abenida Epifanio de los Santos"/>
    <tag k="official_name" v="Epifanio de los Santos Avenue"/>
    <tag k="oneway" v="yes"/>
    <tag k="operator" v="Metropolitan Manila Development Authority"/>
    <tag k="ref" v="1"/>
    <tag k="source:maxspeed" v="sign"/>
    <tag k="surface" v="asphalt"/>
  </way>
  <way id="576201832">
    <nd ref="25650633"/>
    <nd ref="5313631909"/>
    <tag k="cycleway:right" v="lane"/>
    <tag k="foot" v="yes"/>
    <tag k="highway" v="trunk"/>
    <tag k="int_ref" v="AH26"/>
    <tag k="int_ref:colour" v="blue"/>
    <tag k="lanes" v="3"/>
    <tag k="lit" v="yes"/>
    <tag k="maxspeed" v="60"/>
    <tag k="maxspeed:bus" v="50"/>
    <tag k="maxspeed:hgv" v="50"/>
    <tag k="name" v="EDSA"/>
    <tag k="name:es" v="Avenida Epifanio de los Santos"/>
    <tag k="name:fil" v="Abenida Epifanio de los Santos"/>
    <tag k="name:tl" v="Abenida Epifanio de los Santos"/>
    <tag k="official_name" v="Epifanio de los Santos Avenue"/>
    <tag k="oneway" v="yes"/>
    <tag k="oneway:bicycle" v="yes"/>
    <tag k="operator" v="Metropolitan Manila Development Authority"/>
    <tag k="ref" v="1"/>
    <tag k="source:maxspeed" v="sign"/>
    <tag k="surface" v="asphalt"/>
  </way>
  <way id="576201839">
    <nd ref="614127344"/>
    <nd ref="316955026"/>
    <nd ref="5527137111"/>
    <tag k="bus:lanes" v="designated|yes|yes|yes|yes"/>
    <tag k="covered" v="yes"/>
    <tag k="foot" v="yes"/>
    <tag k="highway" v="trunk"/>
    <tag k="int_ref" v="AH26"/>
    <tag k="int_ref:colour" v="blue"/>
    <tag k="lanes" v="5"/>
    <tag k="lit" v="yes"/>
    <tag k="loc_name" v="EDSA"/>
    <tag k="maxheight" v="4.27"/>
    <tag k="maxspeed" v="60"/>
    <tag k="maxspeed:bus" v="50"/>
    <tag k="maxspeed:hgv" v="50"/>
    <tag k="name" v="EDSA"/>
    <tag k="name:es" v="Avenida Epifanio de los Santos"/>
    <tag k="name:fil" v="Abenida Epifanio de los Santos"/>
    <tag k="name:tl" v="Abenida Epifanio de los Santos"/>
    <tag k="official_name" v="Epifanio de los Santos Avenue"/>
    <tag k="oneway" v="yes"/>
    <tag k="placement" v="right_of:4"/>
    <tag k="ref" v="1"/>
    <tag k="source:maxspeed" v="sign"/>
    <tag k="surface" v="asphalt"/>
  </way>
  <way id="576201844">
    <nd ref="5527137111"/>
    <nd ref="143676980"/>
    <tag k="foot" v="no"/>
    <tag k="highway" v="trunk"/>
    <tag k="int_ref" v="AH26"/>
    <tag k="int_ref:colour" v="blue"/>
    <tag k="lanes" v="4"/>
    <tag k="lit" v="yes"/>
    <tag k="loc_name" v="EDSA"/>
    <tag k="maxheight" v="4.27"/>
    <tag k="maxspeed" v="60"/>
    <tag k="maxspeed:bus" v="50"/>
    <tag k="maxspeed:hgv" v="50"/>
    <tag k="name" v="EDSA"/>
    <tag k="name:es" v="Avenida Epifanio de los Santos"/>
    <tag k="name:tl" v="Abenida Epifanio de los Santos"/>
    <tag k="official_name" v="Epifanio de los Santos Avenue"/>
    <tag k="oneway" v="yes"/>
    <tag k="ref" v="1"/>
    <tag k="source:maxspeed" v="sign"/>
    <tag k="surface" v="asphalt"/>
  </way>
  <way id="578709639">
    <nd ref="5544304508"/>
    <nd ref="5285153781"/>
    <tag k="cycleway:right" v="lane"/>
    <tag k="designation" v="national_primary_road"/>
    <tag k="hgv" v="no"/>
    <tag k="highway" v="primary"/>
    <tag k="int_ref" v="AH26"/>
    <tag k="lanes" v="2"/>
    <tag k="lit" v="yes"/>
    <tag k="maxspeed" v="60"/>
    <tag k="maxspeed:bus" v="50"/>
    <tag k="maxspeed:hgv" v="50"/>
    <tag k="name" v="EDSA"/>
    <tag k="name:es" v="Avenida Epifanio de los Santos"/>
    <tag k="name:fil" v="Abenida Epifanio de los Santos"/>
    <tag k="name:tl" v="Abenida Epifanio de los Santos"/>
    <tag k="official_name" v="Epifanio de los Santos Avenue"/>
    <tag k="oneway" v="yes"/>
    <tag k="ref" v="1"/>
    <tag k="source:maxspeed" v="sign"/>
    <tag k="surface" v="concrete"/>
  </way>
  <way id="578709640">
    <nd ref="5285153781"/>
    <nd ref="720696446"/>
    <nd ref="523956057"/>
    <nd ref="7418236934"/>
    <tag k="cycleway:right" v="lane"/>
    <tag k="designation" v="national_primary_road"/>
    <tag k="hgv" v="no"/>
    <tag k="highway" v="primary"/>
    <tag k="int_ref" v="AH26"/>
    <tag k="lanes" v="2"/>
    <tag k="lit" v="yes"/>
    <tag k="maxspeed" v="60"/>
    <tag k="maxspeed:bus" v="50"/>
    <tag k="maxspeed:hgv" v="50"/>
    <tag k="name" v="EDSA"/>
    <tag k="name:es" v="Avenida Epifanio de los Santos"/>
    <tag k="name:fil" v="Abenida Epifanio de los Santos"/>
    <tag k="name:tl" v="Abenida Epifanio de los Santos"/>
    <tag k="official_name" v="Epifanio de los Santos Avenue"/>
    <tag k="oneway" v="yes"/>
    <tag k="ref" v="1"/>
    <tag k="source:maxspeed" v="sign"/>
  </way>
  <way id="581405388">
    <nd ref="4879643711"/>
    <nd ref="9974084566"/>
    <nd ref="5389608020"/>
    <nd ref="8607542947"/>
    <nd ref="9974142685"/>
    <nd ref="12079421656"/>
    <nd ref="7899078632"/>
    <tag k="cycleway:right" v="lane"/>
    <tag k="foot" v="yes"/>
    <tag k="hgv" v="no"/>
    <tag k="highway" v="trunk"/>
    <tag k="int_ref" v="AH26"/>
    <tag k="int_ref:colour" v="blue"/>
    <tag k="lanes" v="4"/>
    <tag k="lit" v="yes"/>
    <tag k="maxspeed" v="60"/>
    <tag k="maxspeed:bus" v="50"/>
    <tag k="maxspeed:hgv" v="50"/>
    <tag k="name" v="EDSA"/>
    <tag k="name:es" v="Avenida Epifanio de los Santos"/>
    <tag k="name:fil" v="Abenida Epifanio de los Santos"/>
    <tag k="name:tl" v="Abenida Epifanio de los Santos"/>
    <tag k="official_name" v="Epifanio de los Santos Avenue"/>
    <tag k="oneway" v="yes"/>
    <tag k="ref" v="1"/>
    <tag k="sidewalk:right" v="separate"/>
    <tag k="source:maxspeed" v="sign"/>
    <tag k="surface" v="concrete"/>
  </way>
  <way id="583895197">
    <nd ref="1966222183"/>
    <nd ref="4844600668"/>
    <tag k="access:lanes" v="no|||"/>
    <tag k="bus:lanes" v="designated|||"/>
    <tag k="foot" v="yes"/>
    <tag k="highway" v="trunk"/>
    <tag k="int_ref" v="AH26"/>
    <tag k="int_ref:colour" v="blue"/>
    <tag k="lanes" v="4"/>
    <tag k="lit" v="yes"/>
    <tag k="maxheight" v="4.27"/>
    <tag k="maxspeed" v="60"/>
    <tag k="maxspeed:bus" v="50"/>
    <tag k="maxspeed:hgv" v="50"/>
    <tag k="name" v="EDSA"/>
    <tag k="name:es" v="Avenida Epifanio de los Santos"/>
    <tag k="name:fil" v="Abenida Epifanio de los Santos"/>
    <tag k="name:tl" v="Abenida Epifanio de los Santos"/>
    <tag k="official_name" v="Epifanio de los Santos Avenue"/>
    <tag k="oneway" v="yes"/>
    <tag k="ref" v="1"/>
    <tag k="source:maxspeed" v="sign"/>
  </way>
  <way id="583895204">
    <nd ref="143676963"/>
    <nd ref="6960116824"/>
    <tag k="foot" v="no"/>
    <tag k="highway" v="trunk"/>
    <tag k="int_ref" v="AH26"/>
    <tag k="int_ref:colour" v="blue"/>
    <tag k="lanes" v="5"/>
    <tag k="lit" v="yes"/>
    <tag k="maxheight" v="4.27"/>
    <tag k="maxspeed" v="60"/>
    <tag k="maxspeed:bus" v="50"/>
    <tag k="maxspeed:hgv" v="50"/>
    <tag k="name" v="EDSA"/>
    <tag k="name:es" v="Avenida Epifanio de los Santos"/>
    <tag k="name:tl" v="Abenida Epifanio de los Santos"/>
    <tag k="official_name" v="Epifanio de los Santos Avenue"/>
    <tag k="oneway" v="yes"/>
    <tag k="ref" v="1"/>
    <tag k="source:maxspeed" v="sign"/>
    <tag k="surface" v="asphalt"/>
  </way>
  <way id="618984462">
    <nd ref="2370264845"/>
    <nd ref="12606354248"/>
    <nd ref="8314359397"/>
    <nd ref="7010436878"/>
    <nd ref="12143125958"/>
    <tag k="cycleway:right" v="lane"/>
    <tag k="designation" v="national_primary_road"/>
    <tag k="hgv" v="no"/>
    <tag k="highway" v="primary"/>
    <tag k="int_ref" v="AH26"/>
    <tag k="lanes" v="2"/>
    <tag k="lit" v="yes"/>
    <tag k="maxspeed" v="60"/>
    <tag k="maxspeed:bus" v="50"/>
    <tag k="maxspeed:hgv" v="50"/>
    <tag k="name" v="EDSA"/>
    <tag k="name:es" v="Avenida Epifanio de los Santos"/>
    <tag k="name:fil" v="Abenida Epifanio de los Santos"/>
    <tag k="name:tl" v="Abenida Epifanio de los Santos"/>
    <tag k="official_name" v="Epifanio de los Santos Avenue"/>
    <tag k="oneway" v="yes"/>
    <tag k="ref" v="1"/>
    <tag k="source:maxspeed" v="sign"/>
  </way>
  <way id="621109798">
    <nd ref="5414159589"/>
    <nd ref="8658753151"/>
    <nd ref="7961498676"/>
    <nd ref="11811299483"/>
    <nd ref="7961498680"/>
    <nd ref="8658753154"/>
    <nd ref="12111420958"/>
    <nd ref="250545550"/>
    <nd ref="11416696814"/>
    <nd ref="11416696811"/>
    <nd ref="13112431462"/>
    <nd ref="6507637754"/>
    <nd ref="763949661"/>
    <tag k="cycleway:right" v="lane"/>
    <tag k="foot" v="yes"/>
    <tag k="hgv" v="no"/>
    <tag k="highway" v="trunk"/>
    <tag k="int_ref" v="AH26"/>
    <tag k="int_ref:colour" v="blue"/>
    <tag k="lanes" v="4"/>
    <tag k="lit" v="yes"/>
    <tag k="maxspeed" v="60"/>
    <tag k="maxspeed:bus" v="50"/>
    <tag k="maxspeed:hgv" v="50"/>
    <tag k="name" v="EDSA"/>
    <tag k="name:es" v="Avenida Epifanio de los Santos"/>
    <tag k="name:fil" v="Abenida Epifanio de los Santos"/>
    <tag k="name:tl" v="Abenida Epifanio de los Santos"/>
    <tag k="official_name" v="Epifanio de los Santos Avenue"/>
    <tag k="oneway" v="yes"/>
    <tag k="ref" v="1"/>
    <tag k="sidewalk:right" v="separate"/>
    <tag k="source:maxspeed" v="sign"/>
    <tag k="surface" v="asphalt"/>
    <tag k="width" v="19.2"/>
  </way>
  <way id="621109804">
    <nd ref="88783440"/>
    <nd ref="577406327"/>
    <nd ref="5150002139"/>
    <nd ref="5313614842"/>
    <nd ref="5464394005"/>
    <nd ref="5313614843"/>
    <nd ref="5464394006"/>
    <nd ref="5150002138"/>
    <nd ref="5464394007"/>
    <nd ref="1141810405"/>
    <nd ref="577406331"/>
    <tag k="cycleway:right" v="lane"/>
    <tag k="foot" v="yes"/>
    <tag k="hgv" v="no"/>
    <tag k="highway" v="trunk"/>
    <tag k="int_ref" v="AH26"/>
    <tag k="int_ref:colour" v="blue"/>
    <tag k="lanes" v="4"/>
    <tag k="lit" v="yes"/>
    <tag k="maxspeed" v="60"/>
    <tag k="maxspeed:bus" v="50"/>
    <tag k="maxspeed:hgv" v="50"/>
    <tag k="name" v="EDSA"/>
    <tag k="name:es" v="Avenida Epifanio de los Santos"/>
    <tag k="name:fil" v="Abenida Epifanio de los Santos"/>
    <tag k="name:tl" v="Abenida Epifanio de los Santos"/>
    <tag k="official_name" v="Epifanio de los Santos Avenue"/>
    <tag k="oneway" v="yes"/>
    <tag k="ref" v="1"/>
    <tag k="sidewalk" v="separate"/>
    <tag k="source:maxspeed" v="sign"/>
    <tag k="surface" v="asphalt"/>
    <tag k="width" v="19.2"/>
  </way>
  <way id="621109809">
    <nd ref="600218409"/>
    <nd ref="3309043465"/>
    <nd ref="600218410"/>
    <nd ref="3309043466"/>
    <nd ref="9979537324"/>
    <tag k="cycleway:right" v="lane"/>
    <tag k="foot" v="no"/>
    <tag k="highway" v="trunk"/>
    <tag k="int_ref" v="AH26"/>
    <tag k="int_ref:colour" v="blue"/>
    <tag k="lanes" v="4"/>
    <tag k="lit" v="yes"/>
    <tag k="maxspeed" v="60"/>
    <tag k="maxspeed:bus" v="50"/>
    <tag k="maxspeed:hgv" v="50"/>
    <tag k="name" v="EDSA"/>
    <tag k="name:es" v="Avenida Epifanio de los Santos"/>
    <tag k="name:fil" v="Abenida Epifanio de los Santos"/>
    <tag k="name:tl" v="Abenida Epifanio de los Santos"/>
    <tag k="official_name" v="Epifanio de los Santos Avenue"/>
    <tag k="oneway" v="yes"/>
    <tag k="ref" v="1"/>
    <tag k="sidewalk" v="separate"/>
    <tag k="source:maxspeed" v="sign"/>
    <tag k="surface" v="asphalt"/>
    <tag k="width" v="19.2"/>
  </way>
  <way id="621109814">
    <nd ref="5292826857"/>
    <nd ref="4109461104"/>
    <nd ref="88782921"/>
    <nd ref="5464392356"/>
    <nd ref="5377999587"/>
    <nd ref="5377999585"/>
    <nd ref="8332689765"/>
    <nd ref="5464392358"/>
    <nd ref="5377999586"/>
    <nd ref="5464392357"/>
    <nd ref="5432533972"/>
    <tag k="cycleway:right" v="lane"/>
    <tag k="foot" v="yes"/>
    <tag k="hgv" v="no"/>
    <tag k="highway" v="trunk"/>
    <tag k="int_ref" v="AH26"/>
    <tag k="int_ref:colour" v="blue"/>
    <tag k="lanes" v="4"/>
    <tag k="lit" v="yes"/>
    <tag k="maxspeed" v="60"/>
    <tag k="maxspeed:bus" v="50"/>
    <tag k="maxspeed:hgv" v="50"/>
    <tag k="name" v="EDSA"/>
    <tag k="name:es" v="Avenida Epifanio de los Santos"/>
    <tag k="name:fil" v="Abenida Epifanio de los Santos"/>
    <tag k="name:tl" v="Abenida Epifanio de los Santos"/>
    <tag k="official_name" v="Epifanio de los Santos Avenue"/>
    <tag k="oneway" v="yes"/>
    <tag k="ref" v="1"/>
    <tag k="sidewalk" v="separate"/>
    <tag k="source:maxspeed" v="sign"/>
    <tag k="surface" v="asphalt"/>
    <tag k="width" v="19.2"/>
  </way>
  <way id="628567778">
    <nd ref="3775184570"/>
    <nd ref="3775184569"/>
    <nd ref="3775184564"/>
    <tag k="fine:foot" v="5,000 PHP"/>
    <tag k="foot" v="no"/>
    <tag k="highway" v="primary"/>
    <tag k="int_ref" v="AH26"/>
    <tag k="int_ref:colour" v="blue"/>
    <tag k="lanes" v="3"/>
    <tag k="lit" v="yes"/>
    <tag k="maxspeed" v="60"/>
    <tag k="maxspeed:bus" v="50"/>
    <tag k="maxspeed:hgv" v="50"/>
    <tag k="name" v="EDSA"/>
    <tag k="name:es" v="Avenida Epifanio de los Santos"/>
    <tag k="name:fil" v="Abenida Epifanio de los Santos"/>
    <tag k="name:tl" v="Abenida Epifanio de los Santos"/>
    <tag k="official_name" v="Epifanio de los Santos Avenue"/>
    <tag k="oneway" v="yes"/>
    <tag k="ref" v="1"/>
    <tag k="source:maxspeed" v="sign"/>
    <tag k="surface" v="asphalt"/>
  </way>
  <way id="632727188">
    <nd ref="5973882897"/>
    <nd ref="2596356488"/>
    <nd ref="1272285047"/>
    <tag k="bus:lanes" v="designated|yes|yes"/>
    <tag k="foot" v="yes"/>
    <tag k="highway" v="trunk"/>
    <tag k="int_ref" v="AH26"/>
    <tag k="int_ref:colour" v="blue"/>
    <tag k="lanes" v="3"/>
    <tag k="lit" v="yes"/>
    <tag k="maxspeed" v="60"/>
    <tag k="maxspeed:bus" v="50"/>
    <tag k="maxspeed:hgv" v="50"/>
    <tag k="name" v="EDSA"/>
    <tag k="name:es" v="Avenida Epifanio de los Santos"/>
    <tag k="name:fil" v="Abenida Epifanio de los Santos"/>
    <tag k="name:tl" v="Abenida Epifanio de los Santos"/>
    <tag k="official_name" v="Epifanio de los Santos Avenue"/>
    <tag k="oneway" v="yes"/>
    <tag k="placement" v="right_of:2"/>
    <tag k="ref" v="1"/>
    <tag k="source:maxspeed" v="sign"/>
    <tag k="surface" v="asphalt"/>
  </way>
  <way id="636737590">
    <nd ref="6004089883"/>
    <nd ref="8241078240"/>
    <nd ref="57127910"/>
    <nd ref="9989152445"/>
    <tag k="change:lanes" v="no|no|no|no"/>
    <tag k="hgv" v="no"/>
    <tag k="highway" v="secondary"/>
    <tag k="lanes" v="4"/>
    <tag k="lit" v="yes"/>
    <tag k="maxspeed" v="60"/>
    <tag k="maxspeed:bus" v="50"/>
    <tag k="maxspeed:hgv" v="50"/>
    <tag k="name" v="EDSA Extension"/>
    <tag k="name:es" v="Avenida Extensión Epifanio de los Santos"/>
    <tag k="name:fil" v="Karugtong ng Abenida Epifanio de los Santos"/>
    <tag k="name:tl" v="Karugtong ng Abenida Epifanio de los Santos"/>
    <tag k="oneway" v="yes"/>
    <tag k="parking:both" v="no"/>
    <tag k="parking:both:restriction" v="no_stopping"/>
    <tag k="surface" v="asphalt"/>
    <tag k="turn:lanes" v="right|right|right|right"/>
  </way>
  <way id="636737605">
    <nd ref="1627742471"/>
    <nd ref="1627742469"/>
    <tag k="bicycle" v="use_sidepath"/>
    <tag k="change:lanes" v="no|not_left|||"/>
    <tag k="fine:parking:lane:both" v="5,000 PHP"/>
    <tag k="hgv" v="no"/>
    <tag k="highway" v="secondary"/>
    <tag k="lane_markings" v="no"/>
    <tag k="lanes" v="5"/>
    <tag k="lit" v="yes"/>
    <tag k="maxspeed" v="60"/>
    <tag k="maxspeed:bus" v="50"/>
    <tag k="maxspeed:hgv" v="50"/>
    <tag k="name" v="EDSA Extension"/>
    <tag k="name:es" v="Avenida Extensión Epifanio de los Santos"/>
    <tag k="name:fil" v="Karugtong ng Abenida Epifanio de los Santos"/>
    <tag k="name:tl" v="Karugtong ng Abenida Epifanio de los Santos"/>
    <tag k="oneway" v="yes"/>
    <tag k="parking:both" v="no"/>
    <tag k="parking:both:restriction" v="no_stopping"/>
    <tag k="surface" v="asphalt"/>
  </way>
  <way id="642176273">
    <nd ref="6672900913"/>
    <nd ref="7018806022"/>
    <tag k="access:lanes" v="no|"/>
    <tag k="designation" v="national_primary_road"/>
    <tag k="destination:lanes" v="Balintawak;Monumento;Cubao;NLEX|Ayala;Ortigas"/>
    <tag k="foot" v="use_sidepath"/>
    <tag k="hgv" v="no"/>
    <tag k="highway" v="trunk"/>
    <tag k="int_ref" v="AH26"/>
    <tag k="int_ref:colour" v="blue"/>
    <tag k="lanes" v="2"/>
    <tag k="layer" v="1"/>
    <tag k="lit" v="yes"/>
    <tag k="maxspeed" v="60"/>
    <tag k="maxspeed:bus" v="50"/>
    <tag k="maxspeed:hgv" v="50"/>
    <tag k="name" v="EDSA"/>
    <tag k="name:es" v="Avenida Epifanio de los Santos"/>
    <tag k="name:fil" v="Abenida Epifanio de los Santos"/>
    <tag k="name:tl" v="Abenida Epifanio de los Santos"/>
    <tag k="official_name" v="Epifanio de los Santos Avenue"/>
    <tag k="oneway" v="yes"/>
    <tag k="ref" v="1"/>
    <tag k="source:maxspeed" v="sign"/>
    <tag k="surface" v="asphalt"/>
  </way>
  <way id="642184727">
    <nd ref="1663866326"/>
    <nd ref="237037369"/>
    <nd ref="340651757"/>
    <nd ref="5289211745"/>
    <nd ref="5288983033"/>
    <nd ref="8601223559"/>
    <nd ref="5289211746"/>
    <nd ref="13839136720"/>
    <nd ref="88901997"/>
    <nd ref="7192545200"/>
    <tag k="cycleway:right" v="lane"/>
    <tag k="foot" v="yes"/>
    <tag k="hgv" v="no"/>
    <tag k="highway" v="trunk"/>
    <tag k="int_ref" v="AH26"/>
    <tag k="int_ref:colour" v="blue"/>
    <tag k="lanes" v="4"/>
    <tag k="lit" v="yes"/>
    <tag k="maxspeed" v="60"/>
    <tag k="maxspeed:bus" v="50"/>
    <tag k="maxspeed:hgv" v="50"/>
    <tag k="name" v="EDSA"/>
    <tag k="name:es" v="Avenida Epifanio de los Santos"/>
    <tag k="name:fil" v="Abenida Epifanio de los Santos"/>
    <tag k="name:tl" v="Abenida Epifanio de los Santos"/>
    <tag k="official_name" v="Epifanio de los Santos Avenue"/>
    <tag k="oneway" v="yes"/>
    <tag k="ref" v="1"/>
    <tag k="source:maxspeed" v="sign"/>
  </way>
  <way id="642189491">
    <nd ref="1740120869"/>
    <nd ref="5821774515"/>
    <tag k="cycleway:right" v="lane"/>
    <tag k="foot" v="no"/>
    <tag k="hgv" v="no"/>
    <tag k="highway" v="trunk"/>
    <tag k="int_ref" v="AH26"/>
    <tag k="int_ref:colour" v="blue"/>
    <tag k="lanes" v="4"/>
    <tag k="lit" v="yes"/>
    <tag k="maxspeed" v="60"/>
    <tag k="maxspeed:bus" v="50"/>
    <tag k="maxspeed:hgv" v="50"/>
    <tag k="name" v="EDSA"/>
    <tag k="name:es" v="Avenida Epifanio de los Santos"/>
    <tag k="name:fil" v="Abenida Epifanio de los Santos"/>
    <tag k="name:tl" v="Abenida Epifanio de los Santos"/>
    <tag k="official_name" v="Epifanio de los Santos Avenue"/>
    <tag k="oneway" v="yes"/>
    <tag k="ref" v="1"/>
    <tag k="source:maxspeed" v="sign"/>
  </way>
  <way id="642189493">
    <nd ref="1909558882"/>
    <nd ref="88798869"/>
    <tag k="cycleway:right" v="lane"/>
    <tag k="foot" v="no"/>
    <tag k="hgv" v="no"/>
    <tag k="highway" v="trunk_link"/>
    <tag k="int_ref" v="AH26"/>
    <tag k="int_ref:colour" v="blue"/>
    <tag k="lanes" v="2"/>
    <tag k="lit" v="yes"/>
    <tag k="maxspeed" v="60"/>
    <tag k="maxspeed:bus" v="50"/>
    <tag k="maxspeed:hgv" v="50"/>
    <tag k="name" v="EDSA"/>
    <tag k="name:es" v="Avenida Epifanio de los Santos"/>
    <tag k="name:fil" v="Abenida Epifanio de los Santos"/>
    <tag k="name:tl" v="Abenida Epifanio de los Santos"/>
    <tag k="official_name" v="Epifanio de los Santos Avenue"/>
    <tag k="oneway" v="yes"/>
    <tag k="ref" v="1"/>
    <tag k="source:maxspeed" v="sign"/>
  </way>
  <way id="642764201">
    <nd ref="35456301"/>
    <nd ref="8658753168"/>
    <nd ref="5434506448"/>
    <nd ref="8392436553"/>
    <tag k="cycleway:right" v="lane"/>
    <tag k="foot" v="use_sidepath"/>
    <tag k="highway" v="trunk"/>
    <tag k="int_ref" v="AH26"/>
    <tag k="int_ref:colour" v="blue"/>
    <tag k="lanes" v="3"/>
    <tag k="lit" v="yes"/>
    <tag k="maxspeed" v="60"/>
    <tag k="maxspeed:bus" v="50"/>
    <tag k="maxspeed:hgv" v="50"/>
    <tag k="name" v="EDSA"/>
    <tag k="name:es" v="Avenida Epifanio de los Santos"/>
    <tag k="name:fil" v="Abenida Epifanio de los Santos"/>
    <tag k="name:tl" v="Abenida Epifanio de los Santos"/>
    <tag k="official_name" v="Epifanio de los Santos Avenue"/>
    <tag k="oneway" v="yes"/>
    <tag k="ref" v="1"/>
    <tag k="sidewalk" v="separate"/>
    <tag k="source:maxspeed" v="sign"/>
    <tag k="surface" v="asphalt"/>
    <tag k="width" v="19.2"/>
  </way>
  <way id="642764203">
    <nd ref="5475044862"/>
    <nd ref="8558962862"/>
    <nd ref="12429019654"/>
    <tag k="cycleway:right" v="lane"/>
    <tag k="foot" v="yes"/>
    <tag k="highway" v="trunk"/>
    <tag k="int_ref" v="AH26"/>
    <tag k="int_ref:colour" v="blue"/>
    <tag k="lanes" v="4"/>
    <tag k="lit" v="yes"/>
    <tag k="maxspeed" v="60"/>
    <tag k="maxspeed:bus" v="50"/>
    <tag k="maxspeed:hgv" v="50"/>
    <tag k="name" v="EDSA"/>
    <tag k="name:es" v="Avenida Epifanio de los Santos"/>
    <tag k="name:fil" v="Abenida Epifanio de los Santos"/>
    <tag k="name:tl" v="Abenida Epifanio de los Santos"/>
    <tag k="official_name" v="Epifanio de los Santos Avenue"/>
    <tag k="oneway" v="yes"/>
    <tag k="ref" v="1"/>
    <tag k="sidewalk" v="separate"/>
    <tag k="source:maxspeed" v="sign"/>
    <tag k="surface" v="asphalt"/>
    <tag k="width" v="19.2"/>
  </way>
  <way id="642764204">
    <nd ref="258777207"/>
    <nd ref="504019415"/>
    <nd ref="8382424185"/>
    <nd ref="8382424186"/>
    <tag k="foot" v="no"/>
    <tag k="hgv" v="no"/>
    <tag k="highway" v="trunk"/>
    <tag k="int_ref" v="AH26"/>
    <tag k="int_ref:colour" v="blue"/>
    <tag k="lanes" v="2"/>
    <tag k="lit" v="yes"/>
    <tag k="maxspeed" v="60"/>
    <tag k="maxspeed:bus" v="50"/>
    <tag k="maxspeed:hgv" v="50"/>
    <tag k="name" v="EDSA"/>
    <tag k="name:es" v="Avenida Epifanio de los Santos"/>
    <tag k="name:fil" v="Abenida Epifanio de los Santos"/>
    <tag k="name:tl" v="Abenida Epifanio de los Santos"/>
    <tag k="official_name" v="Epifanio de los Santos Avenue"/>
    <tag k="oneway" v="yes"/>
    <tag k="ref" v="1"/>
    <tag k="source:maxspeed" v="sign"/>
    <tag k="surface" v="asphalt"/>
  </way>
  <way id="642764210">
    <nd ref="5286257621"/>
    <nd ref="13121412152"/>
    <nd ref="6353472856"/>
    <nd ref="8462600811"/>
    <nd ref="747628282"/>
    <tag k="cycleway:right" v="lane"/>
    <tag k="foot" v="yes"/>
    <tag k="hgv" v="no"/>
    <tag k="highway" v="trunk"/>
    <tag k="int_ref" v="AH26"/>
    <tag k="int_ref:colour" v="blue"/>
    <tag k="lanes" v="4"/>
    <tag k="lit" v="yes"/>
    <tag k="maxspeed" v="60"/>
    <tag k="maxspeed:bus" v="50"/>
    <tag k="maxspeed:hgv" v="50"/>
    <tag k="name" v="EDSA"/>
    <tag k="name:es" v="Avenida Epifanio de los Santos"/>
    <tag k="name:fil" v="Abenida Epifanio de los Santos"/>
    <tag k="name:tl" v="Abenida Epifanio de los Santos"/>
    <tag k="official_name" v="Epifanio de los Santos Avenue"/>
    <tag k="oneway" v="yes"/>
    <tag k="ref" v="1"/>
    <tag k="sidewalk:right" v="separate"/>
    <tag k="source:maxspeed" v="sign"/>
  </way>
  <way id="642764211">
    <nd ref="5289002939"/>
    <nd ref="243508493"/>
    <tag k="foot" v="no"/>
    <tag k="hgv" v="no"/>
    <tag k="highway" v="trunk"/>
    <tag k="int_ref" v="AH26"/>
    <tag k="int_ref:colour" v="blue"/>
    <tag k="lanes" v="2"/>
    <tag k="lit" v="yes"/>
    <tag k="maxspeed" v="60"/>
    <tag k="maxspeed:bus" v="50"/>
    <tag k="maxspeed:hgv" v="50"/>
    <tag k="maxweight" v="20"/>
    <tag k="name" v="EDSA"/>
    <tag k="name:es" v="Avenida Epifanio de los Santos"/>
    <tag k="name:fil" v="Abenida Epifanio de los Santos"/>
    <tag k="name:tl" v="Abenida Epifanio de los Santos"/>
    <tag k="official_name" v="Epifanio de los Santos Avenue"/>
    <tag k="oneway" v="yes"/>
    <tag k="placement" v="right_of:2"/>
    <tag k="ref" v="1"/>
    <tag k="source:maxspeed" v="sign"/>
    <tag k="surface" v="asphalt"/>
  </way>
  <way id="642764879">
    <nd ref="5556565511"/>
    <nd ref="11115975343"/>
    <nd ref="303814522"/>
    <tag k="designation" v="national_primary_road"/>
    <tag k="foot" v="yes"/>
    <tag k="highway" v="primary"/>
    <tag k="int_ref" v="AH26"/>
    <tag k="lanes" v="5"/>
    <tag k="lit" v="yes"/>
    <tag k="maxspeed" v="60"/>
    <tag k="maxspeed:bus" v="50"/>
    <tag k="maxspeed:hgv" v="50"/>
    <tag k="name" v="EDSA"/>
    <tag k="name:es" v="Avenida Epifanio de los Santos"/>
    <tag k="name:fil" v="Abenida Epifanio de los Santos"/>
    <tag k="name:tl" v="Abenida Epifanio de los Santos"/>
    <tag k="official_name" v="Epifanio de los Santos Avenue"/>
    <tag k="oneway" v="yes"/>
    <tag k="ref" v="1"/>
    <tag k="source:maxspeed" v="sign"/>
    <tag k="surface" v="asphalt"/>
  </way>
  <way id="642764880">
    <nd ref="8026686933"/>
    <nd ref="5556565511"/>
    <tag k="covered" v="yes"/>
    <tag k="designation" v="national_primary_road"/>
    <tag k="foot" v="yes"/>
    <tag k="highway" v="primary"/>
    <tag k="int_ref" v="AH26"/>
    <tag k="lanes" v="5"/>
    <tag k="lit" v="yes"/>
    <tag k="maxspeed" v="60"/>
    <tag k="maxspeed:bus" v="50"/>
    <tag k="maxspeed:hgv" v="50"/>
    <tag k="name" v="EDSA"/>
    <tag k="name:es" v="Avenida Epifanio de los Santos"/>
    <tag k="name:fil" v="Abenida Epifanio de los Santos"/>
    <tag k="name:tl" v="Abenida Epifanio de los Santos"/>
    <tag k="official_name" v="Epifanio de los Santos Avenue"/>
    <tag k="oneway" v="yes"/>
    <tag k="ref" v="1"/>
    <tag k="source:maxspeed" v="sign"/>
    <tag k="tunnel" v="building_passage"/>
  </way>
  <way id="643299350">
    <nd ref="298098895"/>
    <nd ref="5383119712"/>
    <tag k="foot" v="no"/>
    <tag k="hgv" v="no"/>
    <tag k="highway" v="primary"/>
    <tag k="int_ref" v="AH26"/>
    <tag k="int_ref:colour" v="blue"/>
    <tag k="lanes" v="3"/>
    <tag k="lit" v="yes"/>
    <tag k="maxspeed" v="60"/>
    <tag k="maxspeed:bus" v="50"/>
    <tag k="maxspeed:hgv" v="50"/>
    <tag k="name" v="EDSA"/>
    <tag k="name:es" v="Avenida Epifanio de los Santos"/>
    <tag k="name:fil" v="Abenida Epifanio de los Santos"/>
    <tag k="name:tl" v="Abenida Epifanio de los Santos"/>
    <tag k="official_name" v="Epifanio de los Santos Avenue"/>
    <tag k="oneway" v="yes"/>
    <tag k="ref" v="1"/>
    <tag k="sidewalk" v="separate"/>
    <tag k="source:maxspeed" v="sign"/>
    <tag k="surface" v="concrete"/>
  </way>
  <way id="643299353">
    <nd ref="286082780"/>
    <nd ref="286082839"/>
    <tag k="designation" v="national_primary_road"/>
    <tag k="foot" v="no"/>
    <tag k="hgv" v="no"/>
    <tag k="highway" v="primary"/>
    <tag k="int_ref" v="AH26"/>
    <tag k="int_ref:colour" v="blue"/>
    <tag k="lanes" v="4"/>
    <tag k="lit" v="yes"/>
    <tag k="maxspeed" v="60"/>
    <tag k="maxspeed:bus" v="50"/>
    <tag k="maxspeed:hgv" v="50"/>
    <tag k="name" v="EDSA"/>
    <tag k="name:es" v="Avenida Epifanio de los Santos"/>
    <tag k="name:fil" v="Abenida Epifanio de los Santos"/>
    <tag k="name:tl" v="Abenida Epifanio de los Santos"/>
    <tag k="official_name" v="Epifanio de los Santos Avenue"/>
    <tag k="oneway" v="yes"/>
    <tag k="ref" v="1"/>
    <tag k="sidewalk" v="separate"/>
    <tag k="source:maxspeed" v="sign"/>
    <tag k="surface" v="concrete"/>
  </way>
  <way id="643299355">
    <nd ref="6054242042"/>
    <nd ref="295525881"/>
    <tag k="designation" v="national_primary_road"/>
    <tag k="hgv" v="no"/>
    <tag k="highway" v="primary"/>
    <tag k="int_ref" v="AH26"/>
    <tag k="int_ref:colour" v="blue"/>
    <tag k="lanes" v="4"/>
    <tag k="lit" v="yes"/>
    <tag k="maxspeed" v="60"/>
    <tag k="maxspeed:bus" v="50"/>
    <tag k="maxspeed:hgv" v="50"/>
    <tag k="name" v="EDSA"/>
    <tag k="name:es" v="Avenida Epifanio de los Santos"/>
    <tag k="name:fil" v="Abenida Epifanio de los Santos"/>
    <tag k="name:tl" v="Abenida Epifanio de los Santos"/>
    <tag k="official_name" v="Epifanio de los Santos Avenue"/>
    <tag k="oneway" v="yes"/>
    <tag k="ref" v="1"/>
    <tag k="sidewalk" v="separate"/>
    <tag k="source:maxspeed" v="sign"/>
    <tag k="surface" v="concrete"/>
  </way>
  <way id="643299356">
    <nd ref="286082839"/>
    <nd ref="6054242042"/>
    <tag k="designation" v="national_primary_road"/>
    <tag k="foot" v="no"/>
    <tag k="hgv" v="no"/>
    <tag k="highway" v="primary"/>
    <tag k="int_ref" v="AH26"/>
    <tag k="int_ref:colour" v="blue"/>
    <tag k="lanes" v="4"/>
    <tag k="lit" v="yes"/>
    <tag k="maxspeed" v="60"/>
    <tag k="maxspeed:bus" v="50"/>
    <tag k="maxspeed:hgv" v="50"/>
    <tag k="name" v="EDSA"/>
    <tag k="name:es" v="Avenida Epifanio de los Santos"/>
    <tag k="name:fil" v="Abenida Epifanio de los Santos"/>
    <tag k="name:tl" v="Abenida Epifanio de los Santos"/>
    <tag k="official_name" v="Epifanio de los Santos Avenue"/>
    <tag k="oneway" v="yes"/>
    <tag k="ref" v="1"/>
    <tag k="sidewalk" v="separate"/>
    <tag k="source:maxspeed" v="sign"/>
    <tag k="surface" v="concrete"/>
  </way>
  <way id="643299358">
    <nd ref="6054242043"/>
    <nd ref="2467398191"/>
    <tag k="foot" v="no"/>
    <tag k="hgv" v="no"/>
    <tag k="highway" v="primary"/>
    <tag k="int_ref" v="AH26"/>
    <tag k="int_ref:colour" v="blue"/>
    <tag k="lanes" v="3"/>
    <tag k="lit" v="yes"/>
    <tag k="maxspeed" v="60"/>
    <tag k="maxspeed:bus" v="50"/>
    <tag k="maxspeed:hgv" v="50"/>
    <tag k="name" v="EDSA"/>
    <tag k="name:es" v="Avenida Epifanio de los Santos"/>
    <tag k="name:fil" v="Abenida Epifanio de los Santos"/>
    <tag k="name:tl" v="Abenida Epifanio de los Santos"/>
    <tag k="official_name" v="Epifanio de los Santos Avenue"/>
    <tag k="oneway" v="yes"/>
    <tag k="ref" v="1"/>
    <tag k="sidewalk" v="separate"/>
    <tag k="source:maxspeed" v="sign"/>
    <tag k="surface" v="concrete"/>
  </way>
  <way id="643299359">
    <nd ref="2467398191"/>
    <nd ref="298098895"/>
    <tag k="foot" v="no"/>
    <tag k="hgv" v="no"/>
    <tag k="highway" v="primary"/>
    <tag k="int_ref" v="AH26"/>
    <tag k="int_ref:colour" v="blue"/>
    <tag k="lanes" v="3"/>
    <tag k="lit" v="yes"/>
    <tag k="maxspeed" v="60"/>
    <tag k="maxspeed:bus" v="50"/>
    <tag k="maxspeed:hgv" v="50"/>
    <tag k="name" v="EDSA"/>
    <tag k="name:es" v="Avenida Epifanio de los Santos"/>
    <tag k="name:fil" v="Abenida Epifanio de los Santos"/>
    <tag k="name:tl" v="Abenida Epifanio de los Santos"/>
    <tag k="official_name" v="Epifanio de los Santos Avenue"/>
    <tag k="oneway" v="yes"/>
    <tag k="ref" v="1"/>
    <tag k="sidewalk" v="separate"/>
    <tag k="source:maxspeed" v="sign"/>
    <tag k="surface" v="concrete"/>
  </way>
  <way id="644875492">
    <nd ref="313099686"/>
    <nd ref="13043926867"/>
    <nd ref="13043926866"/>
    <nd ref="13043926878"/>
    <nd ref="331672815"/>
    <nd ref="34012852"/>
    <nd ref="8386859818"/>
    <tag k="bicycle" v="use_sidepath"/>
    <tag k="foot" v="use_sidepath"/>
    <tag k="highway" v="trunk"/>
    <tag k="int_ref" v="AH26"/>
    <tag k="int_ref:colour" v="blue"/>
    <tag k="lanes" v="5"/>
    <tag k="lit" v="yes"/>
    <tag k="maxspeed" v="60"/>
    <tag k="maxspeed:bus" v="50"/>
    <tag k="maxspeed:hgv" v="50"/>
    <tag k="name" v="EDSA"/>
    <tag k="name:es" v="Avenida Epifanio de los Santos"/>
    <tag k="name:fil" v="Abenida Epifanio de los Santos"/>
    <tag k="name:tl" v="Abenida Epifanio de los Santos"/>
    <tag k="oneway" v="yes"/>
    <tag k="ref" v="1"/>
    <tag k="sidewalk" v="separate"/>
    <tag k="source:maxspeed" v="sign"/>
    <tag k="surface" v="concrete"/>
  </way>
  <way id="644875493">
    <nd ref="11068016553"/>
    <nd ref="4433895789"/>
    <nd ref="1323803268"/>
    <tag k="bicycle" v="use_sidepath"/>
    <tag k="fine:foot" v="5,000 PHP"/>
    <tag k="fine:parking:lane:both" v="5,000 PHP"/>
    <tag k="foot" v="no"/>
    <tag k="highway" v="trunk"/>
    <tag k="int_ref" v="AH26"/>
    <tag k="int_ref:colour" v="blue"/>
    <tag k="lanes" v="5"/>
    <tag k="lit" v="yes"/>
    <tag k="maxheight" v="4.27"/>
    <tag k="maxspeed" v="60"/>
    <tag k="maxspeed:bus" v="50"/>
    <tag k="maxspeed:hgv" v="50"/>
    <tag k="name" v="EDSA"/>
    <tag k="name:es" v="Avenida Epifanio de los Santos"/>
    <tag k="name:fil" v="Abenida Epifanio de los Santos"/>
    <tag k="name:tl" v="Abenida Epifanio de los Santos"/>
    <tag k="oneway" v="yes"/>
    <tag k="parking:lane:both" v="no_stopping"/>
    <tag k="ref" v="1"/>
    <tag k="sidewalk" v="separate"/>
    <tag k="source:maxspeed" v="sign"/>
    <tag k="surface" v="concrete"/>
  </way>
  <way id="644875495">
    <nd ref="983430262"/>
    <nd ref="8646850680"/>
    <tag k="bicycle" v="use_sidepath"/>
    <tag k="foot" v="no"/>
    <tag k="highway" v="trunk"/>
    <tag k="int_ref" v="AH26"/>
    <tag k="int_ref:colour" v="blue"/>
    <tag k="lanes" v="5"/>
    <tag k="lit" v="yes"/>
    <tag k="maxheight" v="4.27"/>
    <tag k="maxspeed" v="60"/>
    <tag k="maxspeed:bus" v="50"/>
    <tag k="maxspeed:hgv" v="50"/>
    <tag k="name" v="EDSA"/>
    <tag k="name:es" v="Avenida Epifanio de los Santos"/>
    <tag k="name:fil" v="Abenida Epifanio de los Santos"/>
    <tag k="name:tl" v="Abenida Epifanio de los Santos"/>
    <tag k="oneway" v="yes"/>
    <tag k="ref" v="1"/>
    <tag k="sidewalk" v="separate"/>
    <tag k="source:maxspeed" v="sign"/>
    <tag k="surface" v="concrete"/>
  </way>
  <way id="644875507">
    <nd ref="1723298722"/>
    <nd ref="8637608837"/>
    <nd ref="371129865"/>
    <tag k="cycleway:right" v="lane"/>
    <tag k="fine:parking:lane:both" v="5,000 PHP"/>
    <tag k="foot" v="use_sidepath"/>
    <tag k="highway" v="trunk"/>
    <tag k="int_ref" v="AH26"/>
    <tag k="int_ref:colour" v="blue"/>
    <tag k="lanes" v="4"/>
    <tag k="lit" v="yes"/>
    <tag k="maxspeed" v="60"/>
    <tag k="maxspeed:bus" v="50"/>
    <tag k="maxspeed:hgv" v="50"/>
    <tag k="name" v="EDSA"/>
    <tag k="name:es" v="Avenida Epifanio de los Santos"/>
    <tag k="name:fil" v="Abenida Epifanio de los Santos"/>
    <tag k="name:tl" v="Abenida Epifanio de los Santos"/>
    <tag k="oneway" v="yes"/>
    <tag k="parking:lane:both" v="no_stopping"/>
    <tag k="placement" v="left_of:3"/>
    <tag k="ref" v="1"/>
    <tag k="sidewalk" v="separate"/>
    <tag k="source:maxspeed" v="sign"/>
    <tag k="surface" v="concrete"/>
  </way>
  <way id="644875508">
    <nd ref="7961927120"/>
    <nd ref="1723298719"/>
    <nd ref="243951195"/>
    <nd ref="8383580096"/>
    <nd ref="833184498"/>
    <nd ref="24080055"/>
    <tag k="bicycle" v="use_sidepath"/>
    <tag k="fine:parking:lane:both" v="5,000 PHP"/>
    <tag k="foot" v="use_sidepath"/>
    <tag k="highway" v="trunk"/>
    <tag k="int_ref" v="AH26"/>
    <tag k="int_ref:colour" v="blue"/>
    <tag k="lanes" v="5"/>
    <tag k="lit" v="yes"/>
    <tag k="maxspeed" v="60"/>
    <tag k="maxspeed:bus" v="50"/>
    <tag k="maxspeed:hgv" v="50"/>
    <tag k="name" v="EDSA"/>
    <tag k="name:es" v="Avenida Epifanio de los Santos"/>
    <tag k="name:fil" v="Abenida Epifanio de los Santos"/>
    <tag k="name:tl" v="Abenida Epifanio de los Santos"/>
    <tag k="oneway" v="yes"/>
    <tag k="parking:lane:both" v="no_stopping"/>
    <tag k="ref" v="1"/>
    <tag k="sidewalk" v="separate"/>
    <tag k="source:maxspeed" v="sign"/>
    <tag k="surface" v="concrete"/>
  </way>
  <way id="644875520">
    <nd ref="371129865"/>
    <nd ref="21590566"/>
    <tag k="cycleway:right" v="lane"/>
    <tag k="fine:parking:lane:both" v="5,000 PHP"/>
    <tag k="foot" v="use_sidepath"/>
    <tag k="highway" v="trunk"/>
    <tag k="int_ref" v="AH26"/>
    <tag k="int_ref:colour" v="blue"/>
    <tag k="lanes" v="5"/>
    <tag k="lit" v="yes"/>
    <tag k="maxspeed" v="60"/>
    <tag k="maxspeed:bus" v="50"/>
    <tag k="maxspeed:hgv" v="50"/>
    <tag k="name" v="EDSA"/>
    <tag k="name:es" v="Avenida Epifanio de los Santos"/>
    <tag k="name:fil" v="Abenida Epifanio de los Santos"/>
    <tag k="name:tl" v="Abenida Epifanio de los Santos"/>
    <tag k="oneway" v="yes"/>
    <tag k="parking:lane:both" v="no_stopping"/>
    <tag k="ref" v="1"/>
    <tag k="sidewalk" v="separate"/>
    <tag k="source:maxspeed" v="sign"/>
    <tag k="surface" v="concrete"/>
    <tag k="turn:lanes" v="left|left|through|through|right"/>
  </way>
  <way id="644875524">
    <nd ref="6225038889"/>
    <nd ref="143676963"/>
    <tag k="bicycle" v="use_sidepath"/>
    <tag k="fine:foot" v="5,000 PHP"/>
    <tag k="fine:parking:lane:both" v="5,000 PHP"/>
    <tag k="foot" v="no"/>
    <tag k="highway" v="trunk"/>
    <tag k="int_ref" v="AH26"/>
    <tag k="int_ref:colour" v="blue"/>
    <tag k="lanes" v="4"/>
    <tag k="lit" v="yes"/>
    <tag k="maxheight" v="4.27"/>
    <tag k="maxspeed" v="60"/>
    <tag k="maxspeed:bus" v="50"/>
    <tag k="maxspeed:hgv" v="50"/>
    <tag k="name" v="EDSA"/>
    <tag k="name:es" v="Avenida Epifanio de los Santos"/>
    <tag k="name:tl" v="Abenida Epifanio de los Santos"/>
    <tag k="oneway" v="yes"/>
    <tag k="parking:lane:both" v="no_stopping"/>
    <tag k="ref" v="1"/>
    <tag k="sidewalk" v="separate"/>
    <tag k="source:maxspeed" v="sign"/>
    <tag k="surface" v="asphalt"/>
    <tag k="turn:lanes" v="left|left||"/>
  </way>
  <way id="645172773">
    <nd ref="24915142"/>
    <nd ref="6773467731"/>
    <nd ref="9398002643"/>
    <nd ref="9398002674"/>
    <nd ref="9398002640"/>
    <nd ref="5362391625"/>
    <tag k="bicycle" v="use_sidepath"/>
    <tag k="fine:parking:lane:both" v="5,000 PHP"/>
    <tag k="hgv" v="no"/>
    <tag k="highway" v="secondary"/>
    <tag k="lanes" v="4"/>
    <tag k="lit" v="yes"/>
    <tag k="maxspeed" v="60"/>
    <tag k="maxspeed:bus" v="50"/>
    <tag k="maxspeed:hgv" v="50"/>
    <tag k="name" v="EDSA Extension"/>
    <tag k="name:es" v="Avenida Extensión Epifanio de los Santos"/>
    <tag k="name:fil" v="Karugtong ng Abenida Epifanio de los Santos"/>
    <tag k="name:tl" v="Karugtong ng Abenida Epifanio de los Santos"/>
    <tag k="oneway" v="yes"/>
    <tag k="parking:lane:both" v="no_stopping"/>
    <tag k="surface" v="asphalt"/>
  </way>
  <way id="653026069">
    <nd ref="3775184578"/>
    <nd ref="313926605"/>
    <tag k="bus:lanes" v="no|yes|designated|yes"/>
    <tag k="cycleway:lane" v="advisory"/>
    <tag k="cycleway:right" v="lane"/>
    <tag k="foot" v="yes"/>
    <tag k="highway" v="primary"/>
    <tag k="int_ref" v="AH26"/>
    <tag k="int_ref:colour" v="blue"/>
    <tag k="lanes" v="4"/>
    <tag k="lit" v="yes"/>
    <tag k="maxspeed" v="60"/>
    <tag k="maxspeed:bus" v="50"/>
    <tag k="maxspeed:hgv" v="50"/>
    <tag k="name" v="EDSA"/>
    <tag k="name:es" v="Avenida Epifanio de los Santos"/>
    <tag k="name:fil" v="Abenida Epifanio de los Santos"/>
    <tag k="name:tl" v="Abenida Epifanio de los Santos"/>
    <tag k="official_name" v="Epifanio de los Santos Avenue"/>
    <tag k="oneway" v="yes"/>
    <tag k="ref" v="1"/>
    <tag k="source:maxspeed" v="sign"/>
    <tag k="surface" v="asphalt"/>
    <tag k="turn:lanes" v="left;through|through|through|right"/>
  </way>
  <way id="657272437">
    <nd ref="25389521"/>
    <nd ref="25389523"/>
    <tag k="cycleway:right" v="lane"/>
    <tag k="fine:foot" v="5,000 PHP"/>
    <tag k="fine:parking:lane:both" v="5,000 PHP"/>
    <tag k="foot" v="no"/>
    <tag k="highway" v="trunk"/>
    <tag k="int_ref" v="AH26"/>
    <tag k="lanes" v="5"/>
    <tag k="lit" v="yes"/>
    <tag k="maxspeed" v="60"/>
    <tag k="maxspeed:bus" v="50"/>
    <tag k="maxspeed:hgv" v="50"/>
    <tag k="name" v="EDSA"/>
    <tag k="name:es" v="Avenida Epifanio de los Santos"/>
    <tag k="name:fil" v="Abenida Epifanio de los Santos"/>
    <tag k="name:tl" v="Abenida Epifanio de los Santos"/>
    <tag k="oneway" v="yes"/>
    <tag k="parking:lane:both" v="no_stopping"/>
    <tag k="ref" v="1"/>
    <tag k="source:maxspeed" v="sign"/>
    <tag k="surface" v="asphalt"/>
  </way>
  <way id="660489618">
    <nd ref="8186731035"/>
    <nd ref="8186731032"/>
    <nd ref="5284226033"/>
    <nd ref="462069082"/>
    <tag k="bridge" v="viaduct"/>
    <tag k="bridge:name" v="Timog/Kamuning Flyover"/>
    <tag k="foot" v="no"/>
    <tag k="hgv" v="no"/>
    <tag k="highway" v="trunk"/>
    <tag k="int_ref" v="AH26"/>
    <tag k="int_ref:colour" v="blue"/>
    <tag k="lanes" v="2"/>
    <tag k="layer" v="1"/>
    <tag k="lit" v="yes"/>
    <tag k="maxspeed" v="60"/>
    <tag k="maxspeed:bus" v="50"/>
    <tag k="maxspeed:hgv" v="50"/>
    <tag k="name" v="EDSA"/>
    <tag k="name:es" v="Avenida Epifanio de los Santos"/>
    <tag k="name:fil" v="Abenida Epifanio de los Santos"/>
    <tag k="name:tl" v="Abenida Epifanio de los Santos"/>
    <tag k="note" v="value of ref &quot;1;AH26&quot; is just experimental upto April 2015 pending observation of effects on mobile Apps rendering (so far ok with mapnik)"/>
    <tag k="official_name" v="Epifanio de los Santos Avenue"/>
    <tag k="oneway" v="yes"/>
    <tag k="ref" v="1"/>
    <tag k="source:maxspeed" v="sign"/>
    <tag k="surface" v="asphalt"/>
  </way>
  <way id="665068121">
    <nd ref="5313631909"/>
    <nd ref="1423836315"/>
    <nd ref="313099577"/>
    <tag k="cycleway:right" v="lane"/>
    <tag k="foot" v="yes"/>
    <tag k="highway" v="trunk"/>
    <tag k="int_ref" v="AH26"/>
    <tag k="int_ref:colour" v="blue"/>
    <tag k="lanes" v="3"/>
    <tag k="lit" v="yes"/>
    <tag k="maxspeed" v="60"/>
    <tag k="maxspeed:bus" v="50"/>
    <tag k="maxspeed:hgv" v="50"/>
    <tag k="name" v="EDSA"/>
    <tag k="name:es" v="Avenida Epifanio de los Santos"/>
    <tag k="name:fil" v="Abenida Epifanio de los Santos"/>
    <tag k="name:tl" v="Abenida Epifanio de los Santos"/>
    <tag k="official_name" v="Epifanio de los Santos Avenue"/>
    <tag k="oneway" v="yes"/>
    <tag k="oneway:bicycle" v="yes"/>
    <tag k="operator" v="Metropolitan Manila Development Authority"/>
    <tag k="ref" v="1"/>
    <tag k="source:maxspeed" v="sign"/>
    <tag k="surface" v="asphalt"/>
  </way>
  <way id="667228839">
    <nd ref="922440797"/>
    <nd ref="6510098426"/>
    <nd ref="13114148450"/>
    <nd ref="140992612"/>
    <nd ref="12067308"/>
    <tag k="cycleway:right" v="lane"/>
    <tag k="foot" v="yes"/>
    <tag k="highway" v="trunk"/>
    <tag k="int_ref" v="AH26"/>
    <tag k="int_ref:colour" v="blue"/>
    <tag k="lanes" v="5"/>
    <tag k="lit" v="yes"/>
    <tag k="maxspeed" v="60"/>
    <tag k="maxspeed:bus" v="50"/>
    <tag k="maxspeed:hgv" v="50"/>
    <tag k="name" v="EDSA"/>
    <tag k="name:es" v="Avenida Epifanio de los Santos"/>
    <tag k="name:fil" v="Abenida Epifanio de los Santos"/>
    <tag k="name:tl" v="Abenida Epifanio de los Santos"/>
    <tag k="oneway" v="yes"/>
    <tag k="ref" v="1"/>
    <tag k="sidewalk" v="separate"/>
    <tag k="source:maxspeed" v="sign"/>
    <tag k="surface" v="concrete"/>
  </way>
  <way id="667228840">
    <nd ref="6510098425"/>
    <nd ref="34012859"/>
    <nd ref="414584559"/>
    <nd ref="11068016556"/>
    <tag k="bicycle" v="use_sidepath"/>
    <tag k="fine:foot" v="5,000 PHP"/>
    <tag k="fine:parking:lane:both" v="5,000 PHP"/>
    <tag k="foot" v="no"/>
    <tag k="highway" v="trunk"/>
    <tag k="int_ref" v="AH26"/>
    <tag k="int_ref:colour" v="blue"/>
    <tag k="lanes" v="5"/>
    <tag k="lit" v="yes"/>
    <tag k="maxspeed" v="60"/>
    <tag k="maxspeed:bus" v="50"/>
    <tag k="maxspeed:hgv" v="50"/>
    <tag k="name" v="EDSA"/>
    <tag k="name:es" v="Avenida Epifanio de los Santos"/>
    <tag k="name:fil" v="Abenida Epifanio de los Santos"/>
    <tag k="name:tl" v="Abenida Epifanio de los Santos"/>
    <tag k="oneway" v="yes"/>
    <tag k="parking:lane:both" v="no_stopping"/>
    <tag k="ref" v="1"/>
    <tag k="sidewalk" v="separate"/>
    <tag k="source:maxspeed" v="sign"/>
    <tag k="surface" v="concrete"/>
  </way>
  <way id="667228842">
    <nd ref="25426149"/>
    <nd ref="7961927120"/>
    <tag k="bicycle" v="use_sidepath"/>
    <tag k="fine:parking:lane:both" v="5,000 PHP"/>
    <tag k="foot" v="use_sidepath"/>
    <tag k="highway" v="trunk"/>
    <tag k="int_ref" v="AH26"/>
    <tag k="int_ref:colour" v="blue"/>
    <tag k="lanes" v="5"/>
    <tag k="lit" v="yes"/>
    <tag k="maxspeed" v="60"/>
    <tag k="maxspeed:bus" v="50"/>
    <tag k="maxspeed:hgv" v="50"/>
    <tag k="name" v="EDSA"/>
    <tag k="name:es" v="Avenida Epifanio de los Santos"/>
    <tag k="name:fil" v="Abenida Epifanio de los Santos"/>
    <tag k="name:tl" v="Abenida Epifanio de los Santos"/>
    <tag k="oneway" v="yes"/>
    <tag k="parking:lane:both" v="no_stopping"/>
    <tag k="ref" v="1"/>
    <tag k="sidewalk" v="separate"/>
    <tag k="source:maxspeed" v="sign"/>
    <tag k="surface" v="concrete"/>
  </way>
  <way id="671028120">
    <nd ref="24081884"/>
    <nd ref="6264891405"/>
    <nd ref="10287131198"/>
    <nd ref="462068195"/>
    <tag k="cycleway:right" v="lane"/>
    <tag k="foot" v="no"/>
    <tag k="hgv" v="no"/>
    <tag k="highway" v="primary"/>
    <tag k="int_ref" v="AH26"/>
    <tag k="lanes" v="3"/>
    <tag k="lit" v="yes"/>
    <tag k="maxspeed" v="60"/>
    <tag k="maxspeed:bus" v="50"/>
    <tag k="maxspeed:hgv" v="50"/>
    <tag k="name" v="EDSA"/>
    <tag k="name:es" v="Avenida Epifanio de los Santos"/>
    <tag k="name:fil" v="Abenida Epifanio de los Santos"/>
    <tag k="name:tl" v="Abenida Epifanio de los Santos"/>
    <tag k="official_name" v="Epifanio de los Santos Avenue"/>
    <tag k="oneway" v="yes"/>
    <tag k="source:maxspeed" v="sign"/>
  </way>
  <way id="671028121">
    <nd ref="5472105349"/>
    <nd ref="5427170390"/>
    <tag k="cycleway:right" v="lane"/>
    <tag k="destination" v="Timog Avenue;Kamuning"/>
    <tag k="hgv" v="no"/>
    <tag k="highway" v="primary"/>
    <tag k="int_ref" v="AH26"/>
    <tag k="lanes" v="3"/>
    <tag k="lit" v="yes"/>
    <tag k="maxspeed" v="60"/>
    <tag k="maxspeed:bus" v="50"/>
    <tag k="maxspeed:hgv" v="50"/>
    <tag k="name" v="EDSA"/>
    <tag k="name:es" v="Avenida Epifanio de los Santos"/>
    <tag k="name:fil" v="Abenida Epifanio de los Santos"/>
    <tag k="name:tl" v="Abenida Epifanio de los Santos"/>
    <tag k="official_name" v="Epifanio de los Santos Avenue"/>
    <tag k="oneway" v="yes"/>
    <tag k="sidewalk:right" v="separate"/>
    <tag k="source:maxspeed" v="sign"/>
  </way>
  <way id="671028122">
    <nd ref="3666796561"/>
    <nd ref="5472105348"/>
    <tag k="cycleway:right" v="lane"/>
    <tag k="hgv" v="no"/>
    <tag k="highway" v="primary"/>
    <tag k="int_ref" v="AH26"/>
    <tag k="lanes" v="2"/>
    <tag k="lit" v="yes"/>
    <tag k="maxspeed" v="60"/>
    <tag k="maxspeed:bus" v="50"/>
    <tag k="maxspeed:hgv" v="50"/>
    <tag k="name" v="EDSA"/>
    <tag k="name:es" v="Avenida Epifanio de los Santos"/>
    <tag k="name:fil" v="Abenida Epifanio de los Santos"/>
    <tag k="name:tl" v="Abenida Epifanio de los Santos"/>
    <tag k="official_name" v="Epifanio de los Santos Avenue"/>
    <tag k="oneway" v="yes"/>
    <tag k="sidewalk:right" v="separate"/>
    <tag k="source:maxspeed" v="sign"/>
  </way>
  <way id="671028123">
    <nd ref="6622286349"/>
    <nd ref="5285949885"/>
    <tag k="cycleway:right" v="lane"/>
    <tag k="destination" v="Timog Avenue;Kamuning"/>
    <tag k="hgv" v="no"/>
    <tag k="highway" v="primary"/>
    <tag k="int_ref" v="AH26"/>
    <tag k="lanes" v="2"/>
    <tag k="lit" v="yes"/>
    <tag k="maxspeed" v="60"/>
    <tag k="maxspeed:bus" v="50"/>
    <tag k="maxspeed:hgv" v="50"/>
    <tag k="name" v="EDSA"/>
    <tag k="name:es" v="Avenida Epifanio de los Santos"/>
    <tag k="name:fil" v="Abenida Epifanio de los Santos"/>
    <tag k="name:tl" v="Abenida Epifanio de los Santos"/>
    <tag k="official_name" v="Epifanio de los Santos Avenue"/>
    <tag k="oneway" v="yes"/>
    <tag k="sidewalk" v="separate"/>
    <tag k="source:maxspeed" v="sign"/>
  </way>
  <way id="671955930">
    <nd ref="186466037"/>
    <nd ref="7244807594"/>
    <tag k="designation" v="national_primary_road"/>
    <tag k="foot" v="no"/>
    <tag k="highway" v="trunk_link"/>
    <tag k="int_ref" v="AH26"/>
    <tag k="lanes" v="2"/>
    <tag k="lit" v="yes"/>
    <tag k="maxspeed" v="60"/>
    <tag k="maxspeed:bus" v="50"/>
    <tag k="maxspeed:hgv" v="50"/>
    <tag k="name" v="EDSA"/>
    <tag k="name:es" v="Avenida Epifanio de los Santos"/>
    <tag k="name:fil" v="Abenida Epifanio de los Santos"/>
    <tag k="name:tl" v="Abenida Epifanio de los Santos"/>
    <tag k="official_name" v="Epifanio de los Santos Avenue"/>
    <tag k="oneway" v="yes"/>
    <tag k="ref" v="1"/>
    <tag k="source:maxspeed" v="sign"/>
  </way>
  <way id="671955931">
    <nd ref="12067619"/>
    <nd ref="1276924654"/>
    <nd ref="8459730704"/>
    <tag k="designation" v="national_primary_road"/>
    <tag k="foot" v="yes"/>
    <tag k="highway" v="trunk_link"/>
    <tag k="int_ref" v="AH26"/>
    <tag k="lanes" v="2"/>
    <tag k="lit" v="yes"/>
    <tag k="maxspeed" v="60"/>
    <tag k="maxspeed:bus" v="50"/>
    <tag k="maxspeed:hgv" v="50"/>
    <tag k="name" v="EDSA"/>
    <tag k="name:es" v="Avenida Epifanio de los Santos"/>
    <tag k="name:fil" v="Abenida Epifanio de los Santos"/>
    <tag k="name:tl" v="Abenida Epifanio de los Santos"/>
    <tag k="official_name" v="Epifanio de los Santos Avenue"/>
    <tag k="oneway" v="yes"/>
    <tag k="ref" v="1"/>
    <tag k="source:maxspeed" v="sign"/>
  </way>
  <way id="671955936">
    <nd ref="313493538"/>
    <nd ref="3262824161"/>
    <nd ref="3262823888"/>
    <tag k="bicycle" v="no"/>
    <tag k="bus" v="no"/>
    <tag k="hazmat" v="no"/>
    <tag k="hgv" v="no"/>
    <tag k="highway" v="trunk"/>
    <tag k="int_ref" v="AH26"/>
    <tag k="lanes" v="1"/>
    <tag k="lit" v="yes"/>
    <tag k="maxspeed" v="60"/>
    <tag k="maxspeed:bus" v="50"/>
    <tag k="maxspeed:hgv" v="50"/>
    <tag k="name" v="EDSA"/>
    <tag k="name:es" v="Avenida Epifanio de los Santos"/>
    <tag k="name:fil" v="Abenida Epifanio de los Santos"/>
    <tag k="name:tl" v="Abenida Epifanio de los Santos"/>
    <tag k="official_name" v="Epifanio de los Santos Avenue"/>
    <tag k="oneway" v="yes"/>
    <tag k="ref" v="1"/>
    <tag k="source:maxspeed" v="sign"/>
    <tag k="surface" v="asphalt"/>
    <tag k="width" v="3"/>
  </way>
  <way id="671955939">
    <nd ref="321554297"/>
    <nd ref="321551795"/>
    <tag k="cycleway:right" v="lane"/>
    <tag k="designation" v="national_primary_road"/>
    <tag k="destination" v="Ortigas"/>
    <tag k="hgv" v="no"/>
    <tag k="highway" v="trunk_link"/>
    <tag k="int_ref" v="AH26"/>
    <tag k="lanes" v="3"/>
    <tag k="lit" v="yes"/>
    <tag k="maxspeed" v="60"/>
    <tag k="maxspeed:bus" v="50"/>
    <tag k="maxspeed:hgv" v="50"/>
    <tag k="name" v="EDSA"/>
    <tag k="name:es" v="Avenida Epifanio de los Santos"/>
    <tag k="name:fil" v="Abenida Epifanio de los Santos"/>
    <tag k="name:tl" v="Abenida Epifanio de los Santos"/>
    <tag k="official_name" v="Epifanio de los Santos Avenue"/>
    <tag k="oneway" v="yes"/>
    <tag k="ref" v="1"/>
    <tag k="source:maxspeed" v="sign"/>
    <tag k="surface" v="asphalt"/>
  </way>
  <way id="671955943">
    <nd ref="225197616"/>
    <nd ref="5286867452"/>
    <tag k="cycleway:lane" v="advisory"/>
    <tag k="cycleway:right" v="lane"/>
    <tag k="cycleway:separation:left" v="solid_line"/>
    <tag k="foot" v="yes"/>
    <tag k="hgv" v="no"/>
    <tag k="highway" v="trunk"/>
    <tag k="int_ref" v="AH26"/>
    <tag k="int_ref:colour" v="blue"/>
    <tag k="lanes" v="3"/>
    <tag k="lit" v="yes"/>
    <tag k="maxspeed" v="60"/>
    <tag k="maxspeed:bus" v="50"/>
    <tag k="maxspeed:hgv" v="50"/>
    <tag k="name" v="EDSA"/>
    <tag k="name:es" v="Avenida Epifanio de los Santos"/>
    <tag k="name:fil" v="Abenida Epifanio de los Santos"/>
    <tag k="name:tl" v="Abenida Epifanio de los Santos"/>
    <tag k="official_name" v="Epifanio de los Santos Avenue"/>
    <tag k="oneway" v="yes"/>
    <tag k="ref" v="1"/>
    <tag k="sidewalk:right" v="separate"/>
    <tag k="source:maxspeed" v="sign"/>
    <tag k="surface" v="asphalt"/>
  </way>
  <way id="671962727">
    <nd ref="6292546984"/>
    <nd ref="12535175314"/>
    <nd ref="12535175315"/>
    <nd ref="313926476"/>
    <tag k="cycleway:lane" v="advisory"/>
    <tag k="cycleway:right" v="lane"/>
    <tag k="cycleway:separation:left" v="solid_line"/>
    <tag k="foot" v="yes"/>
    <tag k="hgv" v="no"/>
    <tag k="highway" v="trunk"/>
    <tag k="int_ref" v="AH26"/>
    <tag k="int_ref:colour" v="blue"/>
    <tag k="lanes" v="3"/>
    <tag k="lit" v="yes"/>
    <tag k="maxspeed" v="60"/>
    <tag k="maxspeed:bus" v="50"/>
    <tag k="maxspeed:hgv" v="50"/>
    <tag k="name" v="EDSA"/>
    <tag k="name:es" v="Avenida Epifanio de los Santos"/>
    <tag k="name:fil" v="Abenida Epifanio de los Santos"/>
    <tag k="name:tl" v="Abenida Epifanio de los Santos"/>
    <tag k="official_name" v="Epifanio de los Santos Avenue"/>
    <tag k="oneway" v="yes"/>
    <tag k="ref" v="1"/>
    <tag k="sidewalk:right" v="separate"/>
    <tag k="source:maxspeed" v="sign"/>
    <tag k="surface" v="asphalt"/>
  </way>
  <way id="671962728">
    <nd ref="5286867452"/>
    <nd ref="6292546984"/>
    <tag k="covered" v="yes"/>
    <tag k="cycleway:lane" v="advisory"/>
    <tag k="cycleway:right" v="lane"/>
    <tag k="cycleway:separation:left" v="solid_line"/>
    <tag k="foot" v="yes"/>
    <tag k="hgv" v="no"/>
    <tag k="highway" v="trunk"/>
    <tag k="int_ref" v="AH26"/>
    <tag k="int_ref:colour" v="blue"/>
    <tag k="lanes" v="3"/>
    <tag k="lit" v="yes"/>
    <tag k="maxspeed" v="60"/>
    <tag k="maxspeed:bus" v="50"/>
    <tag k="maxspeed:hgv" v="50"/>
    <tag k="name" v="EDSA"/>
    <tag k="name:es" v="Avenida Epifanio de los Santos"/>
    <tag k="name:fil" v="Abenida Epifanio de los Santos"/>
    <tag k="name:tl" v="Abenida Epifanio de los Santos"/>
    <tag k="official_name" v="Epifanio de los Santos Avenue"/>
    <tag k="oneway" v="yes"/>
    <tag k="ref" v="1"/>
    <tag k="sidewalk:right" v="separate"/>
    <tag k="source:maxspeed" v="sign"/>
    <tag k="surface" v="asphalt"/>
    <tag k="tunnel" v="building_passage"/>
  </way>
  <way id="671962729">
    <nd ref="6292546983"/>
    <nd ref="5414188072"/>
    <tag k="covered" v="yes"/>
    <tag k="foot" v="yes"/>
    <tag k="hgv" v="no"/>
    <tag k="highway" v="trunk"/>
    <tag k="int_ref" v="AH26"/>
    <tag k="int_ref:colour" v="blue"/>
    <tag k="lanes" v="3"/>
    <tag k="lit" v="yes"/>
    <tag k="maxspeed" v="60"/>
    <tag k="maxspeed:bus" v="50"/>
    <tag k="maxspeed:hgv" v="50"/>
    <tag k="name" v="EDSA"/>
    <tag k="name:es" v="Avenida Epifanio de los Santos"/>
    <tag k="name:fil" v="Abenida Epifanio de los Santos"/>
    <tag k="name:tl" v="Abenida Epifanio de los Santos"/>
    <tag k="official_name" v="Epifanio de los Santos Avenue"/>
    <tag k="oneway" v="yes"/>
    <tag k="ref" v="1"/>
    <tag k="sidewalk:right" v="separate"/>
    <tag k="source:maxspeed" v="sign"/>
    <tag k="surface" v="asphalt"/>
    <tag k="tunnel" v="building_passage"/>
    <tag k="width" v="13.5"/>
  </way>
  <way id="671962730">
    <nd ref="24078211"/>
    <nd ref="6292546983"/>
    <tag k="cycleway:lane" v="advisory"/>
    <tag k="cycleway:right" v="lane"/>
    <tag k="foot" v="yes"/>
    <tag k="hgv" v="no"/>
    <tag k="highway" v="trunk"/>
    <tag k="int_ref" v="AH26"/>
    <tag k="int_ref:colour" v="blue"/>
    <tag k="lanes" v="3"/>
    <tag k="lit" v="yes"/>
    <tag k="maxspeed" v="60"/>
    <tag k="maxspeed:bus" v="50"/>
    <tag k="maxspeed:hgv" v="50"/>
    <tag k="name" v="EDSA"/>
    <tag k="name:es" v="Avenida Epifanio de los Santos"/>
    <tag k="name:fil" v="Abenida Epifanio de los Santos"/>
    <tag k="name:tl" v="Abenida Epifanio de los Santos"/>
    <tag k="official_name" v="Epifanio de los Santos Avenue"/>
    <tag k="oneway" v="yes"/>
    <tag k="ref" v="1"/>
    <tag k="sidewalk:right" v="separate"/>
    <tag k="source:maxspeed" v="sign"/>
    <tag k="surface" v="asphalt"/>
    <tag k="width" v="13.5"/>
  </way>
  <way id="677184760">
    <nd ref="29098405"/>
    <nd ref="24078516"/>
    <tag k="cycleway:right" v="lane"/>
    <tag k="designation" v="national_primary_road"/>
    <tag k="foot" v="no"/>
    <tag k="hgv" v="no"/>
    <tag k="highway" v="trunk_link"/>
    <tag k="int_ref" v="AH26"/>
    <tag k="lanes" v="3"/>
    <tag k="lit" v="yes"/>
    <tag k="maxspeed" v="60"/>
    <tag k="maxspeed:bus" v="50"/>
    <tag k="maxspeed:hgv" v="50"/>
    <tag k="name" v="EDSA"/>
    <tag k="name:es" v="Avenida Epifanio de los Santos"/>
    <tag k="name:fil" v="Abenida Epifanio de los Santos"/>
    <tag k="name:tl" v="Abenida Epifanio de los Santos"/>
    <tag k="official_name" v="Epifanio de los Santos Avenue"/>
    <tag k="oneway" v="yes"/>
    <tag k="ref" v="1"/>
    <tag k="source:maxspeed" v="sign"/>
    <tag k="surface" v="asphalt"/>
  </way>
  <way id="677184768">
    <nd ref="24081110"/>
    <nd ref="96347306"/>
    <tag k="cycleway:right" v="lane"/>
    <tag k="foot" v="yes"/>
    <tag k="hgv" v="no"/>
    <tag k="highway" v="trunk"/>
    <tag k="int_ref" v="AH26"/>
    <tag k="int_ref:colour" v="blue"/>
    <tag k="lanes" v="5"/>
    <tag k="lit" v="yes"/>
    <tag k="maxspeed" v="60"/>
    <tag k="maxspeed:bus" v="50"/>
    <tag k="maxspeed:hgv" v="50"/>
    <tag k="name" v="EDSA"/>
    <tag k="name:es" v="Avenida Epifanio de los Santos"/>
    <tag k="name:fil" v="Abenida Epifanio de los Santos"/>
    <tag k="name:tl" v="Abenida Epifanio de los Santos"/>
    <tag k="official_name" v="Epifanio de los Santos Avenue"/>
    <tag k="oneway" v="yes"/>
    <tag k="oneway:bicycle" v="yes"/>
    <tag k="ref" v="1"/>
    <tag k="source:maxspeed" v="sign"/>
    <tag k="surface" v="concrete"/>
  </way>
  <way id="677187007">
    <nd ref="333524170"/>
    <nd ref="964832042"/>
    <nd ref="8931690112"/>
    <tag k="cycleway:right" v="lane"/>
    <tag k="designation" v="national_primary_road"/>
    <tag k="destination:street" v="Aurora Boulevard"/>
    <tag k="hgv" v="no"/>
    <tag k="highway" v="primary"/>
    <tag k="int_ref" v="AH26"/>
    <tag k="lanes" v="3"/>
    <tag k="lit" v="yes"/>
    <tag k="maxspeed" v="60"/>
    <tag k="maxspeed:bus" v="50"/>
    <tag k="maxspeed:hgv" v="50"/>
    <tag k="name" v="EDSA"/>
    <tag k="name:es" v="Avenida Epifanio de los Santos"/>
    <tag k="name:fil" v="Abenida Epifanio de los Santos"/>
    <tag k="name:tl" v="Abenida Epifanio de los Santos"/>
    <tag k="official_name" v="Epifanio de los Santos Avenue"/>
    <tag k="oneway" v="yes"/>
    <tag k="ref" v="1"/>
    <tag k="source:maxspeed" v="sign"/>
    <tag k="surface" v="concrete"/>
  </way>
  <way id="688542901">
    <nd ref="299385789"/>
    <nd ref="5289014612"/>
    <nd ref="7474757217"/>
    <nd ref="12067636"/>
    <nd ref="313708346"/>
    <nd ref="1532341812"/>
    <nd ref="313708347"/>
    <nd ref="8658521621"/>
    <nd ref="8658521625"/>
    <nd ref="340147715"/>
    <nd ref="6418671631"/>
    <nd ref="11806112218"/>
    <nd ref="10701045096"/>
    <nd ref="964753379"/>
    <nd ref="313873068"/>
    <tag k="cycleway:right" v="lane"/>
    <tag k="cycleway:separation:left" v="solid_line"/>
    <tag k="foot" v="yes"/>
    <tag k="hgv" v="no"/>
    <tag k="highway" v="trunk"/>
    <tag k="int_ref" v="AH26"/>
    <tag k="int_ref:colour" v="blue"/>
    <tag k="lanes" v="3"/>
    <tag k="lit" v="yes"/>
    <tag k="maxheight:signed" v="no"/>
    <tag k="maxspeed" v="60"/>
    <tag k="maxspeed:bus" v="50"/>
    <tag k="maxspeed:hgv" v="50"/>
    <tag k="name" v="EDSA"/>
    <tag k="name:es" v="Avenida Epifanio de los Santos"/>
    <tag k="name:fil" v="Abenida Epifanio de los Santos"/>
    <tag k="name:tl" v="Abenida Epifanio de los Santos"/>
    <tag k="official_name" v="Epifanio de los Santos Avenue"/>
    <tag k="oneway" v="yes"/>
    <tag k="ref" v="1"/>
    <tag k="sidewalk:right" v="separate"/>
    <tag k="source:maxspeed" v="sign"/>
  </way>
  <way id="688542902">
    <nd ref="452870175"/>
    <nd ref="5414144583"/>
    <tag k="covered" v="yes"/>
    <tag k="cycleway:lane" v="advisory"/>
    <tag k="cycleway:right" v="track"/>
    <tag k="cycleway:separation:left" v="jersey_barrier"/>
    <tag k="foot" v="yes"/>
    <tag k="hgv" v="no"/>
    <tag k="highway" v="trunk"/>
    <tag k="int_ref" v="AH26"/>
    <tag k="int_ref:colour" v="blue"/>
    <tag k="lanes" v="3"/>
    <tag k="lit" v="yes"/>
    <tag k="maxspeed" v="60"/>
    <tag k="maxspeed:bus" v="50"/>
    <tag k="maxspeed:hgv" v="50"/>
    <tag k="name" v="EDSA"/>
    <tag k="name:es" v="Avenida Epifanio de los Santos"/>
    <tag k="name:fil" v="Abenida Epifanio de los Santos"/>
    <tag k="name:tl" v="Abenida Epifanio de los Santos"/>
    <tag k="official_name" v="Epifanio de los Santos Avenue"/>
    <tag k="oneway" v="yes"/>
    <tag k="ref" v="1"/>
    <tag k="sidewalk" v="separate"/>
    <tag k="source:maxspeed" v="sign"/>
    <tag k="tunnel" v="building_passage"/>
  </way>
  <way id="688542903">
    <nd ref="5289006002"/>
    <nd ref="243508486"/>
    <tag k="cycleway:lane" v="advisory"/>
    <tag k="cycleway:right" v="lane"/>
    <tag k="fine:foot" v="5,000 PHP"/>
    <tag k="foot" v="no"/>
    <tag k="hgv" v="no"/>
    <tag k="highway" v="trunk"/>
    <tag k="int_ref" v="AH26"/>
    <tag k="int_ref:colour" v="blue"/>
    <tag k="lanes" v="4"/>
    <tag k="lit" v="yes"/>
    <tag k="maxspeed" v="60"/>
    <tag k="maxspeed:bus" v="50"/>
    <tag k="maxspeed:hgv" v="50"/>
    <tag k="name" v="EDSA"/>
    <tag k="name:es" v="Avenida Epifanio de los Santos"/>
    <tag k="name:fil" v="Abenida Epifanio de los Santos"/>
    <tag k="name:tl" v="Abenida Epifanio de los Santos"/>
    <tag k="official_name" v="Epifanio de los Santos Avenue"/>
    <tag k="oneway" v="yes"/>
    <tag k="ref" v="1"/>
    <tag k="sidewalk" v="separate"/>
    <tag k="source:maxspeed" v="sign"/>
  </way>
  <way id="688542904">
    <nd ref="5414144584"/>
    <nd ref="12144909219"/>
    <tag k="covered" v="yes"/>
    <tag k="cycleway:right" v="lane"/>
    <tag k="foot" v="no"/>
    <tag k="hgv" v="no"/>
    <tag k="highway" v="trunk"/>
    <tag k="int_ref" v="AH26"/>
    <tag k="int_ref:colour" v="blue"/>
    <tag k="lanes" v="4"/>
    <tag k="lit" v="yes"/>
    <tag k="maxspeed" v="60"/>
    <tag k="maxspeed:bus" v="50"/>
    <tag k="maxspeed:hgv" v="50"/>
    <tag k="name" v="EDSA"/>
    <tag k="official_name" v="Epifanio de los Santos Avenue"/>
    <tag k="oneway" v="yes"/>
    <tag k="ref" v="1"/>
    <tag k="sidewalk" v="separate"/>
    <tag k="source:maxspeed" v="sign"/>
  </way>
  <way id="690613641">
    <nd ref="2886434136"/>
    <nd ref="5285153788"/>
    <tag k="cycleway:right" v="lane"/>
    <tag k="designation" v="national_primary_road"/>
    <tag k="destination:street" v="Aurora Boulevard"/>
    <tag k="hgv" v="no"/>
    <tag k="highway" v="primary"/>
    <tag k="int_ref" v="AH26"/>
    <tag k="lanes" v="3"/>
    <tag k="lit" v="yes"/>
    <tag k="maxspeed" v="60"/>
    <tag k="maxspeed:bus" v="50"/>
    <tag k="maxspeed:hgv" v="50"/>
    <tag k="name" v="EDSA"/>
    <tag k="name:es" v="Avenida Epifanio de los Santos"/>
    <tag k="name:fil" v="Abenida Epifanio de los Santos"/>
    <tag k="name:tl" v="Abenida Epifanio de los Santos"/>
    <tag k="official_name" v="Epifanio de los Santos Avenue"/>
    <tag k="oneway" v="yes"/>
    <tag k="ref" v="1"/>
    <tag k="source:maxspeed" v="sign"/>
    <tag k="surface" v="asphalt"/>
    <tag k="turn:lanes" v="through|through|right"/>
  </way>
  <way id="700820553">
    <nd ref="21590566"/>
    <nd ref="25389521"/>
    <tag k="cycleway:right" v="lane"/>
    <tag k="fine:parking:lane:both" v="5,000 PHP"/>
    <tag k="foot" v="use_sidepath"/>
    <tag k="highway" v="trunk"/>
    <tag k="int_ref" v="AH26"/>
    <tag k="int_ref:colour" v="blue"/>
    <tag k="lanes" v="5"/>
    <tag k="lit" v="yes"/>
    <tag k="maxspeed" v="60"/>
    <tag k="maxspeed:bus" v="50"/>
    <tag k="maxspeed:hgv" v="50"/>
    <tag k="name" v="EDSA"/>
    <tag k="name:es" v="Avenida Epifanio de los Santos"/>
    <tag k="name:fil" v="Abenida Epifanio de los Santos"/>
    <tag k="name:tl" v="Abenida Epifanio de los Santos"/>
    <tag k="oneway" v="yes"/>
    <tag k="parking:lane:both" v="no_stopping"/>
    <tag k="ref" v="1"/>
    <tag k="sidewalk" v="separate"/>
    <tag k="source:maxspeed" v="sign"/>
    <tag k="surface" v="concrete"/>
    <tag k="turn:lanes" v="left|left|through|through|right"/>
  </way>
  <way id="703011560">
    <nd ref="321554358"/>
    <nd ref="1347624257"/>
    <nd ref="10036237764"/>
    <nd ref="321554352"/>
    <tag k="cycleway:right" v="lane"/>
    <tag k="designation" v="national_primary_road"/>
    <tag k="destination" v="Baclaran;Alabang"/>
    <tag k="hgv" v="no"/>
    <tag k="highway" v="trunk_link"/>
    <tag k="int_ref" v="AH26"/>
    <tag k="lanes" v="2"/>
    <tag k="lit" v="yes"/>
    <tag k="maxspeed" v="60"/>
    <tag k="maxspeed:bus" v="50"/>
    <tag k="maxspeed:hgv" v="50"/>
    <tag k="name" v="EDSA"/>
    <tag k="name:es" v="Avenida Epifanio de los Santos"/>
    <tag k="name:fil" v="Abenida Epifanio de los Santos"/>
    <tag k="name:tl" v="Abenida Epifanio de los Santos"/>
    <tag k="official_name" v="Epifanio de los Santos Avenue"/>
    <tag k="oneway" v="yes"/>
    <tag k="ref" v="1"/>
    <tag k="sidewalk:right" v="separate"/>
    <tag k="source:maxspeed" v="sign"/>
    <tag k="surface" v="asphalt"/>
  </way>
  <way id="704806707">
    <nd ref="5285153788"/>
    <nd ref="12026915271"/>
    <nd ref="973552682"/>
    <tag k="cycleway:right" v="lane"/>
    <tag k="designation" v="national_primary_road"/>
    <tag k="destination:street" v="Aurora Boulevard"/>
    <tag k="hgv" v="no"/>
    <tag k="highway" v="primary"/>
    <tag k="int_ref" v="AH26"/>
    <tag k="lanes" v="3"/>
    <tag k="lit" v="yes"/>
    <tag k="maxspeed" v="60"/>
    <tag k="maxspeed:bus" v="50"/>
    <tag k="maxspeed:hgv" v="50"/>
    <tag k="name" v="EDSA"/>
    <tag k="name:es" v="Avenida Epifanio de los Santos"/>
    <tag k="name:fil" v="Abenida Epifanio de los Santos"/>
    <tag k="name:tl" v="Abenida Epifanio de los Santos"/>
    <tag k="official_name" v="Epifanio de los Santos Avenue"/>
    <tag k="oneway" v="yes"/>
    <tag k="ref" v="1"/>
    <tag k="source:maxspeed" v="sign"/>
    <tag k="surface" v="concrete"/>
    <tag k="turn:lanes" v="through|through|through"/>
  </way>
  <way id="705166265">
    <nd ref="5290997902"/>
    <nd ref="266741147"/>
    <tag k="fine:foot" v="5,000 PHP"/>
    <tag k="foot" v="use_sidepath"/>
    <tag k="hazmat" v="no"/>
    <tag k="highway" v="primary"/>
    <tag k="int_ref" v="AH26"/>
    <tag k="int_ref:colour" v="blue"/>
    <tag k="lanes" v="3"/>
    <tag k="lit" v="yes"/>
    <tag k="maxspeed" v="60"/>
    <tag k="maxspeed:bus" v="50"/>
    <tag k="maxspeed:hgv" v="50"/>
    <tag k="name" v="EDSA"/>
    <tag k="name:es" v="Avenida Epifanio de los Santos"/>
    <tag k="name:fil" v="Abenida Epifanio de los Santos"/>
    <tag k="name:tl" v="Abenida Epifanio de los Santos"/>
    <tag k="note" v="1;AH26"/>
    <tag k="official_name" v="Epifanio de los Santos Avenue"/>
    <tag k="oneway" v="yes"/>
    <tag k="ref" v="1"/>
    <tag k="sidewalk" v="separate"/>
    <tag k="source:maxspeed" v="sign"/>
    <tag k="surface" v="asphalt"/>
    <tag k="turn:lanes" v="through|through|through;right"/>
  </way>
  <way id="705166266">
    <nd ref="266741147"/>
    <nd ref="6916177444"/>
    <tag k="foot" v="use_sidepath"/>
    <tag k="highway" v="primary"/>
    <tag k="int_ref" v="AH26"/>
    <tag k="int_ref:colour" v="blue"/>
    <tag k="lanes" v="3"/>
    <tag k="lit" v="yes"/>
    <tag k="maxspeed" v="60"/>
    <tag k="maxspeed:bus" v="50"/>
    <tag k="maxspeed:hgv" v="50"/>
    <tag k="name" v="EDSA"/>
    <tag k="name:es" v="Avenida Epifanio de los Santos"/>
    <tag k="name:fil" v="Abenida Epifanio de los Santos"/>
    <tag k="name:tl" v="Abenida Epifanio de los Santos"/>
    <tag k="note" v="1;AH26"/>
    <tag k="official_name" v="Epifanio de los Santos Avenue"/>
    <tag k="oneway" v="yes"/>
    <tag k="ref" v="1"/>
    <tag k="sidewalk" v="separate"/>
    <tag k="source:maxspeed" v="sign"/>
    <tag k="surface" v="asphalt"/>
  </way>
  <way id="705166267">
    <nd ref="313926605"/>
    <nd ref="3775184570"/>
    <tag k="bus:lanes" v="no|yes|designated"/>
    <tag k="fine:foot" v="5,000 PHP"/>
    <tag k="foot" v="no"/>
    <tag k="highway" v="primary"/>
    <tag k="int_ref" v="AH26"/>
    <tag k="int_ref:colour" v="blue"/>
    <tag k="lanes" v="3"/>
    <tag k="lit" v="yes"/>
    <tag k="maxspeed" v="60"/>
    <tag k="maxspeed:bus" v="50"/>
    <tag k="maxspeed:hgv" v="50"/>
    <tag k="name" v="EDSA"/>
    <tag k="name:es" v="Avenida Epifanio de los Santos"/>
    <tag k="name:fil" v="Abenida Epifanio de los Santos"/>
    <tag k="name:tl" v="Abenida Epifanio de los Santos"/>
    <tag k="official_name" v="Epifanio de los Santos Avenue"/>
    <tag k="oneway" v="yes"/>
    <tag k="ref" v="1"/>
    <tag k="source:maxspeed" v="sign"/>
    <tag k="surface" v="asphalt"/>
    <tag k="turn:lanes" v="left;through|through|through"/>
  </way>
  <way id="705233293">
    <nd ref="316969133"/>
    <nd ref="4247071073"/>
    <nd ref="24077626"/>
    <tag k="cycleway:lane" v="advisory"/>
    <tag k="cycleway:right" v="lane"/>
    <tag k="designation" v="national_primary_road"/>
    <tag k="foot" v="yes"/>
    <tag k="highway" v="primary"/>
    <tag k="int_ref" v="AH26"/>
    <tag k="lanes" v="2"/>
    <tag k="lit" v="yes"/>
    <tag k="maxspeed" v="60"/>
    <tag k="maxspeed:bus" v="50"/>
    <tag k="maxspeed:hgv" v="50"/>
    <tag k="name" v="EDSA"/>
    <tag k="name:es" v="Avenida Epifanio de los Santos"/>
    <tag k="name:fil" v="Abenida Epifanio de los Santos"/>
    <tag k="name:tl" v="Abenida Epifanio de los Santos"/>
    <tag k="official_name" v="Epifanio de los Santos Avenue"/>
    <tag k="oneway" v="yes"/>
    <tag k="ref" v="1"/>
    <tag k="source:maxspeed" v="sign"/>
    <tag k="surface" v="asphalt"/>
  </way>
  <way id="705233296">
    <nd ref="313926476"/>
    <nd ref="313926600"/>
    <tag k="bus:lanes" v="no|designated|designated"/>
    <tag k="cycleway:lane" v="advisory"/>
    <tag k="cycleway:right" v="lane"/>
    <tag k="foot" v="yes"/>
    <tag k="highway" v="primary"/>
    <tag k="int_ref" v="AH26"/>
    <tag k="int_ref:colour" v="blue"/>
    <tag k="lanes" v="3"/>
    <tag k="lit" v="yes"/>
    <tag k="maxspeed" v="60"/>
    <tag k="maxspeed:bus" v="50"/>
    <tag k="maxspeed:hgv" v="50"/>
    <tag k="name" v="EDSA"/>
    <tag k="name:es" v="Avenida Epifanio de los Santos"/>
    <tag k="name:fil" v="Abenida Epifanio de los Santos"/>
    <tag k="name:tl" v="Abenida Epifanio de los Santos"/>
    <tag k="official_name" v="Epifanio de los Santos Avenue"/>
    <tag k="oneway" v="yes"/>
    <tag k="ref" v="1"/>
    <tag k="source:maxspeed" v="sign"/>
    <tag k="surface" v="asphalt"/>
    <tag k="turn:lanes" v="merge_to_right|through|through"/>
  </way>
  <way id="705465134">
    <nd ref="6627879544"/>
    <nd ref="720702081"/>
    <tag k="cycleway:right" v="lane"/>
    <tag k="designation" v="national_primary_road"/>
    <tag k="hgv" v="no"/>
    <tag k="highway" v="primary"/>
    <tag k="int_ref" v="AH26"/>
    <tag k="lanes" v="2"/>
    <tag k="lit" v="yes"/>
    <tag k="maxspeed" v="60"/>
    <tag k="maxspeed:bus" v="50"/>
    <tag k="maxspeed:hgv" v="50"/>
    <tag k="name" v="EDSA"/>
    <tag k="name:es" v="Avenida Epifanio de los Santos"/>
    <tag k="name:fil" v="Abenida Epifanio de los Santos"/>
    <tag k="name:tl" v="Abenida Epifanio de los Santos"/>
    <tag k="official_name" v="Epifanio de los Santos Avenue"/>
    <tag k="oneway" v="yes"/>
    <tag k="ref" v="1"/>
    <tag k="source:maxspeed" v="sign"/>
  </way>
  <way id="705465135">
    <nd ref="7418236936"/>
    <nd ref="6627879544"/>
    <tag k="covered" v="yes"/>
    <tag k="cycleway:right" v="separate"/>
    <tag k="designation" v="national_primary_road"/>
    <tag k="hgv" v="no"/>
    <tag k="highway" v="primary"/>
    <tag k="int_ref" v="AH26"/>
    <tag k="lanes" v="2"/>
    <tag k="lit" v="yes"/>
    <tag k="maxspeed" v="60"/>
    <tag k="maxspeed:bus" v="50"/>
    <tag k="maxspeed:hgv" v="50"/>
    <tag k="name" v="EDSA"/>
    <tag k="name:es" v="Avenida Epifanio de los Santos"/>
    <tag k="name:fil" v="Abenida Epifanio de los Santos"/>
    <tag k="name:tl" v="Abenida Epifanio de los Santos"/>
    <tag k="official_name" v="Epifanio de los Santos Avenue"/>
    <tag k="oneway" v="yes"/>
    <tag k="ref" v="1"/>
    <tag k="source:maxspeed" v="sign"/>
    <tag k="tunnel" v="building_passage"/>
  </way>
  <way id="705465138">
    <nd ref="7418236935"/>
    <nd ref="7418236936"/>
    <tag k="bus_bay" v="right"/>
    <tag k="cycleway:right" v="separate"/>
    <tag k="designation" v="national_primary_road"/>
    <tag k="hgv" v="no"/>
    <tag k="highway" v="primary"/>
    <tag k="int_ref" v="AH26"/>
    <tag k="lanes" v="2"/>
    <tag k="lit" v="yes"/>
    <tag k="maxspeed" v="60"/>
    <tag k="maxspeed:bus" v="50"/>
    <tag k="maxspeed:hgv" v="50"/>
    <tag k="name" v="EDSA"/>
    <tag k="name:es" v="Avenida Epifanio de los Santos"/>
    <tag k="name:fil" v="Abenida Epifanio de los Santos"/>
    <tag k="name:tl" v="Abenida Epifanio de los Santos"/>
    <tag k="official_name" v="Epifanio de los Santos Avenue"/>
    <tag k="oneway" v="yes"/>
    <tag k="ref" v="1"/>
    <tag k="source:maxspeed" v="sign"/>
    <tag k="surface" v="concrete"/>
  </way>
  <way id="705465139">
    <nd ref="7418236934"/>
    <nd ref="11956219761"/>
    <nd ref="11956219757"/>
    <tag k="covered" v="yes"/>
    <tag k="cycleway:right" v="lane"/>
    <tag k="designation" v="national_primary_road"/>
    <tag k="hgv" v="no"/>
    <tag k="highway" v="primary"/>
    <tag k="int_ref" v="AH26"/>
    <tag k="lanes" v="2"/>
    <tag k="lit" v="yes"/>
    <tag k="maxspeed" v="60"/>
    <tag k="maxspeed:bus" v="50"/>
    <tag k="maxspeed:hgv" v="50"/>
    <tag k="name" v="EDSA"/>
    <tag k="name:es" v="Avenida Epifanio de los Santos"/>
    <tag k="name:fil" v="Abenida Epifanio de los Santos"/>
    <tag k="name:tl" v="Abenida Epifanio de los Santos"/>
    <tag k="official_name" v="Epifanio de los Santos Avenue"/>
    <tag k="oneway" v="yes"/>
    <tag k="ref" v="1"/>
    <tag k="source:maxspeed" v="sign"/>
  </way>
  <way id="705465140">
    <nd ref="7418236932"/>
    <nd ref="7418236931"/>
    <tag k="bicycle" v="use_sidepath"/>
    <tag k="covered" v="yes"/>
    <tag k="designation" v="national_primary_road"/>
    <tag k="destination:street" v="Pedro Tuason"/>
    <tag k="hgv" v="no"/>
    <tag k="highway" v="primary"/>
    <tag k="int_ref" v="AH26"/>
    <tag k="lanes" v="2"/>
    <tag k="lit" v="yes"/>
    <tag k="maxspeed" v="60"/>
    <tag k="maxspeed:bus" v="50"/>
    <tag k="maxspeed:hgv" v="50"/>
    <tag k="name" v="EDSA"/>
    <tag k="name:es" v="Avenida Epifanio de los Santos"/>
    <tag k="name:fil" v="Abenida Epifanio de los Santos"/>
    <tag k="name:tl" v="Abenida Epifanio de los Santos"/>
    <tag k="official_name" v="Epifanio de los Santos Avenue"/>
    <tag k="oneway" v="yes"/>
    <tag k="ref" v="1"/>
    <tag k="source:maxspeed" v="sign"/>
  </way>
  <way id="705465141">
    <nd ref="523958867"/>
    <nd ref="7418236932"/>
    <tag k="bicycle" v="use_sidepath"/>
    <tag k="designation" v="national_primary_road"/>
    <tag k="destination:street" v="Pedro Tuason"/>
    <tag k="hgv" v="no"/>
    <tag k="highway" v="primary"/>
    <tag k="int_ref" v="AH26"/>
    <tag k="lanes" v="2"/>
    <tag k="lit" v="yes"/>
    <tag k="maxspeed" v="60"/>
    <tag k="maxspeed:bus" v="50"/>
    <tag k="maxspeed:hgv" v="50"/>
    <tag k="name" v="EDSA"/>
    <tag k="name:es" v="Avenida Epifanio de los Santos"/>
    <tag k="name:fil" v="Abenida Epifanio de los Santos"/>
    <tag k="name:tl" v="Abenida Epifanio de los Santos"/>
    <tag k="official_name" v="Epifanio de los Santos Avenue"/>
    <tag k="oneway" v="yes"/>
    <tag k="ref" v="1"/>
    <tag k="source:maxspeed" v="sign"/>
  </way>
  <way id="706375888">
    <nd ref="567262411"/>
    <nd ref="5292826857"/>
    <tag k="covered" v="yes"/>
    <tag k="cycleway:right" v="lane"/>
    <tag k="foot" v="yes"/>
    <tag k="hgv" v="no"/>
    <tag k="highway" v="trunk"/>
    <tag k="int_ref" v="AH26"/>
    <tag k="int_ref:colour" v="blue"/>
    <tag k="lanes" v="4"/>
    <tag k="lit" v="yes"/>
    <tag k="maxspeed" v="60"/>
    <tag k="maxspeed:bus" v="50"/>
    <tag k="maxspeed:hgv" v="50"/>
    <tag k="name" v="EDSA"/>
    <tag k="name:es" v="Avenida Epifanio de los Santos"/>
    <tag k="name:fil" v="Abenida Epifanio de los Santos"/>
    <tag k="name:tl" v="Abenida Epifanio de los Santos"/>
    <tag k="official_name" v="Epifanio de los Santos Avenue"/>
    <tag k="oneway" v="yes"/>
    <tag k="ref" v="1"/>
    <tag k="sidewalk" v="separate"/>
    <tag k="source:maxspeed" v="sign"/>
    <tag k="surface" v="asphalt"/>
    <tag k="tunnel" v="building_passage"/>
    <tag k="turn:lanes" v="|||right"/>
    <tag k="width" v="19.2"/>
  </way>
  <way id="707198877">
    <nd ref="5285949885"/>
    <nd ref="5292825911"/>
    <nd ref="5472105349"/>
    <tag k="cycleway:right" v="lane"/>
    <tag k="destination" v="Timog Avenue;Kamuning"/>
    <tag k="hgv" v="no"/>
    <tag k="highway" v="primary"/>
    <tag k="int_ref" v="AH26"/>
    <tag k="lanes" v="2"/>
    <tag k="lit" v="yes"/>
    <tag k="maxspeed" v="60"/>
    <tag k="maxspeed:bus" v="50"/>
    <tag k="maxspeed:hgv" v="50"/>
    <tag k="name" v="EDSA"/>
    <tag k="name:es" v="Avenida Epifanio de los Santos"/>
    <tag k="name:fil" v="Abenida Epifanio de los Santos"/>
    <tag k="name:tl" v="Abenida Epifanio de los Santos"/>
    <tag k="official_name" v="Epifanio de los Santos Avenue"/>
    <tag k="oneway" v="yes"/>
    <tag k="sidewalk:right" v="separate"/>
    <tag k="source:maxspeed" v="sign"/>
  </way>
  <way id="707417818">
    <nd ref="5286867449"/>
    <nd ref="1595681066"/>
    <tag k="foot" v="yes"/>
    <tag k="hgv" v="no"/>
    <tag k="highway" v="trunk_link"/>
    <tag k="int_ref" v="AH26"/>
    <tag k="int_ref:colour" v="blue"/>
    <tag k="lanes" v="2"/>
    <tag k="lit" v="yes"/>
    <tag k="maxspeed" v="60"/>
    <tag k="maxspeed:bus" v="50"/>
    <tag k="maxspeed:hgv" v="50"/>
    <tag k="name" v="EDSA"/>
    <tag k="name:es" v="Avenida Epifanio de los Santos"/>
    <tag k="name:fil" v="Abenida Epifanio de los Santos"/>
    <tag k="name:tl" v="Abenida Epifanio de los Santos"/>
    <tag k="official_name" v="Epifanio de los Santos Avenue"/>
    <tag k="oneway" v="yes"/>
    <tag k="ref" v="1"/>
    <tag k="source:maxspeed" v="sign"/>
    <tag k="surface" v="asphalt"/>
    <tag k="turn:lanes" v="through|through"/>
    <tag k="width" v="6"/>
  </way>
  <way id="707889855">
    <nd ref="1595681066"/>
    <nd ref="225197616"/>
    <tag k="foot" v="yes"/>
    <tag k="hgv" v="no"/>
    <tag k="highway" v="trunk_link"/>
    <tag k="int_ref" v="AH26"/>
    <tag k="int_ref:colour" v="blue"/>
    <tag k="lanes" v="2"/>
    <tag k="lit" v="yes"/>
    <tag k="maxspeed" v="60"/>
    <tag k="maxspeed:bus" v="50"/>
    <tag k="maxspeed:hgv" v="50"/>
    <tag k="name" v="EDSA"/>
    <tag k="name:es" v="Avenida Epifanio de los Santos"/>
    <tag k="name:fil" v="Abenida Epifanio de los Santos"/>
    <tag k="name:tl" v="Abenida Epifanio de los Santos"/>
    <tag k="official_name" v="Epifanio de los Santos Avenue"/>
    <tag k="oneway" v="yes"/>
    <tag k="ref" v="1"/>
    <tag k="source:maxspeed" v="sign"/>
    <tag k="surface" v="asphalt"/>
    <tag k="turn:lanes" v="slight_left|through"/>
    <tag k="width" v="6"/>
  </way>
  <way id="707889857">
    <nd ref="2138782155"/>
    <nd ref="5286867493"/>
    <tag k="foot" v="yes"/>
    <tag k="hgv" v="no"/>
    <tag k="highway" v="trunk_link"/>
    <tag k="int_ref" v="AH26"/>
    <tag k="int_ref:colour" v="blue"/>
    <tag k="lanes" v="2"/>
    <tag k="lit" v="yes"/>
    <tag k="maxspeed" v="60"/>
    <tag k="maxspeed:bus" v="50"/>
    <tag k="maxspeed:hgv" v="50"/>
    <tag k="name" v="EDSA"/>
    <tag k="name:es" v="Avenida Epifanio de los Santos"/>
    <tag k="name:fil" v="Abenida Epifanio de los Santos"/>
    <tag k="name:tl" v="Abenida Epifanio de los Santos"/>
    <tag k="official_name" v="Epifanio de los Santos Avenue"/>
    <tag k="oneway" v="yes"/>
    <tag k="ref" v="1"/>
    <tag k="sidewalk:right" v="separate"/>
    <tag k="source:maxspeed" v="sign"/>
    <tag k="surface" v="asphalt"/>
    <tag k="turn:lanes" v="through;slight_right|"/>
    <tag k="width" v="6"/>
  </way>
  <way id="707889858">
    <nd ref="5286867493"/>
    <nd ref="11806213718"/>
    <nd ref="6651748991"/>
    <nd ref="5286867449"/>
    <tag k="foot" v="yes"/>
    <tag k="hgv" v="no"/>
    <tag k="highway" v="trunk_link"/>
    <tag k="int_ref" v="AH26"/>
    <tag k="int_ref:colour" v="blue"/>
    <tag k="lanes" v="2"/>
    <tag k="lit" v="yes"/>
    <tag k="maxspeed" v="60"/>
    <tag k="maxspeed:bus" v="50"/>
    <tag k="maxspeed:hgv" v="50"/>
    <tag k="name" v="EDSA"/>
    <tag k="name:es" v="Avenida Epifanio de los Santos"/>
    <tag k="name:fil" v="Abenida Epifanio de los Santos"/>
    <tag k="name:tl" v="Abenida Epifanio de los Santos"/>
    <tag k="official_name" v="Epifanio de los Santos Avenue"/>
    <tag k="oneway" v="yes"/>
    <tag k="ref" v="1"/>
    <tag k="sidewalk:right" v="separate"/>
    <tag k="source:maxspeed" v="sign"/>
    <tag k="surface" v="asphalt"/>
    <tag k="turn:lanes" v="through|through;right"/>
    <tag k="width" v="6"/>
  </way>
  <way id="707889862">
    <nd ref="6651749000"/>
    <nd ref="6651749003"/>
    <tag k="cycleway:right" v="lane"/>
    <tag k="cycleway:separation:left" v="solid_line"/>
    <tag k="foot" v="yes"/>
    <tag k="hgv" v="no"/>
    <tag k="highway" v="trunk_link"/>
    <tag k="int_ref" v="AH26"/>
    <tag k="int_ref:colour" v="blue"/>
    <tag k="lanes" v="2"/>
    <tag k="lit" v="yes"/>
    <tag k="maxspeed" v="60"/>
    <tag k="maxspeed:bus" v="50"/>
    <tag k="maxspeed:hgv" v="50"/>
    <tag k="name" v="EDSA"/>
    <tag k="name:es" v="Avenida Epifanio de los Santos"/>
    <tag k="name:fil" v="Abenida Epifanio de los Santos"/>
    <tag k="name:tl" v="Abenida Epifanio de los Santos"/>
    <tag k="official_name" v="Epifanio de los Santos Avenue"/>
    <tag k="oneway" v="yes"/>
    <tag k="ref" v="1"/>
    <tag k="source:maxspeed" v="sign"/>
    <tag k="surface" v="asphalt"/>
    <tag k="turn:lanes" v="slight_left;through|"/>
    <tag k="width" v="6"/>
  </way>
  <way id="707889863">
    <nd ref="4247071077"/>
    <nd ref="6651749000"/>
    <tag k="cycleway:right" v="lane"/>
    <tag k="cycleway:separation:left" v="solid_line"/>
    <tag k="foot" v="yes"/>
    <tag k="hgv" v="no"/>
    <tag k="highway" v="trunk_link"/>
    <tag k="int_ref" v="AH26"/>
    <tag k="int_ref:colour" v="blue"/>
    <tag k="lanes" v="2"/>
    <tag k="lit" v="yes"/>
    <tag k="maxspeed" v="60"/>
    <tag k="maxspeed:bus" v="50"/>
    <tag k="maxspeed:hgv" v="50"/>
    <tag k="name" v="EDSA"/>
    <tag k="name:es" v="Avenida Epifanio de los Santos"/>
    <tag k="name:fil" v="Abenida Epifanio de los Santos"/>
    <tag k="name:tl" v="Abenida Epifanio de los Santos"/>
    <tag k="official_name" v="Epifanio de los Santos Avenue"/>
    <tag k="oneway" v="yes"/>
    <tag k="ref" v="1"/>
    <tag k="source:maxspeed" v="sign"/>
    <tag k="surface" v="asphalt"/>
    <tag k="width" v="6"/>
  </way>
  <way id="707889865">
    <nd ref="6651749003"/>
    <nd ref="2138782155"/>
    <tag k="cycleway:right" v="lane"/>
    <tag k="cycleway:separation:left" v="solid_line"/>
    <tag k="foot" v="yes"/>
    <tag k="hgv" v="no"/>
    <tag k="highway" v="trunk_link"/>
    <tag k="int_ref" v="AH26"/>
    <tag k="int_ref:colour" v="blue"/>
    <tag k="lanes" v="2"/>
    <tag k="lit" v="yes"/>
    <tag k="maxspeed" v="60"/>
    <tag k="maxspeed:bus" v="50"/>
    <tag k="maxspeed:hgv" v="50"/>
    <tag k="name" v="EDSA"/>
    <tag k="name:es" v="Avenida Epifanio de los Santos"/>
    <tag k="name:fil" v="Abenida Epifanio de los Santos"/>
    <tag k="name:tl" v="Abenida Epifanio de los Santos"/>
    <tag k="official_name" v="Epifanio de los Santos Avenue"/>
    <tag k="oneway" v="yes"/>
    <tag k="ref" v="1"/>
    <tag k="sidewalk:right" v="separate"/>
    <tag k="source:maxspeed" v="sign"/>
    <tag k="surface" v="asphalt"/>
    <tag k="turn:lanes" v="through|"/>
    <tag k="width" v="6"/>
  </way>
  <way id="707889866">
    <nd ref="313873068"/>
    <nd ref="313873154"/>
    <tag k="cycleway:right" v="lane"/>
    <tag k="cycleway:separation:left" v="solid_line"/>
    <tag k="foot" v="yes"/>
    <tag k="hgv" v="no"/>
    <tag k="highway" v="trunk"/>
    <tag k="int_ref" v="AH26"/>
    <tag k="int_ref:colour" v="blue"/>
    <tag k="lanes" v="3"/>
    <tag k="lit" v="yes"/>
    <tag k="maxspeed" v="60"/>
    <tag k="maxspeed:bus" v="50"/>
    <tag k="maxspeed:hgv" v="50"/>
    <tag k="name" v="EDSA"/>
    <tag k="name:es" v="Avenida Epifanio de los Santos"/>
    <tag k="name:fil" v="Abenida Epifanio de los Santos"/>
    <tag k="name:tl" v="Abenida Epifanio de los Santos"/>
    <tag k="official_name" v="Epifanio de los Santos Avenue"/>
    <tag k="oneway" v="yes"/>
    <tag k="ref" v="1"/>
    <tag k="sidewalk" v="separate"/>
    <tag k="source:maxspeed" v="sign"/>
  </way>
  <way id="707889867">
    <nd ref="313873154"/>
    <nd ref="5443284320"/>
    <nd ref="313493538"/>
    <tag k="cycleway:right" v="lane"/>
    <tag k="cycleway:separation:left" v="solid_line"/>
    <tag k="foot" v="yes"/>
    <tag k="hgv" v="no"/>
    <tag k="highway" v="trunk"/>
    <tag k="int_ref" v="AH26"/>
    <tag k="int_ref:colour" v="blue"/>
    <tag k="lanes" v="3"/>
    <tag k="lit" v="yes"/>
    <tag k="maxspeed" v="60"/>
    <tag k="maxspeed:bus" v="50"/>
    <tag k="maxspeed:hgv" v="50"/>
    <tag k="name" v="EDSA"/>
    <tag k="name:es" v="Avenida Epifanio de los Santos"/>
    <tag k="name:fil" v="Abenida Epifanio de los Santos"/>
    <tag k="name:tl" v="Abenida Epifanio de los Santos"/>
    <tag k="official_name" v="Epifanio de los Santos Avenue"/>
    <tag k="oneway" v="yes"/>
    <tag k="ref" v="1"/>
    <tag k="sidewalk" v="separate"/>
    <tag k="source:maxspeed" v="sign"/>
  </way>
  <way id="707889868">
    <nd ref="313493538"/>
    <nd ref="4247071077"/>
    <tag k="cycleway:right" v="lane"/>
    <tag k="cycleway:separation:left" v="solid_line"/>
    <tag k="foot" v="yes"/>
    <tag k="hgv" v="no"/>
    <tag k="highway" v="trunk_link"/>
    <tag k="int_ref" v="AH26"/>
    <tag k="int_ref:colour" v="blue"/>
    <tag k="lanes" v="2"/>
    <tag k="lit" v="yes"/>
    <tag k="maxspeed" v="60"/>
    <tag k="maxspeed:bus" v="50"/>
    <tag k="maxspeed:hgv" v="50"/>
    <tag k="name" v="EDSA"/>
    <tag k="name:es" v="Avenida Epifanio de los Santos"/>
    <tag k="name:fil" v="Abenida Epifanio de los Santos"/>
    <tag k="name:tl" v="Abenida Epifanio de los Santos"/>
    <tag k="official_name" v="Epifanio de los Santos Avenue"/>
    <tag k="oneway" v="yes"/>
    <tag k="ref" v="1"/>
    <tag k="source:maxspeed" v="sign"/>
    <tag k="surface" v="asphalt"/>
    <tag k="turn:lanes" v="through|through"/>
    <tag k="width" v="6"/>
  </way>
  <way id="709834489">
    <nd ref="345516366"/>
    <nd ref="6672900913"/>
    <tag k="access:lanes" v="no||||"/>
    <tag k="bridge" v="yes"/>
    <tag k="designation" v="national_primary_road"/>
    <tag k="foot" v="use_sidepath"/>
    <tag k="hgv" v="no"/>
    <tag k="highway" v="trunk"/>
    <tag k="int_ref" v="AH26"/>
    <tag k="int_ref:colour" v="blue"/>
    <tag k="lanes" v="4"/>
    <tag k="layer" v="2"/>
    <tag k="lit" v="yes"/>
    <tag k="maxspeed" v="60"/>
    <tag k="maxspeed:bus" v="50"/>
    <tag k="maxspeed:hgv" v="50"/>
    <tag k="name" v="EDSA"/>
    <tag k="name:es" v="Avenida Epifanio de los Santos"/>
    <tag k="name:fil" v="Abenida Epifanio de los Santos"/>
    <tag k="name:tl" v="Abenida Epifanio de los Santos"/>
    <tag k="official_name" v="Epifanio de los Santos Avenue"/>
    <tag k="oneway" v="yes"/>
    <tag k="ref" v="1"/>
    <tag k="source:maxspeed" v="sign"/>
    <tag k="surface" v="asphalt"/>
  </way>
  <way id="709834491">
    <nd ref="7018806023"/>
    <nd ref="13695586356"/>
    <nd ref="9885408968"/>
    <tag k="designation" v="national_primary_road"/>
    <tag k="foot" v="use_sidepath"/>
    <tag k="hgv" v="no"/>
    <tag k="highway" v="trunk"/>
    <tag k="int_ref" v="AH26"/>
    <tag k="int_ref:colour" v="blue"/>
    <tag k="lanes" v="1"/>
    <tag k="lit" v="yes"/>
    <tag k="maxspeed" v="60"/>
    <tag k="maxspeed:bus" v="50"/>
    <tag k="maxspeed:hgv" v="50"/>
    <tag k="name" v="EDSA"/>
    <tag k="name:es" v="Avenida Epifanio de los Santos"/>
    <tag k="name:fil" v="Abenida Epifanio de los Santos"/>
    <tag k="name:tl" v="Abenida Epifanio de los Santos"/>
    <tag k="official_name" v="Epifanio de los Santos Avenue"/>
    <tag k="oneway" v="yes"/>
    <tag k="ref" v="1"/>
    <tag k="source:maxspeed" v="sign"/>
    <tag k="surface" v="asphalt"/>
  </way>
  <way id="709834492">
    <nd ref="6503105518"/>
    <nd ref="6916433134"/>
    <nd ref="338400276"/>
    <tag k="access:lanes" v="no|"/>
    <tag k="designation" v="national_primary_road"/>
    <tag k="destination:symbol" v="airport"/>
    <tag k="foot" v="use_sidepath"/>
    <tag k="hgv" v="no"/>
    <tag k="highway" v="trunk"/>
    <tag k="int_ref" v="AH26"/>
    <tag k="int_ref:colour" v="blue"/>
    <tag k="lanes" v="2"/>
    <tag k="layer" v="1"/>
    <tag k="lit" v="yes"/>
    <tag k="maxspeed" v="60"/>
    <tag k="maxspeed:bus" v="50"/>
    <tag k="maxspeed:hgv" v="50"/>
    <tag k="name" v="EDSA"/>
    <tag k="name:es" v="Avenida Epifanio de los Santos"/>
    <tag k="name:fil" v="Abenida Epifanio de los Santos"/>
    <tag k="name:tl" v="Abenida Epifanio de los Santos"/>
    <tag k="official_name" v="Epifanio de los Santos Avenue"/>
    <tag k="oneway" v="yes"/>
    <tag k="ref" v="1"/>
    <tag k="source:maxspeed" v="sign"/>
    <tag k="surface" v="asphalt"/>
  </way>
  <way id="709834494">
    <nd ref="6627292720"/>
    <nd ref="345516348"/>
    <nd ref="7119315787"/>
    <nd ref="259657388"/>
    <nd ref="7119315786"/>
    <tag k="destination:lanes" v="MANILA;Alabang|SLEX;Alabang"/>
    <tag k="foot" v="yes"/>
    <tag k="highway" v="trunk_link"/>
    <tag k="int_ref" v="AH26"/>
    <tag k="int_ref:colour" v="blue"/>
    <tag k="lanes" v="2"/>
    <tag k="lit" v="yes"/>
    <tag k="maxspeed" v="60"/>
    <tag k="maxspeed:bus" v="50"/>
    <tag k="maxspeed:hgv" v="50"/>
    <tag k="name" v="EDSA"/>
    <tag k="name:es" v="Avenida Epifanio de los Santos"/>
    <tag k="name:fil" v="Abenida Epifanio de los Santos"/>
    <tag k="name:tl" v="Abenida Epifanio de los Santos"/>
    <tag k="oneway" v="yes"/>
    <tag k="ref" v="1"/>
    <tag k="sidewalk:right" v="separate"/>
    <tag k="source:maxspeed" v="sign"/>
    <tag k="surface" v="asphalt"/>
  </way>
  <way id="713267384">
    <nd ref="2370264844"/>
    <nd ref="33471553"/>
    <tag k="cycleway:right" v="lane"/>
    <tag k="designation" v="national_primary_road"/>
    <tag k="hgv" v="no"/>
    <tag k="highway" v="primary"/>
    <tag k="int_ref" v="AH26"/>
    <tag k="lanes" v="2"/>
    <tag k="lit" v="yes"/>
    <tag k="maxspeed" v="60"/>
    <tag k="maxspeed:bus" v="50"/>
    <tag k="maxspeed:hgv" v="50"/>
    <tag k="name" v="EDSA"/>
    <tag k="name:es" v="Avenida Epifanio de los Santos"/>
    <tag k="name:fil" v="Abenida Epifanio de los Santos"/>
    <tag k="name:tl" v="Abenida Epifanio de los Santos"/>
    <tag k="official_name" v="Epifanio de los Santos Avenue"/>
    <tag k="oneway" v="yes"/>
    <tag k="ref" v="1"/>
    <tag k="source:maxspeed" v="sign"/>
  </way>
  <way id="719051888">
    <nd ref="5286171962"/>
    <nd ref="7579302870"/>
    <tag k="cycleway:right" v="lane"/>
    <tag k="foot" v="yes"/>
    <tag k="hgv" v="no"/>
    <tag k="highway" v="trunk"/>
    <tag k="int_ref" v="AH26"/>
    <tag k="int_ref:colour" v="blue"/>
    <tag k="lanes" v="4"/>
    <tag k="lit" v="yes"/>
    <tag k="maxspeed" v="60"/>
    <tag k="maxspeed:bus" v="50"/>
    <tag k="maxspeed:hgv" v="50"/>
    <tag k="name" v="EDSA"/>
    <tag k="name:es" v="Avenida Epifanio de los Santos"/>
    <tag k="name:fil" v="Abenida Epifanio de los Santos"/>
    <tag k="name:tl" v="Abenida Epifanio de los Santos"/>
    <tag k="note" v="value of ref &quot;1;AH26&quot; is just experimental upto April 2015 pending observation of effects on mobile Apps rendering (so far ok with mapnik)"/>
    <tag k="official_name" v="Epifanio de los Santos Avenue"/>
    <tag k="oneway" v="yes"/>
    <tag k="oneway:bicycle" v="yes"/>
    <tag k="ref" v="1"/>
    <tag k="source:maxspeed" v="sign"/>
    <tag k="surface" v="concrete"/>
  </way>
  <way id="719051889">
    <nd ref="5286171973"/>
    <nd ref="61679564"/>
    <tag k="cycleway:right" v="lane"/>
    <tag k="foot" v="yes"/>
    <tag k="hgv" v="no"/>
    <tag k="highway" v="trunk"/>
    <tag k="int_ref" v="AH26"/>
    <tag k="int_ref:colour" v="blue"/>
    <tag k="lanes" v="4"/>
    <tag k="lit" v="yes"/>
    <tag k="maxspeed" v="60"/>
    <tag k="maxspeed:bus" v="50"/>
    <tag k="maxspeed:hgv" v="50"/>
    <tag k="name" v="EDSA"/>
    <tag k="name:es" v="Avenida Epifanio de los Santos"/>
    <tag k="name:fil" v="Abenida Epifanio de los Santos"/>
    <tag k="name:tl" v="Abenida Epifanio de los Santos"/>
    <tag k="note" v="value of ref &quot;1;AH26&quot; is just experimental upto April 2015 pending observation of effects on mobile Apps rendering (so far ok with mapnik)"/>
    <tag k="official_name" v="Epifanio de los Santos Avenue"/>
    <tag k="oneway" v="yes"/>
    <tag k="oneway:bicycle" v="yes"/>
    <tag k="ref" v="1"/>
    <tag k="sidewalk:right" v="separate"/>
    <tag k="source:maxspeed" v="sign"/>
    <tag k="surface" v="concrete"/>
  </way>
  <way id="719051890">
    <nd ref="1249662120"/>
    <nd ref="321552875"/>
    <nd ref="5729568362"/>
    <tag k="cycleway:right" v="lane"/>
    <tag k="designation" v="national_primary_road"/>
    <tag k="hgv" v="no"/>
    <tag k="highway" v="trunk_link"/>
    <tag k="int_ref" v="AH26"/>
    <tag k="lanes" v="2"/>
    <tag k="lit" v="yes"/>
    <tag k="maxspeed" v="60"/>
    <tag k="maxspeed:bus" v="50"/>
    <tag k="maxspeed:hgv" v="50"/>
    <tag k="name" v="EDSA"/>
    <tag k="name:es" v="Avenida Epifanio de los Santos"/>
    <tag k="name:fil" v="Abenida Epifanio de los Santos"/>
    <tag k="name:tl" v="Abenida Epifanio de los Santos"/>
    <tag k="official_name" v="Epifanio de los Santos Avenue"/>
    <tag k="oneway" v="yes"/>
    <tag k="ref" v="1"/>
    <tag k="source:maxspeed" v="sign"/>
    <tag k="surface" v="asphalt"/>
    <tag k="turn:lanes" v="|right"/>
  </way>
  <way id="737281137">
    <nd ref="5286078046"/>
    <nd ref="13816306412"/>
    <nd ref="593999463"/>
    <tag k="designation" v="national_primary_road"/>
    <tag k="foot" v="no"/>
    <tag k="hgv" v="no"/>
    <tag k="highway" v="trunk"/>
    <tag k="int_ref" v="AH26"/>
    <tag k="lanes" v="2"/>
    <tag k="lit" v="yes"/>
    <tag k="maxspeed" v="60"/>
    <tag k="maxspeed:bus" v="50"/>
    <tag k="maxspeed:hgv" v="50"/>
    <tag k="name" v="EDSA"/>
    <tag k="name:es" v="Avenida Epifanio de los Santos"/>
    <tag k="name:fil" v="Abenida Epifanio de los Santos"/>
    <tag k="name:tl" v="Abenida Epifanio de los Santos"/>
    <tag k="official_name" v="Epifanio de los Santos Avenue"/>
    <tag k="oneway" v="yes"/>
    <tag k="ref" v="1"/>
    <tag k="source:maxspeed" v="sign"/>
    <tag k="surface" v="asphalt"/>
  </way>
  <way id="738588371">
    <nd ref="3775223375"/>
    <nd ref="3775223373"/>
    <tag k="foot" v="no"/>
    <tag k="hazmat" v="no"/>
    <tag k="hgv" v="no"/>
    <tag k="highway" v="trunk"/>
    <tag k="int_ref" v="AH26"/>
    <tag k="lanes" v="3"/>
    <tag k="lit" v="yes"/>
    <tag k="maxspeed" v="60"/>
    <tag k="maxspeed:bus" v="50"/>
    <tag k="maxspeed:hgv" v="50"/>
    <tag k="name" v="EDSA"/>
    <tag k="name:es" v="Avenida Epifanio de los Santos"/>
    <tag k="name:fil" v="Abenida Epifanio de los Santos"/>
    <tag k="name:tl" v="Abenida Epifanio de los Santos"/>
    <tag k="official_name" v="Epifanio de los Santos Avenue"/>
    <tag k="oneway" v="yes"/>
    <tag k="ref" v="1"/>
    <tag k="source:maxspeed" v="sign"/>
    <tag k="surface" v="concrete"/>
    <tag k="turn:lanes" v="slight_left|through|through"/>
  </way>
  <way id="738588373">
    <nd ref="259655618"/>
    <nd ref="6916433138"/>
    <tag k="destination:lanes" v="Pasay;Baclaran|SLEX;Alabang|Manila|"/>
    <tag k="destination:symbol:lanes" v="airport|airport||"/>
    <tag k="foot" v="use_sidepath"/>
    <tag k="hgv" v="no"/>
    <tag k="highway" v="trunk"/>
    <tag k="int_ref" v="AH26"/>
    <tag k="int_ref:colour" v="blue"/>
    <tag k="lanes" v="4"/>
    <tag k="lit" v="yes"/>
    <tag k="maxspeed" v="60"/>
    <tag k="maxspeed:bus" v="50"/>
    <tag k="maxspeed:hgv" v="50"/>
    <tag k="name" v="EDSA"/>
    <tag k="name:es" v="Avenida Epifanio de los Santos"/>
    <tag k="name:fil" v="Abenida Epifanio de los Santos"/>
    <tag k="name:tl" v="Abenida Epifanio de los Santos"/>
    <tag k="note" v="1;AH26"/>
    <tag k="official_name" v="Epifanio de los Santos Avenue"/>
    <tag k="oneway" v="yes"/>
    <tag k="placement" v="middle_of:3"/>
    <tag k="ref" v="1"/>
    <tag k="sidewalk" v="separate"/>
    <tag k="source:maxspeed" v="sign"/>
    <tag k="surface" v="asphalt"/>
  </way>
  <way id="738588374">
    <nd ref="3775223376"/>
    <nd ref="6916177443"/>
    <tag k="foot" v="use_sidepath"/>
    <tag k="highway" v="primary"/>
    <tag k="int_ref" v="AH26"/>
    <tag k="int_ref:colour" v="blue"/>
    <tag k="lanes" v="2"/>
    <tag k="lit" v="yes"/>
    <tag k="maxspeed" v="60"/>
    <tag k="maxspeed:bus" v="50"/>
    <tag k="maxspeed:hgv" v="50"/>
    <tag k="name" v="EDSA"/>
    <tag k="name:es" v="Avenida Epifanio de los Santos"/>
    <tag k="name:fil" v="Abenida Epifanio de los Santos"/>
    <tag k="name:tl" v="Abenida Epifanio de los Santos"/>
    <tag k="note" v="value of ref &quot;1;AH26&quot; is just experimental upto April 2015 pending observation of effects on mobile Apps rendering (so far ok with mapnik)"/>
    <tag k="official_name" v="Epifanio de los Santos Avenue"/>
    <tag k="oneway" v="yes"/>
    <tag k="placement" v="left_of:1"/>
    <tag k="ref" v="1"/>
    <tag k="sidewalk" v="separate"/>
    <tag k="source:maxspeed" v="sign"/>
    <tag k="surface" v="asphalt"/>
    <tag k="turn:lanes" v="through|through"/>
  </way>
  <way id="738588375">
    <nd ref="6916177443"/>
    <nd ref="313927858"/>
    <nd ref="259655618"/>
    <tag k="foot" v="use_sidepath"/>
    <tag k="highway" v="primary"/>
    <tag k="int_ref" v="AH26"/>
    <tag k="int_ref:colour" v="blue"/>
    <tag k="lanes" v="2"/>
    <tag k="lit" v="yes"/>
    <tag k="maxspeed" v="60"/>
    <tag k="maxspeed:bus" v="50"/>
    <tag k="maxspeed:hgv" v="50"/>
    <tag k="name" v="EDSA"/>
    <tag k="name:es" v="Avenida Epifanio de los Santos"/>
    <tag k="name:fil" v="Abenida Epifanio de los Santos"/>
    <tag k="name:tl" v="Abenida Epifanio de los Santos"/>
    <tag k="note" v="value of ref &quot;1;AH26&quot; is just experimental upto April 2015 pending observation of effects on mobile Apps rendering (so far ok with mapnik)"/>
    <tag k="official_name" v="Epifanio de los Santos Avenue"/>
    <tag k="oneway" v="yes"/>
    <tag k="placement" v="left_of:1"/>
    <tag k="ref" v="1"/>
    <tag k="sidewalk" v="separate"/>
    <tag k="source:maxspeed" v="sign"/>
    <tag k="surface" v="asphalt"/>
    <tag k="turn:lanes" v="slight_left|through"/>
  </way>
  <way id="738588376">
    <nd ref="6916177444"/>
    <nd ref="6622633480"/>
    <nd ref="266740522"/>
    <tag k="foot" v="use_sidepath"/>
    <tag k="highway" v="primary"/>
    <tag k="int_ref" v="AH26"/>
    <tag k="int_ref:colour" v="blue"/>
    <tag k="lanes" v="3"/>
    <tag k="lit" v="yes"/>
    <tag k="maxspeed" v="60"/>
    <tag k="maxspeed:bus" v="50"/>
    <tag k="maxspeed:hgv" v="50"/>
    <tag k="name" v="EDSA"/>
    <tag k="name:es" v="Avenida Epifanio de los Santos"/>
    <tag k="name:fil" v="Abenida Epifanio de los Santos"/>
    <tag k="name:tl" v="Abenida Epifanio de los Santos"/>
    <tag k="note" v="1;AH26"/>
    <tag k="official_name" v="Epifanio de los Santos Avenue"/>
    <tag k="oneway" v="yes"/>
    <tag k="ref" v="1"/>
    <tag k="sidewalk" v="separate"/>
    <tag k="source:maxspeed" v="sign"/>
    <tag k="surface" v="asphalt"/>
    <tag k="turn:lanes" v="left|through|through;right"/>
  </way>
  <way id="738613278">
    <nd ref="5291609744"/>
    <nd ref="244452511"/>
    <tag k="destination:lanes" v="Taft Avenue;Roxas Blvd.|SLEX;Alabang|SLEX;Manila|Pasong Tamo;Manila"/>
    <tag k="foot" v="use_sidepath"/>
    <tag k="hgv" v="no"/>
    <tag k="highway" v="trunk"/>
    <tag k="int_ref" v="AH26"/>
    <tag k="int_ref:colour" v="blue"/>
    <tag k="lanes" v="4"/>
    <tag k="lit" v="yes"/>
    <tag k="maxspeed" v="60"/>
    <tag k="maxspeed:bus" v="50"/>
    <tag k="maxspeed:hgv" v="50"/>
    <tag k="name" v="EDSA"/>
    <tag k="name:es" v="Avenida Epifanio de los Santos"/>
    <tag k="name:fil" v="Abenida Epifanio de los Santos"/>
    <tag k="name:tl" v="Abenida Epifanio de los Santos"/>
    <tag k="note" v="1;AH26"/>
    <tag k="official_name" v="Epifanio de los Santos Avenue"/>
    <tag k="oneway" v="yes"/>
    <tag k="placement" v="middle_of:3"/>
    <tag k="ref" v="1"/>
    <tag k="sidewalk:right" v="separate"/>
    <tag k="source:maxspeed" v="sign"/>
    <tag k="surface" v="asphalt"/>
  </way>
  <way id="755564972">
    <nd ref="313463498"/>
    <nd ref="452870175"/>
    <tag k="cycleway:lane" v="advisory"/>
    <tag k="cycleway:right" v="track"/>
    <tag k="cycleway:separation:left" v="jersey_barrier"/>
    <tag k="foot" v="yes"/>
    <tag k="hgv" v="no"/>
    <tag k="highway" v="trunk"/>
    <tag k="int_ref" v="AH26"/>
    <tag k="int_ref:colour" v="blue"/>
    <tag k="lanes" v="3"/>
    <tag k="lit" v="yes"/>
    <tag k="maxspeed" v="60"/>
    <tag k="maxspeed:bus" v="50"/>
    <tag k="maxspeed:hgv" v="50"/>
    <tag k="name" v="EDSA"/>
    <tag k="name:es" v="Avenida Epifanio de los Santos"/>
    <tag k="name:fil" v="Abenida Epifanio de los Santos"/>
    <tag k="name:tl" v="Abenida Epifanio de los Santos"/>
    <tag k="official_name" v="Epifanio de los Santos Avenue"/>
    <tag k="oneway" v="yes"/>
    <tag k="ref" v="1"/>
    <tag k="sidewalk" v="separate"/>
    <tag k="source:maxspeed" v="sign"/>
  </way>
  <way id="755564977">
    <nd ref="243508486"/>
    <nd ref="8658927291"/>
    <nd ref="318834573"/>
    <tag k="cycleway:lane" v="advisory"/>
    <tag k="cycleway:right" v="lane"/>
    <tag k="fine:foot" v="5,000 PHP"/>
    <tag k="foot" v="no"/>
    <tag k="hgv" v="no"/>
    <tag k="highway" v="trunk"/>
    <tag k="int_ref" v="AH26"/>
    <tag k="int_ref:colour" v="blue"/>
    <tag k="lanes" v="2"/>
    <tag k="lit" v="yes"/>
    <tag k="maxspeed" v="60"/>
    <tag k="maxspeed:bus" v="50"/>
    <tag k="maxspeed:hgv" v="50"/>
    <tag k="name" v="EDSA"/>
    <tag k="name:es" v="Avenida Epifanio de los Santos"/>
    <tag k="name:fil" v="Abenida Epifanio de los Santos"/>
    <tag k="name:tl" v="Abenida Epifanio de los Santos"/>
    <tag k="official_name" v="Epifanio de los Santos Avenue"/>
    <tag k="oneway" v="yes"/>
    <tag k="placement" v="left_of:1"/>
    <tag k="ref" v="1"/>
    <tag k="sidewalk" v="right"/>
    <tag k="source:maxspeed" v="sign"/>
  </way>
  <way id="755564978">
    <nd ref="243508486"/>
    <nd ref="5289006003"/>
    <tag k="designation" v="national_primary_road"/>
    <tag k="foot" v="no"/>
    <tag k="hgv" v="no"/>
    <tag k="highway" v="trunk"/>
    <tag k="int_ref" v="AH26"/>
    <tag k="lanes" v="2"/>
    <tag k="lit" v="yes"/>
    <tag k="maxspeed" v="60"/>
    <tag k="maxspeed:bus" v="50"/>
    <tag k="maxspeed:hgv" v="50"/>
    <tag k="maxweight" v="20"/>
    <tag k="name" v="EDSA"/>
    <tag k="name:es" v="Avenida Epifanio de los Santos"/>
    <tag k="name:fil" v="Abenida Epifanio de los Santos"/>
    <tag k="name:tl" v="Abenida Epifanio de los Santos"/>
    <tag k="official_name" v="Epifanio de los Santos Avenue"/>
    <tag k="oneway" v="yes"/>
    <tag k="ref" v="1"/>
    <tag k="source:maxspeed" v="sign"/>
    <tag k="surface" v="asphalt"/>
  </way>
  <way id="755564980">
    <nd ref="5477311629"/>
    <nd ref="9873153145"/>
    <nd ref="334410876"/>
    <tag k="cycleway:lane" v="advisory"/>
    <tag k="cycleway:right" v="lane"/>
    <tag k="cycleway:separation:both" v="solid_line"/>
    <tag k="foot" v="yes"/>
    <tag k="hgv" v="no"/>
    <tag k="highway" v="trunk"/>
    <tag k="int_ref" v="AH26"/>
    <tag k="int_ref:colour" v="blue"/>
    <tag k="lanes" v="2"/>
    <tag k="lit" v="yes"/>
    <tag k="maxspeed" v="60"/>
    <tag k="maxspeed:bus" v="50"/>
    <tag k="maxspeed:hgv" v="50"/>
    <tag k="name" v="EDSA"/>
    <tag k="name:es" v="Avenida Epifanio de los Santos"/>
    <tag k="name:fil" v="Abenida Epifanio de los Santos"/>
    <tag k="name:tl" v="Abenida Epifanio de los Santos"/>
    <tag k="official_name" v="Epifanio de los Santos Avenue"/>
    <tag k="oneway" v="yes"/>
    <tag k="placement" v="left_of:1"/>
    <tag k="ref" v="1"/>
    <tag k="source:maxspeed" v="sign"/>
    <tag k="surface" v="asphalt"/>
  </way>
  <way id="761816161">
    <nd ref="5291014587"/>
    <nd ref="2460488426"/>
    <nd ref="7117804795"/>
    <nd ref="259657393"/>
    <tag k="foot" v="yes"/>
    <tag k="highway" v="trunk_link"/>
    <tag k="int_ref" v="AH26"/>
    <tag k="int_ref:colour" v="blue"/>
    <tag k="lanes" v="2"/>
    <tag k="lit" v="yes"/>
    <tag k="maxspeed" v="60"/>
    <tag k="maxspeed:bus" v="50"/>
    <tag k="maxspeed:hgv" v="50"/>
    <tag k="name" v="EDSA"/>
    <tag k="name:es" v="Avenida Epifanio de los Santos"/>
    <tag k="name:fil" v="Abenida Epifanio de los Santos"/>
    <tag k="name:tl" v="Abenida Epifanio de los Santos"/>
    <tag k="oneway" v="yes"/>
    <tag k="placement" v="left_of:1"/>
    <tag k="ref" v="1"/>
    <tag k="sidewalk:both" v="yes"/>
    <tag k="source:maxspeed" v="sign"/>
    <tag k="surface" v="asphalt"/>
  </way>
  <way id="761980615">
    <nd ref="4079991541"/>
    <nd ref="244312772"/>
    <tag k="highway" v="trunk_link"/>
    <tag k="int_ref" v="AH26"/>
    <tag k="int_ref:colour" v="blue"/>
    <tag k="lanes" v="3"/>
    <tag k="lit" v="yes"/>
    <tag k="maxspeed" v="60"/>
    <tag k="maxspeed:bus" v="50"/>
    <tag k="maxspeed:hgv" v="50"/>
    <tag k="name" v="EDSA"/>
    <tag k="name:es" v="Avenida Epifanio de los Santos"/>
    <tag k="name:fil" v="Abenida Epifanio de los Santos"/>
    <tag k="name:tl" v="Abenida Epifanio de los Santos"/>
    <tag k="official_name" v="EDSA Service Rd 1 South Bound"/>
    <tag k="oneway" v="yes"/>
    <tag k="ref" v="1"/>
    <tag k="sidewalk:left" v="no"/>
    <tag k="sidewalk:right" v="yes"/>
    <tag k="source:maxspeed" v="sign"/>
    <tag k="surface" v="asphalt"/>
    <tag k="turn:lanes" v="through|through|through"/>
  </way>
  <way id="761980616">
    <nd ref="244312772"/>
    <nd ref="7119297181"/>
    <nd ref="9958177668"/>
    <nd ref="7119315785"/>
    <tag k="highway" v="trunk_link"/>
    <tag k="int_ref" v="AH26"/>
    <tag k="int_ref:colour" v="blue"/>
    <tag k="lanes" v="3"/>
    <tag k="lit" v="yes"/>
    <tag k="maxspeed" v="60"/>
    <tag k="maxspeed:bus" v="50"/>
    <tag k="maxspeed:hgv" v="50"/>
    <tag k="name" v="EDSA"/>
    <tag k="name:es" v="Avenida Epifanio de los Santos"/>
    <tag k="name:fil" v="Abenida Epifanio de los Santos"/>
    <tag k="name:tl" v="Abenida Epifanio de los Santos"/>
    <tag k="official_name" v="EDSA Service Rd 1 South Bound"/>
    <tag k="oneway" v="yes"/>
    <tag k="ref" v="1"/>
    <tag k="sidewalk:left" v="no"/>
    <tag k="sidewalk:right" v="yes"/>
    <tag k="source:maxspeed" v="sign"/>
    <tag k="surface" v="asphalt"/>
    <tag k="turn:lanes" v="reverse;through|through|through"/>
  </way>
  <way id="761980617">
    <nd ref="7119315785"/>
    <nd ref="3675773151"/>
    <tag k="highway" v="trunk_link"/>
    <tag k="int_ref" v="AH26"/>
    <tag k="int_ref:colour" v="blue"/>
    <tag k="lanes" v="2"/>
    <tag k="lit" v="yes"/>
    <tag k="maxspeed" v="60"/>
    <tag k="maxspeed:bus" v="50"/>
    <tag k="maxspeed:hgv" v="50"/>
    <tag k="name" v="EDSA"/>
    <tag k="name:es" v="Avenida Epifanio de los Santos"/>
    <tag k="name:fil" v="Abenida Epifanio de los Santos"/>
    <tag k="name:tl" v="Abenida Epifanio de los Santos"/>
    <tag k="official_name" v="EDSA Service Rd 1 South Bound"/>
    <tag k="oneway" v="yes"/>
    <tag k="ref" v="1"/>
    <tag k="sidewalk:left" v="no"/>
    <tag k="sidewalk:right" v="yes"/>
    <tag k="source:maxspeed" v="sign"/>
    <tag k="surface" v="asphalt"/>
  </way>
  <way id="761980619">
    <nd ref="244312769"/>
    <nd ref="4079991541"/>
    <tag k="destination:ref" v="1"/>
    <tag k="highway" v="trunk_link"/>
    <tag k="int_ref" v="AH26"/>
    <tag k="int_ref:colour" v="blue"/>
    <tag k="lanes" v="4"/>
    <tag k="lit" v="yes"/>
    <tag k="maxspeed" v="60"/>
    <tag k="maxspeed:bus" v="50"/>
    <tag k="maxspeed:hgv" v="50"/>
    <tag k="name" v="EDSA"/>
    <tag k="name:es" v="Avenida Epifanio de los Santos"/>
    <tag k="name:fil" v="Abenida Epifanio de los Santos"/>
    <tag k="name:tl" v="Abenida Epifanio de los Santos"/>
    <tag k="official_name" v="EDSA Service Rd 1 South Bound"/>
    <tag k="oneway" v="yes"/>
    <tag k="placement" v="middle_of:3"/>
    <tag k="ref" v="1"/>
    <tag k="sidewalk:left" v="no"/>
    <tag k="sidewalk:right" v="yes"/>
    <tag k="source:maxspeed" v="sign"/>
    <tag k="surface" v="asphalt"/>
    <tag k="turn:lanes" v="merge_to_right|through|through|through"/>
  </way>
  <way id="761980620">
    <nd ref="7119315786"/>
    <nd ref="259657389"/>
    <tag k="destination:lanes" v="MANILA;Alabang|SLEX;Alabang"/>
    <tag k="foot" v="yes"/>
    <tag k="highway" v="trunk_link"/>
    <tag k="int_ref" v="AH26"/>
    <tag k="int_ref:colour" v="blue"/>
    <tag k="lanes" v="2"/>
    <tag k="lit" v="yes"/>
    <tag k="maxspeed" v="60"/>
    <tag k="maxspeed:bus" v="50"/>
    <tag k="maxspeed:hgv" v="50"/>
    <tag k="name" v="EDSA"/>
    <tag k="name:es" v="Avenida Epifanio de los Santos"/>
    <tag k="name:fil" v="Abenida Epifanio de los Santos"/>
    <tag k="name:tl" v="Abenida Epifanio de los Santos"/>
    <tag k="oneway" v="yes"/>
    <tag k="ref" v="1"/>
    <tag k="sidewalk" v="right"/>
    <tag k="source:maxspeed" v="sign"/>
    <tag k="surface" v="asphalt"/>
    <tag k="turn:lanes" v="reverse|through;right"/>
  </way>
  <way id="762672808">
    <nd ref="3675773151"/>
    <nd ref="243434743"/>
    <tag k="highway" v="trunk_link"/>
    <tag k="int_ref" v="AH26"/>
    <tag k="int_ref:colour" v="blue"/>
    <tag k="lanes" v="3"/>
    <tag k="lit" v="yes"/>
    <tag k="maxspeed" v="60"/>
    <tag k="maxspeed:bus" v="50"/>
    <tag k="maxspeed:hgv" v="50"/>
    <tag k="name" v="EDSA"/>
    <tag k="name:es" v="Avenida Epifanio de los Santos"/>
    <tag k="name:fil" v="Abenida Epifanio de los Santos"/>
    <tag k="name:tl" v="Abenida Epifanio de los Santos"/>
    <tag k="official_name" v="EDSA Service Rd 1 South Bound"/>
    <tag k="oneway" v="yes"/>
    <tag k="ref" v="1"/>
    <tag k="sidewalk:left" v="no"/>
    <tag k="sidewalk:right" v="yes"/>
    <tag k="source:maxspeed" v="sign"/>
    <tag k="surface" v="asphalt"/>
    <tag k="turn:lanes" v="through|through|through;right"/>
  </way>
  <way id="762688380">
    <nd ref="5291735349"/>
    <nd ref="13710396927"/>
    <tag k="bus:lanes" v="designated|yes|yes|yes|yes"/>
    <tag k="foot" v="yes"/>
    <tag k="highway" v="trunk"/>
    <tag k="int_ref" v="AH26"/>
    <tag k="int_ref:colour" v="blue"/>
    <tag k="lanes" v="5"/>
    <tag k="lanes:bus" v="2"/>
    <tag k="lit" v="yes"/>
    <tag k="maxspeed" v="60"/>
    <tag k="maxspeed:bus" v="50"/>
    <tag k="maxspeed:hgv" v="50"/>
    <tag k="name" v="EDSA"/>
    <tag k="name:es" v="Avenida Epifanio de los Santos"/>
    <tag k="name:fil" v="Abenida Epifanio de los Santos"/>
    <tag k="name:tl" v="Abenida Epifanio de los Santos"/>
    <tag k="official_name" v="Epifanio de los Santos Avenue"/>
    <tag k="oneway" v="yes"/>
    <tag k="ref" v="1"/>
    <tag k="source:maxspeed" v="sign"/>
    <tag k="surface" v="asphalt"/>
  </way>
  <way id="762688381">
    <nd ref="32169081"/>
    <nd ref="6340875590"/>
    <nd ref="5291735350"/>
    <nd ref="5291735349"/>
    <tag k="bus:lanes" v="designated|yes|yes|yes|yes"/>
    <tag k="destination:lanes" v="NAIA T1/T2||Baclaran||Roxas Blvd.||Macapagal Blvd.||J.W. Diokno Blvd.||CAVITEX"/>
    <tag k="foot" v="yes"/>
    <tag k="highway" v="trunk"/>
    <tag k="int_ref" v="AH26"/>
    <tag k="int_ref:colour" v="blue"/>
    <tag k="lanes" v="5"/>
    <tag k="lanes:bus" v="2"/>
    <tag k="lit" v="yes"/>
    <tag k="maxspeed" v="60"/>
    <tag k="maxspeed:bus" v="50"/>
    <tag k="maxspeed:hgv" v="50"/>
    <tag k="name" v="EDSA"/>
    <tag k="name:es" v="Avenida Epifanio de los Santos"/>
    <tag k="name:fil" v="Abenida Epifanio de los Santos"/>
    <tag k="name:tl" v="Abenida Epifanio de los Santos"/>
    <tag k="official_name" v="Epifanio de los Santos Avenue"/>
    <tag k="oneway" v="yes"/>
    <tag k="ref" v="1"/>
    <tag k="source:maxspeed" v="sign"/>
  </way>
  <way id="767853655">
    <nd ref="7079099107"/>
    <nd ref="35453950"/>
    <nd ref="617556631"/>
    <tag k="cycleway:right" v="lane"/>
    <tag k="foot" v="yes"/>
    <tag k="highway" v="trunk"/>
    <tag k="int_ref" v="AH26"/>
    <tag k="lanes" v="2"/>
    <tag k="lit" v="yes"/>
    <tag k="maxspeed" v="60"/>
    <tag k="maxspeed:bus" v="50"/>
    <tag k="maxspeed:hgv" v="50"/>
    <tag k="name" v="EDSA"/>
    <tag k="name:abbr" v="EDSA"/>
    <tag k="name:es" v="Avenida Epifanio de los Santos"/>
    <tag k="name:fil" v="Abenida Epifanio de los Santos"/>
    <tag k="name:tl" v="Abenida Epifanio de los Santos"/>
    <tag k="official_name" v="Epifanio de los Santos Avenue"/>
    <tag k="oneway" v="yes"/>
    <tag k="ref" v="1"/>
    <tag k="sidewalk" v="right"/>
    <tag k="source:maxspeed" v="sign"/>
    <tag k="surface" v="concrete"/>
    <tag k="width" v="9.6"/>
  </way>
  <way id="767853656">
    <nd ref="316156993"/>
    <nd ref="523963095"/>
    <tag k="cycleway:right" v="lane"/>
    <tag k="designation" v="national_primary_road"/>
    <tag k="hgv" v="no"/>
    <tag k="highway" v="primary"/>
    <tag k="int_ref" v="AH26"/>
    <tag k="lanes" v="2"/>
    <tag k="lit" v="yes"/>
    <tag k="maxspeed" v="60"/>
    <tag k="maxspeed:bus" v="50"/>
    <tag k="maxspeed:hgv" v="50"/>
    <tag k="name" v="EDSA"/>
    <tag k="name:es" v="Avenida Epifanio de los Santos"/>
    <tag k="name:fil" v="Abenida Epifanio de los Santos"/>
    <tag k="name:tl" v="Abenida Epifanio de los Santos"/>
    <tag k="official_name" v="Epifanio de los Santos Avenue"/>
    <tag k="oneway" v="yes"/>
    <tag k="ref" v="1"/>
    <tag k="source:maxspeed" v="sign"/>
  </way>
  <way id="775169477">
    <nd ref="1966222184"/>
    <nd ref="1966222183"/>
    <tag k="access:lanes" v="no|||"/>
    <tag k="bus:lanes" v="designated|||"/>
    <tag k="foot" v="yes"/>
    <tag k="highway" v="trunk"/>
    <tag k="int_ref" v="AH26"/>
    <tag k="int_ref:colour" v="blue"/>
    <tag k="lanes" v="4"/>
    <tag k="lit" v="yes"/>
    <tag k="maxheight" v="4.27"/>
    <tag k="maxspeed" v="60"/>
    <tag k="maxspeed:bus" v="50"/>
    <tag k="maxspeed:hgv" v="50"/>
    <tag k="name" v="EDSA"/>
    <tag k="name:es" v="Avenida Epifanio de los Santos"/>
    <tag k="name:fil" v="Abenida Epifanio de los Santos"/>
    <tag k="name:tl" v="Abenida Epifanio de los Santos"/>
    <tag k="official_name" v="Epifanio de los Santos Avenue"/>
    <tag k="oneway" v="yes"/>
    <tag k="ref" v="1"/>
    <tag k="source:maxspeed" v="sign"/>
    <tag k="surface" v="asphalt"/>
  </way>
  <way id="775216094">
    <nd ref="6960116824"/>
    <nd ref="1966222184"/>
    <tag k="access:lanes" v="no|||"/>
    <tag k="bus:lanes" v="designated|||"/>
    <tag k="foot" v="yes"/>
    <tag k="highway" v="trunk"/>
    <tag k="int_ref" v="AH26"/>
    <tag k="int_ref:colour" v="blue"/>
    <tag k="lanes" v="4"/>
    <tag k="lit" v="yes"/>
    <tag k="maxheight" v="4.27"/>
    <tag k="maxspeed" v="60"/>
    <tag k="maxspeed:bus" v="50"/>
    <tag k="maxspeed:hgv" v="50"/>
    <tag k="name" v="EDSA"/>
    <tag k="name:es" v="Avenida Epifanio de los Santos"/>
    <tag k="name:tl" v="Abenida Epifanio de los Santos"/>
    <tag k="official_name" v="Epifanio de los Santos Avenue"/>
    <tag k="oneway" v="yes"/>
    <tag k="ref" v="1"/>
    <tag k="source:maxspeed" v="sign"/>
    <tag k="surface" v="asphalt"/>
  </way>
  <way id="777511260">
    <nd ref="7187521391"/>
    <nd ref="11566615666"/>
    <nd ref="40826229"/>
    <nd ref="7256984776"/>
    <tag k="cycleway:right" v="lane"/>
    <tag k="foot" v="yes"/>
    <tag k="hgv" v="no"/>
    <tag k="highway" v="trunk"/>
    <tag k="int_ref" v="AH26"/>
    <tag k="int_ref:colour" v="blue"/>
    <tag k="lane_markings" v="yes"/>
    <tag k="lanes" v="3"/>
    <tag k="lit" v="yes"/>
    <tag k="maxspeed" v="60"/>
    <tag k="maxspeed:bus" v="50"/>
    <tag k="maxspeed:hgv" v="50"/>
    <tag k="name" v="EDSA"/>
    <tag k="name:es" v="Avenida Epifanio de los Santos"/>
    <tag k="name:fil" v="Abenida Epifanio de los Santos"/>
    <tag k="name:tl" v="Abenida Epifanio de los Santos"/>
    <tag k="official_name" v="Epifanio de los Santos Avenue"/>
    <tag k="oneway" v="yes"/>
    <tag k="oneway:bicycle" v="yes"/>
    <tag k="ref" v="1"/>
    <tag k="sidewalk" v="separate"/>
    <tag k="source:maxspeed" v="sign"/>
  </way>
  <way id="777619182">
    <nd ref="7256984776"/>
    <nd ref="333526141"/>
    <tag k="cycleway:right" v="lane"/>
    <tag k="foot" v="yes"/>
    <tag k="hgv" v="no"/>
    <tag k="highway" v="trunk"/>
    <tag k="int_ref" v="AH26"/>
    <tag k="int_ref:colour" v="blue"/>
    <tag k="lanes" v="3"/>
    <tag k="lit" v="yes"/>
    <tag k="maxspeed" v="60"/>
    <tag k="maxspeed:bus" v="50"/>
    <tag k="maxspeed:hgv" v="50"/>
    <tag k="name" v="EDSA"/>
    <tag k="name:es" v="Avenida Epifanio de los Santos"/>
    <tag k="name:fil" v="Abenida Epifanio de los Santos"/>
    <tag k="name:tl" v="Abenida Epifanio de los Santos"/>
    <tag k="official_name" v="Epifanio de los Santos Avenue"/>
    <tag k="oneway" v="yes"/>
    <tag k="oneway:bicycle" v="yes"/>
    <tag k="ref" v="1"/>
    <tag k="source:maxspeed" v="sign"/>
  </way>
  <way id="777619183">
    <nd ref="1075205320"/>
    <nd ref="12080025022"/>
    <nd ref="7187521391"/>
    <tag k="cycleway:right" v="lane"/>
    <tag k="foot" v="yes"/>
    <tag k="hgv" v="no"/>
    <tag k="highway" v="trunk"/>
    <tag k="int_ref" v="AH26"/>
    <tag k="int_ref:colour" v="blue"/>
    <tag k="lane_markings" v="yes"/>
    <tag k="lanes" v="3"/>
    <tag k="lit" v="yes"/>
    <tag k="maxspeed" v="60"/>
    <tag k="maxspeed:bus" v="50"/>
    <tag k="maxspeed:hgv" v="50"/>
    <tag k="name" v="EDSA"/>
    <tag k="name:es" v="Avenida Epifanio de los Santos"/>
    <tag k="name:fil" v="Abenida Epifanio de los Santos"/>
    <tag k="name:tl" v="Abenida Epifanio de los Santos"/>
    <tag k="official_name" v="Epifanio de los Santos Avenue"/>
    <tag k="oneway" v="yes"/>
    <tag k="oneway:bicycle" v="yes"/>
    <tag k="ref" v="1"/>
    <tag k="sidewalk" v="separate"/>
    <tag k="source:maxspeed" v="sign"/>
  </way>
  <way id="777734852">
    <nd ref="827406972"/>
    <nd ref="5289002838"/>
    <nd ref="24080775"/>
    <nd ref="12087698577"/>
    <nd ref="1663866326"/>
    <tag k="cycleway:lane" v="advisory"/>
    <tag k="cycleway:right" v="lane"/>
    <tag k="foot" v="yes"/>
    <tag k="hgv" v="no"/>
    <tag k="highway" v="trunk"/>
    <tag k="int_ref" v="AH26"/>
    <tag k="int_ref:colour" v="blue"/>
    <tag k="lanes" v="4"/>
    <tag k="lit" v="yes"/>
    <tag k="maxspeed" v="60"/>
    <tag k="maxspeed:bus" v="50"/>
    <tag k="maxspeed:hgv" v="50"/>
    <tag k="name" v="EDSA"/>
    <tag k="name:es" v="Avenida Epifanio de los Santos"/>
    <tag k="name:fil" v="Abenida Epifanio de los Santos"/>
    <tag k="name:tl" v="Abenida Epifanio de los Santos"/>
    <tag k="official_name" v="Epifanio de los Santos Avenue"/>
    <tag k="oneway" v="yes"/>
    <tag k="ref" v="1"/>
    <tag k="source:maxspeed" v="sign"/>
  </way>
  <way id="786211354">
    <nd ref="7418236931"/>
    <nd ref="7418236937"/>
    <tag k="bicycle" v="use_sidepath"/>
    <tag k="designation" v="national_primary_road"/>
    <tag k="destination:street" v="Pedro Tuason"/>
    <tag k="hgv" v="no"/>
    <tag k="highway" v="primary"/>
    <tag k="int_ref" v="AH26"/>
    <tag k="lanes" v="2"/>
    <tag k="lit" v="yes"/>
    <tag k="maxspeed" v="60"/>
    <tag k="maxspeed:bus" v="50"/>
    <tag k="maxspeed:hgv" v="50"/>
    <tag k="name" v="EDSA"/>
    <tag k="name:es" v="Avenida Epifanio de los Santos"/>
    <tag k="name:fil" v="Abenida Epifanio de los Santos"/>
    <tag k="name:tl" v="Abenida Epifanio de los Santos"/>
    <tag k="official_name" v="Epifanio de los Santos Avenue"/>
    <tag k="oneway" v="yes"/>
    <tag k="ref" v="1"/>
    <tag k="source:maxspeed" v="sign"/>
  </way>
  <way id="791530030">
    <nd ref="313099577"/>
    <nd ref="13155695670"/>
    <nd ref="13155695648"/>
    <nd ref="7399609031"/>
    <nd ref="32167669"/>
    <nd ref="445412176"/>
    <tag k="cycleway:right" v="lane"/>
    <tag k="foot" v="yes"/>
    <tag k="highway" v="trunk"/>
    <tag k="int_ref" v="AH26"/>
    <tag k="int_ref:colour" v="blue"/>
    <tag k="lanes" v="3"/>
    <tag k="lit" v="yes"/>
    <tag k="maxspeed" v="60"/>
    <tag k="maxspeed:bus" v="50"/>
    <tag k="maxspeed:hgv" v="50"/>
    <tag k="name" v="EDSA"/>
    <tag k="name:es" v="Avenida Epifanio de los Santos"/>
    <tag k="name:fil" v="Abenida Epifanio de los Santos"/>
    <tag k="name:tl" v="Abenida Epifanio de los Santos"/>
    <tag k="official_name" v="Epifanio de los Santos Avenue"/>
    <tag k="oneway" v="yes"/>
    <tag k="oneway:bicycle" v="yes"/>
    <tag k="operator" v="Metropolitan Manila Development Authority"/>
    <tag k="ref" v="1"/>
    <tag k="source:maxspeed" v="sign"/>
    <tag k="surface" v="asphalt"/>
  </way>
  <way id="791530031">
    <nd ref="445412176"/>
    <nd ref="11124474798"/>
    <nd ref="1135756371"/>
    <nd ref="8646850630"/>
    <nd ref="5291735353"/>
    <nd ref="8688216945"/>
    <nd ref="5527137097"/>
    <tag k="cycleway:right" v="lane"/>
    <tag k="foot" v="yes"/>
    <tag k="highway" v="trunk"/>
    <tag k="int_ref" v="AH26"/>
    <tag k="int_ref:colour" v="blue"/>
    <tag k="lanes" v="2"/>
    <tag k="lit" v="yes"/>
    <tag k="maxspeed" v="60"/>
    <tag k="maxspeed:bus" v="50"/>
    <tag k="maxspeed:hgv" v="50"/>
    <tag k="name" v="EDSA"/>
    <tag k="name:es" v="Avenida Epifanio de los Santos"/>
    <tag k="name:fil" v="Abenida Epifanio de los Santos"/>
    <tag k="name:tl" v="Abenida Epifanio de los Santos"/>
    <tag k="official_name" v="Epifanio de los Santos Avenue"/>
    <tag k="oneway" v="yes"/>
    <tag k="oneway:bicycle" v="yes"/>
    <tag k="operator" v="Metropolitan Manila Development Authority"/>
    <tag k="ref" v="1"/>
    <tag k="source:maxspeed" v="sign"/>
    <tag k="surface" v="asphalt"/>
  </way>
  <way id="793338659">
    <nd ref="7418236937"/>
    <nd ref="8657082065"/>
    <nd ref="8671593783"/>
    <nd ref="8594477154"/>
    <nd ref="7350895328"/>
    <tag k="cycleway:right" v="lane"/>
    <tag k="designation" v="national_primary_road"/>
    <tag k="destination:street" v="Pedro Tuason"/>
    <tag k="hgv" v="no"/>
    <tag k="highway" v="primary"/>
    <tag k="int_ref" v="AH26"/>
    <tag k="lanes" v="2"/>
    <tag k="lit" v="yes"/>
    <tag k="maxspeed" v="60"/>
    <tag k="maxspeed:bus" v="50"/>
    <tag k="maxspeed:hgv" v="50"/>
    <tag k="name" v="EDSA"/>
    <tag k="name:es" v="Avenida Epifanio de los Santos"/>
    <tag k="name:fil" v="Abenida Epifanio de los Santos"/>
    <tag k="name:tl" v="Abenida Epifanio de los Santos"/>
    <tag k="official_name" v="Epifanio de los Santos Avenue"/>
    <tag k="oneway" v="yes"/>
    <tag k="ref" v="1"/>
    <tag k="source:maxspeed" v="sign"/>
  </way>
  <way id="793338661">
    <nd ref="7418236940"/>
    <nd ref="523958867"/>
    <tag k="bicycle" v="use_sidepath"/>
    <tag k="designation" v="national_primary_road"/>
    <tag k="hgv" v="no"/>
    <tag k="highway" v="primary"/>
    <tag k="int_ref" v="AH26"/>
    <tag k="lanes" v="2"/>
    <tag k="lit" v="yes"/>
    <tag k="maxspeed" v="60"/>
    <tag k="maxspeed:bus" v="50"/>
    <tag k="maxspeed:hgv" v="50"/>
    <tag k="name" v="EDSA"/>
    <tag k="name:es" v="Avenida Epifanio de los Santos"/>
    <tag k="name:fil" v="Abenida Epifanio de los Santos"/>
    <tag k="name:tl" v="Abenida Epifanio de los Santos"/>
    <tag k="official_name" v="Epifanio de los Santos Avenue"/>
    <tag k="oneway" v="yes"/>
    <tag k="ref" v="1"/>
    <tag k="source:maxspeed" v="sign"/>
  </way>
  <way id="795531115">
    <nd ref="763949661"/>
    <nd ref="5286078046"/>
    <tag k="cycleway:right" v="lane"/>
    <tag k="foot" v="yes"/>
    <tag k="hgv" v="no"/>
    <tag k="highway" v="trunk"/>
    <tag k="int_ref" v="AH26"/>
    <tag k="int_ref:colour" v="blue"/>
    <tag k="lanes" v="4"/>
    <tag k="lit" v="yes"/>
    <tag k="maxspeed" v="60"/>
    <tag k="maxspeed:bus" v="50"/>
    <tag k="maxspeed:hgv" v="50"/>
    <tag k="name" v="EDSA"/>
    <tag k="name:es" v="Avenida Epifanio de los Santos"/>
    <tag k="name:fil" v="Abenida Epifanio de los Santos"/>
    <tag k="name:tl" v="Abenida Epifanio de los Santos"/>
    <tag k="official_name" v="Epifanio de los Santos Avenue"/>
    <tag k="oneway" v="yes"/>
    <tag k="ref" v="1"/>
    <tag k="sidewalk" v="separate"/>
    <tag k="source:maxspeed" v="sign"/>
    <tag k="surface" v="asphalt"/>
    <tag k="turn:lanes" v="through|through|slight_right|slight_right"/>
    <tag k="width" v="19.2"/>
  </way>
  <way id="801352111">
    <nd ref="577406331"/>
    <nd ref="4109461105"/>
    <nd ref="8658753160"/>
    <nd ref="13816306425"/>
    <nd ref="8083108227"/>
    <tag k="cycleway:right" v="lane"/>
    <tag k="foot" v="yes"/>
    <tag k="hgv" v="no"/>
    <tag k="highway" v="trunk"/>
    <tag k="int_ref" v="AH26"/>
    <tag k="int_ref:colour" v="blue"/>
    <tag k="lanes" v="4"/>
    <tag k="lit" v="yes"/>
    <tag k="maxspeed" v="60"/>
    <tag k="maxspeed:bus" v="50"/>
    <tag k="maxspeed:hgv" v="50"/>
    <tag k="name" v="EDSA"/>
    <tag k="name:es" v="Avenida Epifanio de los Santos"/>
    <tag k="name:fil" v="Abenida Epifanio de los Santos"/>
    <tag k="name:tl" v="Abenida Epifanio de los Santos"/>
    <tag k="official_name" v="Epifanio de los Santos Avenue"/>
    <tag k="oneway" v="yes"/>
    <tag k="ref" v="1"/>
    <tag k="sidewalk" v="separate"/>
    <tag k="source:maxspeed" v="sign"/>
    <tag k="surface" v="asphalt"/>
    <tag k="width" v="19.2"/>
  </way>
  <way id="804788498">
    <nd ref="1987893051"/>
    <nd ref="1987893050"/>
    <tag k="description" v="Ayala Tunnel"/>
    <tag k="foot" v="no"/>
    <tag k="hgv" v="no"/>
    <tag k="highway" v="trunk"/>
    <tag k="int_ref" v="AH26"/>
    <tag k="lanes" v="3"/>
    <tag k="layer" v="-1"/>
    <tag k="lit" v="yes"/>
    <tag k="maxspeed" v="60"/>
    <tag k="maxspeed:bus" v="50"/>
    <tag k="maxspeed:hgv" v="50"/>
    <tag k="name" v="EDSA"/>
    <tag k="name:es" v="Avenida Epifanio de los Santos"/>
    <tag k="name:fil" v="Abenida Epifanio de los Santos"/>
    <tag k="name:tl" v="Abenida Epifanio de los Santos"/>
    <tag k="official_name" v="Epifanio de los Santos Avenue"/>
    <tag k="oneway" v="yes"/>
    <tag k="ref" v="1"/>
    <tag k="source:maxspeed" v="sign"/>
    <tag k="surface" v="asphalt"/>
    <tag k="tunnel" v="yes"/>
  </way>
  <way id="804788499">
    <nd ref="3775223385"/>
    <nd ref="1987893051"/>
    <tag k="designation" v="national_primary_road"/>
    <tag k="foot" v="no"/>
    <tag k="hgv" v="no"/>
    <tag k="highway" v="trunk"/>
    <tag k="int_ref" v="AH26"/>
    <tag k="lanes" v="3"/>
    <tag k="layer" v="-1"/>
    <tag k="lit" v="yes"/>
    <tag k="maxspeed" v="60"/>
    <tag k="maxspeed:bus" v="50"/>
    <tag k="maxspeed:hgv" v="50"/>
    <tag k="name" v="EDSA"/>
    <tag k="name:es" v="Avenida Epifanio de los Santos"/>
    <tag k="name:fil" v="Abenida Epifanio de los Santos"/>
    <tag k="name:tl" v="Abenida Epifanio de los Santos"/>
    <tag k="official_name" v="Epifanio de los Santos Avenue"/>
    <tag k="oneway" v="yes"/>
    <tag k="ref" v="1"/>
    <tag k="source:maxspeed" v="sign"/>
    <tag k="surface" v="asphalt"/>
    <tag k="tunnel" v="yes"/>
  </way>
  <way id="805816386">
    <nd ref="323115614"/>
    <nd ref="9764865366"/>
    <nd ref="6542426129"/>
    <nd ref="7569423002"/>
    <nd ref="320507945"/>
    <nd ref="8647273810"/>
    <nd ref="9994946233"/>
    <nd ref="9765218337"/>
    <tag k="cycleway:right" v="lane"/>
    <tag k="foot" v="no"/>
    <tag k="highway" v="trunk"/>
    <tag k="int_ref" v="AH26"/>
    <tag k="int_ref:colour" v="blue"/>
    <tag k="lanes" v="4"/>
    <tag k="lit" v="yes"/>
    <tag k="maxspeed" v="60"/>
    <tag k="maxspeed:bus" v="50"/>
    <tag k="maxspeed:hgv" v="50"/>
    <tag k="name" v="EDSA"/>
    <tag k="name:abbr" v="EDSA"/>
    <tag k="name:es" v="Avenida Epifanio de los Santos"/>
    <tag k="name:fil" v="Abenida Epifanio de los Santos"/>
    <tag k="name:tl" v="Abenida Epifanio de los Santos"/>
    <tag k="official_name" v="Epifanio de los Santos Avenue"/>
    <tag k="oneway" v="yes"/>
    <tag k="ref" v="1"/>
    <tag k="source:maxspeed" v="sign"/>
    <tag k="surface" v="concrete"/>
    <tag k="width" v="19.2"/>
  </way>
  <way id="805816388">
    <nd ref="8647327362"/>
    <nd ref="9765242230"/>
    <nd ref="12080246585"/>
    <nd ref="10747679665"/>
    <nd ref="88762715"/>
    <nd ref="8393669617"/>
    <nd ref="9458588338"/>
    <nd ref="9458588329"/>
    <nd ref="12395775706"/>
    <nd ref="385993608"/>
    <nd ref="8868230559"/>
    <nd ref="8654565485"/>
    <nd ref="8868230562"/>
    <nd ref="13372198668"/>
    <nd ref="13372198660"/>
    <nd ref="7454134633"/>
    <nd ref="88765810"/>
    <tag k="cycleway:right" v="lane"/>
    <tag k="foot" v="yes"/>
    <tag k="highway" v="trunk"/>
    <tag k="int_ref" v="AH26"/>
    <tag k="int_ref:colour" v="blue"/>
    <tag k="lanes" v="4"/>
    <tag k="lit" v="yes"/>
    <tag k="maxspeed" v="60"/>
    <tag k="maxspeed:bus" v="50"/>
    <tag k="maxspeed:hgv" v="50"/>
    <tag k="name" v="EDSA"/>
    <tag k="name:abbr" v="EDSA"/>
    <tag k="name:es" v="Avenida Epifanio de los Santos"/>
    <tag k="name:fil" v="Abenida Epifanio de los Santos"/>
    <tag k="name:tl" v="Abenida Epifanio de los Santos"/>
    <tag k="nat_ref" v="1"/>
    <tag k="official_name" v="Epifanio de los Santos Avenue"/>
    <tag k="oneway" v="yes"/>
    <tag k="ref" v="1"/>
    <tag k="source:maxspeed" v="sign"/>
    <tag k="surface" v="concrete"/>
    <tag k="width" v="19.2"/>
  </way>
  <way id="805866546">
    <nd ref="8005076349"/>
    <nd ref="527765724"/>
    <tag k="cycleway:right" v="lane"/>
    <tag k="foot" v="yes"/>
    <tag k="highway" v="trunk"/>
    <tag k="int_ref" v="AH26"/>
    <tag k="int_ref:colour" v="blue"/>
    <tag k="lanes" v="4"/>
    <tag k="lit" v="yes"/>
    <tag k="maxspeed" v="60"/>
    <tag k="maxspeed:bus" v="50"/>
    <tag k="maxspeed:hgv" v="50"/>
    <tag k="name" v="EDSA"/>
    <tag k="name:es" v="Avenida Epifanio de los Santos"/>
    <tag k="name:fil" v="Abenida Epifanio de los Santos"/>
    <tag k="name:tl" v="Abenida Epifanio de los Santos"/>
    <tag k="official_name" v="Epifanio de los Santos Avenue"/>
    <tag k="oneway" v="yes"/>
    <tag k="ref" v="1"/>
    <tag k="sidewalk" v="separate"/>
    <tag k="source:maxspeed" v="sign"/>
    <tag k="surface" v="asphalt"/>
    <tag k="width" v="19.2"/>
  </way>
  <way id="805866547">
    <nd ref="674492671"/>
    <nd ref="12089240"/>
    <nd ref="7797754056"/>
    <nd ref="2467577355"/>
    <nd ref="4879643695"/>
    <tag k="cycleway:lane" v="advisory"/>
    <tag k="cycleway:right" v="lane"/>
    <tag k="foot" v="yes"/>
    <tag k="highway" v="trunk"/>
    <tag k="int_ref" v="AH26"/>
    <tag k="int_ref:colour" v="blue"/>
    <tag k="lane_markings" v="yes"/>
    <tag k="lanes" v="4"/>
    <tag k="lit" v="yes"/>
    <tag k="maxspeed" v="60"/>
    <tag k="maxspeed:bus" v="50"/>
    <tag k="maxspeed:hgv" v="50"/>
    <tag k="name" v="EDSA"/>
    <tag k="name:es" v="Avenida Epifanio de los Santos"/>
    <tag k="name:fil" v="Abenida Epifanio de los Santos"/>
    <tag k="name:tl" v="Abenida Epifanio de los Santos"/>
    <tag k="official_name" v="Epifanio de los Santos Avenue"/>
    <tag k="oneway" v="yes"/>
    <tag k="oneway:bicycle" v="yes"/>
    <tag k="ref" v="1"/>
    <tag k="sidewalk:right" v="separate"/>
    <tag k="source:maxspeed" v="sign"/>
    <tag k="surface" v="asphalt"/>
    <tag k="width" v="19.2"/>
  </way>
  <way id="810081490">
    <nd ref="462068195"/>
    <nd ref="7573563296"/>
    <nd ref="7573563293"/>
    <tag k="cycleway:right" v="lane"/>
    <tag k="hgv" v="no"/>
    <tag k="highway" v="primary"/>
    <tag k="int_ref" v="AH26"/>
    <tag k="lanes" v="2"/>
    <tag k="lit" v="yes"/>
    <tag k="maxspeed" v="60"/>
    <tag k="maxspeed:bus" v="50"/>
    <tag k="maxspeed:hgv" v="50"/>
    <tag k="name" v="EDSA"/>
    <tag k="name:es" v="Avenida Epifanio de los Santos"/>
    <tag k="name:fil" v="Abenida Epifanio de los Santos"/>
    <tag k="name:tl" v="Abenida Epifanio de los Santos"/>
    <tag k="official_name" v="Epifanio de los Santos Avenue"/>
    <tag k="oneway" v="yes"/>
    <tag k="sidewalk:right" v="separate"/>
    <tag k="source:maxspeed" v="sign"/>
  </way>
  <way id="810640817">
    <nd ref="7579302870"/>
    <nd ref="6751286234"/>
    <tag k="check_date" v="2024-04-01"/>
    <tag k="cycleway:right" v="lane"/>
    <tag k="foot" v="yes"/>
    <tag k="hgv" v="no"/>
    <tag k="highway" v="trunk"/>
    <tag k="int_ref" v="AH26"/>
    <tag k="int_ref:colour" v="blue"/>
    <tag k="lanes" v="4"/>
    <tag k="lit" v="yes"/>
    <tag k="maxspeed" v="60"/>
    <tag k="maxspeed:bus" v="50"/>
    <tag k="maxspeed:hgv" v="50"/>
    <tag k="name" v="EDSA"/>
    <tag k="name:es" v="Avenida Epifanio de los Santos"/>
    <tag k="name:fil" v="Abenida Epifanio de los Santos"/>
    <tag k="name:tl" v="Abenida Epifanio de los Santos"/>
    <tag k="note" v="value of ref &quot;1;AH26&quot; is just experimental upto April 2015 pending observation of effects on mobile Apps rendering (so far ok with mapnik)"/>
    <tag k="official_name" v="Epifanio de los Santos Avenue"/>
    <tag k="oneway" v="yes"/>
    <tag k="oneway:bicycle" v="yes"/>
    <tag k="ref" v="1"/>
    <tag k="source:maxspeed" v="sign"/>
    <tag k="surface" v="concrete"/>
  </way>
  <way id="810640818">
    <nd ref="673260964"/>
    <nd ref="345573382"/>
    <tag k="cycleway:right" v="lane"/>
    <tag k="foot" v="yes"/>
    <tag k="hgv" v="no"/>
    <tag k="highway" v="trunk"/>
    <tag k="int_ref" v="AH26"/>
    <tag k="int_ref:colour" v="blue"/>
    <tag k="lanes" v="5"/>
    <tag k="lit" v="yes"/>
    <tag k="maxspeed" v="60"/>
    <tag k="maxspeed:bus" v="50"/>
    <tag k="maxspeed:hgv" v="50"/>
    <tag k="name" v="EDSA"/>
    <tag k="name:es" v="Avenida Epifanio de los Santos"/>
    <tag k="name:fil" v="Abenida Epifanio de los Santos"/>
    <tag k="name:tl" v="Abenida Epifanio de los Santos"/>
    <tag k="official_name" v="Epifanio de los Santos Avenue"/>
    <tag k="oneway" v="yes"/>
    <tag k="oneway:bicycle" v="yes"/>
    <tag k="ref" v="1"/>
    <tag k="source:maxspeed" v="sign"/>
    <tag k="surface" v="concrete"/>
  </way>
  <way id="810640825">
    <nd ref="1740120873"/>
    <nd ref="2013381877"/>
    <nd ref="8242363647"/>
    <tag k="cycleway:right" v="lane"/>
    <tag k="foot" v="use_sidepath"/>
    <tag k="hgv" v="no"/>
    <tag k="highway" v="trunk"/>
    <tag k="int_ref" v="AH26"/>
    <tag k="int_ref:colour" v="blue"/>
    <tag k="lanes" v="4"/>
    <tag k="lit" v="yes"/>
    <tag k="maxspeed" v="60"/>
    <tag k="maxspeed:bus" v="50"/>
    <tag k="maxspeed:hgv" v="50"/>
    <tag k="name" v="EDSA"/>
    <tag k="name:es" v="Avenida Epifanio de los Santos"/>
    <tag k="name:fil" v="Abenida Epifanio de los Santos"/>
    <tag k="name:tl" v="Abenida Epifanio de los Santos"/>
    <tag k="official_name" v="Epifanio de los Santos Avenue"/>
    <tag k="oneway" v="yes"/>
    <tag k="ref" v="1"/>
    <tag k="source:maxspeed" v="sign"/>
  </way>
  <way id="810640826">
    <nd ref="5414139152"/>
    <nd ref="4242563000"/>
    <tag k="cycleway:right" v="lane"/>
    <tag k="foot" v="yes"/>
    <tag k="hgv" v="no"/>
    <tag k="highway" v="trunk"/>
    <tag k="int_ref" v="AH26"/>
    <tag k="int_ref:colour" v="blue"/>
    <tag k="lanes" v="4"/>
    <tag k="lit" v="yes"/>
    <tag k="maxspeed" v="60"/>
    <tag k="maxspeed:bus" v="50"/>
    <tag k="maxspeed:hgv" v="50"/>
    <tag k="name" v="EDSA"/>
    <tag k="name:es" v="Avenida Epifanio de los Santos"/>
    <tag k="name:fil" v="Abenida Epifanio de los Santos"/>
    <tag k="name:tl" v="Abenida Epifanio de los Santos"/>
    <tag k="official_name" v="Epifanio de los Santos Avenue"/>
    <tag k="oneway" v="yes"/>
    <tag k="ref" v="1"/>
    <tag k="source:maxspeed" v="sign"/>
    <tag k="turn:lanes" v="slight_left;through|through|slight_right|slight_right"/>
  </way>
  <way id="810640827">
    <nd ref="7192545200"/>
    <nd ref="88903674"/>
    <tag k="cycleway:right" v="lane"/>
    <tag k="foot" v="yes"/>
    <tag k="hgv" v="no"/>
    <tag k="highway" v="trunk"/>
    <tag k="int_ref" v="AH26"/>
    <tag k="int_ref:colour" v="blue"/>
    <tag k="lanes" v="4"/>
    <tag k="lit" v="yes"/>
    <tag k="maxspeed" v="60"/>
    <tag k="maxspeed:bus" v="50"/>
    <tag k="maxspeed:hgv" v="50"/>
    <tag k="name" v="EDSA"/>
    <tag k="name:es" v="Avenida Epifanio de los Santos"/>
    <tag k="name:fil" v="Abenida Epifanio de los Santos"/>
    <tag k="name:tl" v="Abenida Epifanio de los Santos"/>
    <tag k="official_name" v="Epifanio de los Santos Avenue"/>
    <tag k="oneway" v="yes"/>
    <tag k="ref" v="1"/>
    <tag k="sidewalk" v="separate"/>
    <tag k="source:maxspeed" v="sign"/>
  </way>
  <way id="810640830">
    <nd ref="88903674"/>
    <nd ref="1281873039"/>
    <nd ref="5313629849"/>
    <tag k="cycleway:right" v="lane"/>
    <tag k="foot" v="yes"/>
    <tag k="hgv" v="no"/>
    <tag k="highway" v="trunk"/>
    <tag k="int_ref" v="AH26"/>
    <tag k="int_ref:colour" v="blue"/>
    <tag k="lanes" v="4"/>
    <tag k="lit" v="yes"/>
    <tag k="maxspeed" v="60"/>
    <tag k="maxspeed:bus" v="50"/>
    <tag k="maxspeed:hgv" v="50"/>
    <tag k="name" v="EDSA"/>
    <tag k="name:es" v="Avenida Epifanio de los Santos"/>
    <tag k="name:fil" v="Abenida Epifanio de los Santos"/>
    <tag k="name:tl" v="Abenida Epifanio de los Santos"/>
    <tag k="official_name" v="Epifanio de los Santos Avenue"/>
    <tag k="oneway" v="yes"/>
    <tag k="ref" v="1"/>
    <tag k="sidewalk" v="separate"/>
    <tag k="source:maxspeed" v="sign"/>
  </way>
  <way id="813532649">
    <nd ref="313872466"/>
    <nd ref="313872467"/>
    <tag k="bicycle" v="no"/>
    <tag k="bus" v="no"/>
    <tag k="hazmat" v="no"/>
    <tag k="hgv" v="no"/>
    <tag k="highway" v="trunk"/>
    <tag k="int_ref" v="AH26"/>
    <tag k="lanes" v="1"/>
    <tag k="lit" v="yes"/>
    <tag k="maxspeed" v="60"/>
    <tag k="maxspeed:bus" v="50"/>
    <tag k="maxspeed:hgv" v="50"/>
    <tag k="name" v="EDSA"/>
    <tag k="name:es" v="Avenida Epifanio de los Santos"/>
    <tag k="name:fil" v="Abenida Epifanio de los Santos"/>
    <tag k="name:tl" v="Abenida Epifanio de los Santos"/>
    <tag k="official_name" v="Epifanio de los Santos Avenue"/>
    <tag k="oneway" v="yes"/>
    <tag k="ref" v="1"/>
    <tag k="source:maxspeed" v="sign"/>
    <tag k="surface" v="asphalt"/>
    <tag k="width" v="3"/>
  </way>
  <way id="813532650">
    <nd ref="3262823888"/>
    <nd ref="4247071075"/>
    <nd ref="6651749033"/>
    <nd ref="313872466"/>
    <tag k="bicycle" v="no"/>
    <tag k="bus" v="no"/>
    <tag k="hazmat" v="no"/>
    <tag k="hgv" v="no"/>
    <tag k="highway" v="trunk"/>
    <tag k="int_ref" v="AH26"/>
    <tag k="lanes" v="1"/>
    <tag k="lit" v="yes"/>
    <tag k="maxspeed" v="60"/>
    <tag k="maxspeed:bus" v="50"/>
    <tag k="maxspeed:hgv" v="50"/>
    <tag k="name" v="EDSA"/>
    <tag k="name:es" v="Avenida Epifanio de los Santos"/>
    <tag k="name:fil" v="Abenida Epifanio de los Santos"/>
    <tag k="name:tl" v="Abenida Epifanio de los Santos"/>
    <tag k="official_name" v="Epifanio de los Santos Avenue"/>
    <tag k="oneway" v="yes"/>
    <tag k="ref" v="1"/>
    <tag k="source:maxspeed" v="sign"/>
    <tag k="surface" v="asphalt"/>
    <tag k="width" v="3"/>
  </way>
  <way id="813532654">
    <nd ref="321326397"/>
    <nd ref="6651749029"/>
    <tag k="cycleway:lane" v="exclusive"/>
    <tag k="cycleway:right" v="track"/>
    <tag k="foot" v="yes"/>
    <tag k="hgv" v="no"/>
    <tag k="highway" v="trunk"/>
    <tag k="int_ref" v="AH26"/>
    <tag k="int_ref:colour" v="blue"/>
    <tag k="lanes" v="3"/>
    <tag k="lit" v="yes"/>
    <tag k="maxspeed" v="60"/>
    <tag k="maxspeed:bus" v="50"/>
    <tag k="maxspeed:hgv" v="50"/>
    <tag k="name" v="EDSA"/>
    <tag k="name:es" v="Avenida Epifanio de los Santos"/>
    <tag k="name:fil" v="Abenida Epifanio de los Santos"/>
    <tag k="name:tl" v="Abenida Epifanio de los Santos"/>
    <tag k="official_name" v="Epifanio de los Santos Avenue"/>
    <tag k="oneway" v="yes"/>
    <tag k="ref" v="1"/>
    <tag k="sidewalk:right" v="separate"/>
    <tag k="source:maxspeed" v="sign"/>
    <tag k="surface" v="asphalt"/>
    <tag k="width" v="10.2"/>
  </way>
  <way id="813532655">
    <nd ref="5414188072"/>
    <nd ref="321326397"/>
    <tag k="cycleway:lane" v="advisory"/>
    <tag k="cycleway:right" v="lane"/>
    <tag k="foot" v="yes"/>
    <tag k="hgv" v="no"/>
    <tag k="highway" v="trunk"/>
    <tag k="int_ref" v="AH26"/>
    <tag k="int_ref:colour" v="blue"/>
    <tag k="lanes" v="3"/>
    <tag k="lit" v="yes"/>
    <tag k="maxspeed" v="60"/>
    <tag k="maxspeed:bus" v="50"/>
    <tag k="maxspeed:hgv" v="50"/>
    <tag k="name" v="EDSA"/>
    <tag k="name:es" v="Avenida Epifanio de los Santos"/>
    <tag k="name:fil" v="Abenida Epifanio de los Santos"/>
    <tag k="name:tl" v="Abenida Epifanio de los Santos"/>
    <tag k="official_name" v="Epifanio de los Santos Avenue"/>
    <tag k="oneway" v="yes"/>
    <tag k="ref" v="1"/>
    <tag k="sidewalk:right" v="separate"/>
    <tag k="source:maxspeed" v="sign"/>
    <tag k="surface" v="asphalt"/>
    <tag k="turn:lanes" v="through|through|through;right"/>
    <tag k="width" v="13.5"/>
  </way>
  <way id="818037599">
    <nd ref="4242563000"/>
    <nd ref="252179221"/>
    <tag k="cycleway:right" v="lane"/>
    <tag k="designation" v="national_primary_road"/>
    <tag k="destination" v="Ortigas"/>
    <tag k="hgv" v="no"/>
    <tag k="highway" v="trunk_link"/>
    <tag k="int_ref" v="AH26"/>
    <tag k="lanes" v="3"/>
    <tag k="lit" v="yes"/>
    <tag k="maxspeed" v="60"/>
    <tag k="maxspeed:bus" v="50"/>
    <tag k="maxspeed:hgv" v="50"/>
    <tag k="maxspeed:type" v="sign"/>
    <tag k="name" v="EDSA"/>
    <tag k="name:es" v="Avenida Epifanio de los Santos"/>
    <tag k="name:fil" v="Abenida Epifanio de los Santos"/>
    <tag k="name:tl" v="Abenida Epifanio de los Santos"/>
    <tag k="official_name" v="Epifanio de los Santos Avenue"/>
    <tag k="oneway" v="yes"/>
    <tag k="ref" v="1"/>
    <tag k="surface" v="asphalt"/>
    <tag k="turn:lanes" v="through|through|right"/>
  </way>
  <way id="818981046">
    <nd ref="8119843851"/>
    <nd ref="7648268525"/>
    <tag k="bridge" v="yes"/>
    <tag k="cycleway:lane" v="advisory"/>
    <tag k="cycleway:right" v="lane"/>
    <tag k="foot" v="yes"/>
    <tag k="highway" v="trunk"/>
    <tag k="int_ref" v="AH26"/>
    <tag k="int_ref:colour" v="blue"/>
    <tag k="lane_markings" v="yes"/>
    <tag k="lanes" v="4"/>
    <tag k="layer" v="1"/>
    <tag k="lit" v="yes"/>
    <tag k="maxspeed" v="60"/>
    <tag k="maxspeed:bus" v="50"/>
    <tag k="maxspeed:hgv" v="50"/>
    <tag k="name" v="EDSA"/>
    <tag k="name:es" v="Avenida Epifanio de los Santos"/>
    <tag k="name:fil" v="Abenida Epifanio de los Santos"/>
    <tag k="name:tl" v="Abenida Epifanio de los Santos"/>
    <tag k="official_name" v="Epifanio de los Santos Avenue"/>
    <tag k="oneway" v="yes"/>
    <tag k="oneway:bicycle" v="yes"/>
    <tag k="ref" v="1"/>
    <tag k="sidewalk:right" v="separate"/>
    <tag k="source:maxspeed" v="sign"/>
    <tag k="surface" v="asphalt"/>
    <tag k="width" v="19.2"/>
  </way>
  <way id="818981047">
    <nd ref="1293071689"/>
    <nd ref="12113071355"/>
    <nd ref="12113071352"/>
    <nd ref="250543852"/>
    <nd ref="250543335"/>
    <nd ref="1074584514"/>
    <nd ref="8119843851"/>
    <tag k="cycleway:lane" v="advisory"/>
    <tag k="cycleway:right" v="lane"/>
    <tag k="foot" v="yes"/>
    <tag k="highway" v="trunk"/>
    <tag k="int_ref" v="AH26"/>
    <tag k="int_ref:colour" v="blue"/>
    <tag k="lane_markings" v="yes"/>
    <tag k="lanes" v="4"/>
    <tag k="lit" v="yes"/>
    <tag k="maxspeed" v="60"/>
    <tag k="maxspeed:bus" v="50"/>
    <tag k="maxspeed:hgv" v="50"/>
    <tag k="name" v="EDSA"/>
    <tag k="name:es" v="Avenida Epifanio de los Santos"/>
    <tag k="name:fil" v="Abenida Epifanio de los Santos"/>
    <tag k="name:tl" v="Abenida Epifanio de los Santos"/>
    <tag k="official_name" v="Epifanio de los Santos Avenue"/>
    <tag k="oneway" v="yes"/>
    <tag k="oneway:bicycle" v="yes"/>
    <tag k="ref" v="1"/>
    <tag k="sidewalk:right" v="separate"/>
    <tag k="source:maxspeed" v="sign"/>
    <tag k="surface" v="paved"/>
    <tag k="width" v="19.2"/>
  </way>
  <way id="829205741">
    <nd ref="5286225341"/>
    <nd ref="21834288"/>
    <tag k="cycleway:right" v="lane"/>
    <tag k="designation" v="national_primary_road"/>
    <tag k="destination" v="San Juan;Greenhills"/>
    <tag k="hgv" v="no"/>
    <tag k="highway" v="trunk_link"/>
    <tag k="int_ref" v="AH26"/>
    <tag k="lanes" v="2"/>
    <tag k="lit" v="yes"/>
    <tag k="maxspeed" v="60"/>
    <tag k="maxspeed:bus" v="50"/>
    <tag k="maxspeed:hgv" v="50"/>
    <tag k="name" v="EDSA"/>
    <tag k="name:es" v="Avenida Epifanio de los Santos"/>
    <tag k="name:fil" v="Abenida Epifanio de los Santos"/>
    <tag k="name:tl" v="Abenida Epifanio de los Santos"/>
    <tag k="official_name" v="Epifanio de los Santos Avenue"/>
    <tag k="oneway" v="yes"/>
    <tag k="ref" v="1"/>
    <tag k="source:maxspeed" v="sign"/>
    <tag k="surface" v="asphalt"/>
  </way>
  <way id="832081915">
    <nd ref="600218408"/>
    <nd ref="3309043464"/>
    <tag k="cycleway:right" v="lane"/>
    <tag k="foot" v="yes"/>
    <tag k="highway" v="trunk"/>
    <tag k="int_ref" v="AH26"/>
    <tag k="int_ref:colour" v="blue"/>
    <tag k="lanes" v="4"/>
    <tag k="lit" v="yes"/>
    <tag k="maxspeed" v="60"/>
    <tag k="maxspeed:bus" v="50"/>
    <tag k="maxspeed:hgv" v="50"/>
    <tag k="name" v="EDSA"/>
    <tag k="name:es" v="Avenida Epifanio de los Santos"/>
    <tag k="name:fil" v="Abenida Epifanio de los Santos"/>
    <tag k="name:tl" v="Abenida Epifanio de los Santos"/>
    <tag k="official_name" v="Epifanio de los Santos Avenue"/>
    <tag k="oneway" v="yes"/>
    <tag k="ref" v="1"/>
    <tag k="sidewalk" v="separate"/>
    <tag k="source:maxspeed" v="sign"/>
    <tag k="surface" v="asphalt"/>
    <tag k="width" v="19.2"/>
  </way>
  <way id="832081919">
    <nd ref="3309043462"/>
    <nd ref="600218408"/>
    <tag k="cycleway:right" v="lane"/>
    <tag k="foot" v="yes"/>
    <tag k="highway" v="trunk"/>
    <tag k="int_ref" v="AH26"/>
    <tag k="int_ref:colour" v="blue"/>
    <tag k="lanes" v="4"/>
    <tag k="lit" v="yes"/>
    <tag k="maxspeed" v="60"/>
    <tag k="maxspeed:bus" v="50"/>
    <tag k="maxspeed:hgv" v="50"/>
    <tag k="name" v="EDSA"/>
    <tag k="name:es" v="Avenida Epifanio de los Santos"/>
    <tag k="name:fil" v="Abenida Epifanio de los Santos"/>
    <tag k="name:tl" v="Abenida Epifanio de los Santos"/>
    <tag k="official_name" v="Epifanio de los Santos Avenue"/>
    <tag k="oneway" v="yes"/>
    <tag k="ref" v="1"/>
    <tag k="sidewalk" v="separate"/>
    <tag k="source:maxspeed" v="sign"/>
    <tag k="surface" v="asphalt"/>
    <tag k="width" v="19.2"/>
  </way>
  <way id="832081920">
    <nd ref="3309043461"/>
    <nd ref="3309043462"/>
    <tag k="cycleway:right" v="lane"/>
    <tag k="foot" v="yes"/>
    <tag k="highway" v="trunk"/>
    <tag k="int_ref" v="AH26"/>
    <tag k="int_ref:colour" v="blue"/>
    <tag k="lanes" v="4"/>
    <tag k="lit" v="yes"/>
    <tag k="maxspeed" v="60"/>
    <tag k="maxspeed:bus" v="50"/>
    <tag k="maxspeed:hgv" v="50"/>
    <tag k="name" v="EDSA"/>
    <tag k="name:es" v="Avenida Epifanio de los Santos"/>
    <tag k="name:fil" v="Abenida Epifanio de los Santos"/>
    <tag k="name:tl" v="Abenida Epifanio de los Santos"/>
    <tag k="official_name" v="Epifanio de los Santos Avenue"/>
    <tag k="oneway" v="yes"/>
    <tag k="ref" v="1"/>
    <tag k="sidewalk" v="separate"/>
    <tag k="source:maxspeed" v="sign"/>
    <tag k="surface" v="asphalt"/>
    <tag k="width" v="19.2"/>
  </way>
  <way id="832081921">
    <nd ref="593999447"/>
    <nd ref="12429019653"/>
    <nd ref="3309043461"/>
    <tag k="cycleway:right" v="lane"/>
    <tag k="foot" v="yes"/>
    <tag k="highway" v="trunk"/>
    <tag k="int_ref" v="AH26"/>
    <tag k="int_ref:colour" v="blue"/>
    <tag k="lanes" v="4"/>
    <tag k="lit" v="yes"/>
    <tag k="maxspeed" v="60"/>
    <tag k="maxspeed:bus" v="50"/>
    <tag k="maxspeed:hgv" v="50"/>
    <tag k="name" v="EDSA"/>
    <tag k="name:es" v="Avenida Epifanio de los Santos"/>
    <tag k="name:fil" v="Abenida Epifanio de los Santos"/>
    <tag k="name:tl" v="Abenida Epifanio de los Santos"/>
    <tag k="official_name" v="Epifanio de los Santos Avenue"/>
    <tag k="oneway" v="yes"/>
    <tag k="ref" v="1"/>
    <tag k="sidewalk" v="separate"/>
    <tag k="source:maxspeed" v="sign"/>
    <tag k="surface" v="asphalt"/>
    <tag k="width" v="19.2"/>
  </way>
  <way id="834381835">
    <nd ref="103796296"/>
    <nd ref="7504935578"/>
    <tag k="cycleway:right" v="lane"/>
    <tag k="foot" v="yes"/>
    <tag k="highway" v="trunk"/>
    <tag k="int_ref" v="AH26"/>
    <tag k="int_ref:colour" v="blue"/>
    <tag k="lanes" v="4"/>
    <tag k="lit" v="yes"/>
    <tag k="maxspeed" v="60"/>
    <tag k="maxspeed:bus" v="50"/>
    <tag k="maxspeed:hgv" v="50"/>
    <tag k="name" v="EDSA"/>
    <tag k="name:es" v="Avenida Epifanio de los Santos"/>
    <tag k="name:fil" v="Abenida Epifanio de los Santos"/>
    <tag k="name:tl" v="Abenida Epifanio de los Santos"/>
    <tag k="official_name" v="Epifanio de los Santos Avenue"/>
    <tag k="oneway" v="yes"/>
    <tag k="ref" v="1"/>
    <tag k="sidewalk" v="right"/>
    <tag k="source:maxspeed" v="sign"/>
    <tag k="surface" v="asphalt"/>
    <tag k="width" v="19.2"/>
  </way>
  <way id="835406171">
    <nd ref="7797754060"/>
    <nd ref="50630443"/>
    <tag k="cycleway:right" v="shared_lane"/>
    <tag k="foot" v="yes"/>
    <tag k="highway" v="trunk"/>
    <tag k="int_ref" v="AH26"/>
    <tag k="lanes" v="4"/>
    <tag k="maxspeed" v="60"/>
    <tag k="maxspeed:bus" v="50"/>
    <tag k="maxspeed:hgv" v="50"/>
    <tag k="name" v="EDSA"/>
    <tag k="name:es" v="Avenida Epifanio de los Santos"/>
    <tag k="name:fil" v="Abenida Epifanio de los Santos"/>
    <tag k="name:tl" v="Abenida Epifanio de los Santos"/>
    <tag k="oneway" v="yes"/>
    <tag k="ref" v="1"/>
    <tag k="source:maxspeed" v="sign"/>
    <tag k="width" v="19.2"/>
  </way>
  <way id="835406173">
    <nd ref="7797754063"/>
    <nd ref="7797754060"/>
    <tag k="bicycle" v="no"/>
    <tag k="foot" v="no"/>
    <tag k="highway" v="trunk"/>
    <tag k="int_ref" v="AH26"/>
    <tag k="lanes" v="2"/>
    <tag k="lit" v="yes"/>
    <tag k="maxspeed" v="60"/>
    <tag k="maxspeed:bus" v="50"/>
    <tag k="maxspeed:hgv" v="50"/>
    <tag k="name" v="EDSA"/>
    <tag k="name:es" v="Avenida Epifanio de los Santos"/>
    <tag k="name:fil" v="Abenida Epifanio de los Santos"/>
    <tag k="name:tl" v="Abenida Epifanio de los Santos"/>
    <tag k="official_name" v="Epifanio de los Santos Avenue"/>
    <tag k="oneway" v="yes"/>
    <tag k="ref" v="1"/>
    <tag k="source:maxspeed" v="sign"/>
    <tag k="width" v="9.6"/>
  </way>
  <way id="836316066">
    <nd ref="1411126030"/>
    <nd ref="6264891416"/>
    <nd ref="5351760937"/>
    <nd ref="5472104745"/>
    <tag k="cycleway:right" v="lane"/>
    <tag k="destination" v="Kamias;East Avenue"/>
    <tag k="hgv" v="no"/>
    <tag k="highway" v="primary"/>
    <tag k="int_ref" v="AH26"/>
    <tag k="lanes" v="3"/>
    <tag k="lit" v="yes"/>
    <tag k="maxspeed" v="60"/>
    <tag k="maxspeed:bus" v="50"/>
    <tag k="maxspeed:hgv" v="50"/>
    <tag k="name" v="EDSA"/>
    <tag k="name:es" v="Avenida Epifanio de los Santos"/>
    <tag k="name:fil" v="Abenida Epifanio de los Santos"/>
    <tag k="name:tl" v="Abenida Epifanio de los Santos"/>
    <tag k="official_name" v="Epifanio de los Santos Avenue"/>
    <tag k="oneway" v="yes"/>
    <tag k="sidewalk" v="separate"/>
    <tag k="source:maxspeed" v="sign"/>
    <tag k="surface" v="concrete"/>
  </way>
  <way id="838283185">
    <nd ref="88798869"/>
    <nd ref="1740120869"/>
    <tag k="cycleway:right" v="lane"/>
    <tag k="foot" v="use_sidepath"/>
    <tag k="hgv" v="no"/>
    <tag k="highway" v="trunk_link"/>
    <tag k="int_ref" v="AH26"/>
    <tag k="int_ref:colour" v="blue"/>
    <tag k="lanes" v="2"/>
    <tag k="lit" v="yes"/>
    <tag k="maxspeed" v="60"/>
    <tag k="maxspeed:bus" v="50"/>
    <tag k="maxspeed:hgv" v="50"/>
    <tag k="name" v="EDSA"/>
    <tag k="name:es" v="Avenida Epifanio de los Santos"/>
    <tag k="name:fil" v="Abenida Epifanio de los Santos"/>
    <tag k="name:tl" v="Abenida Epifanio de los Santos"/>
    <tag k="official_name" v="Epifanio de los Santos Avenue"/>
    <tag k="oneway" v="yes"/>
    <tag k="ref" v="1"/>
    <tag k="source:maxspeed" v="sign"/>
  </way>
  <way id="840378998">
    <nd ref="12067308"/>
    <nd ref="243951194"/>
    <nd ref="833184550"/>
    <tag k="cycleway:right" v="lane"/>
    <tag k="fine:parking:lane:both" v="5,000 PHP"/>
    <tag k="foot" v="use_sidepath"/>
    <tag k="highway" v="trunk"/>
    <tag k="int_ref" v="AH26"/>
    <tag k="int_ref:colour" v="blue"/>
    <tag k="lanes" v="5"/>
    <tag k="lit" v="yes"/>
    <tag k="maxspeed" v="60"/>
    <tag k="maxspeed:bus" v="50"/>
    <tag k="maxspeed:hgv" v="50"/>
    <tag k="name" v="EDSA"/>
    <tag k="name:es" v="Avenida Epifanio de los Santos"/>
    <tag k="name:fil" v="Abenida Epifanio de los Santos"/>
    <tag k="name:tl" v="Abenida Epifanio de los Santos"/>
    <tag k="oneway" v="yes"/>
    <tag k="parking:lane:both" v="no_stopping"/>
    <tag k="ref" v="1"/>
    <tag k="sidewalk" v="separate"/>
    <tag k="source:maxspeed" v="sign"/>
    <tag k="surface" v="concrete"/>
  </way>
  <way id="840378999">
    <nd ref="24080055"/>
    <nd ref="243951193"/>
    <nd ref="6510098425"/>
    <tag k="bicycle" v="use_sidepath"/>
    <tag k="fine:parking:lane:both" v="5,000 PHP"/>
    <tag k="foot" v="yes"/>
    <tag k="highway" v="trunk"/>
    <tag k="int_ref" v="AH26"/>
    <tag k="int_ref:colour" v="blue"/>
    <tag k="lanes" v="5"/>
    <tag k="lit" v="yes"/>
    <tag k="maxspeed" v="60"/>
    <tag k="maxspeed:bus" v="50"/>
    <tag k="maxspeed:hgv" v="50"/>
    <tag k="name" v="EDSA"/>
    <tag k="name:es" v="Avenida Epifanio de los Santos"/>
    <tag k="name:fil" v="Abenida Epifanio de los Santos"/>
    <tag k="name:tl" v="Abenida Epifanio de los Santos"/>
    <tag k="oneway" v="yes"/>
    <tag k="parking:lane:both" v="no_stopping"/>
    <tag k="ref" v="1"/>
    <tag k="sidewalk" v="separate"/>
    <tag k="source:maxspeed" v="sign"/>
    <tag k="surface" v="concrete"/>
  </way>
  <way id="841909244">
    <nd ref="3309043464"/>
    <nd ref="600218409"/>
    <tag k="cycleway:right" v="lane"/>
    <tag k="foot" v="yes"/>
    <tag k="highway" v="trunk"/>
    <tag k="int_ref" v="AH26"/>
    <tag k="int_ref:colour" v="blue"/>
    <tag k="lanes" v="4"/>
    <tag k="lit" v="yes"/>
    <tag k="maxspeed" v="60"/>
    <tag k="maxspeed:bus" v="50"/>
    <tag k="maxspeed:hgv" v="50"/>
    <tag k="name" v="EDSA"/>
    <tag k="name:es" v="Avenida Epifanio de los Santos"/>
    <tag k="name:fil" v="Abenida Epifanio de los Santos"/>
    <tag k="name:tl" v="Abenida Epifanio de los Santos"/>
    <tag k="official_name" v="Epifanio de los Santos Avenue"/>
    <tag k="oneway" v="yes"/>
    <tag k="ref" v="1"/>
    <tag k="sidewalk" v="separate"/>
    <tag k="source:maxspeed" v="sign"/>
    <tag k="surface" v="asphalt"/>
    <tag k="width" v="19.2"/>
  </way>
  <way id="846602446">
    <nd ref="7899078632"/>
    <nd ref="12097311111"/>
    <nd ref="5286055354"/>
    <tag k="bus_bay" v="right"/>
    <tag k="cycleway:right" v="lane"/>
    <tag k="designation" v="national_primary_road"/>
    <tag k="hgv" v="no"/>
    <tag k="highway" v="primary"/>
    <tag k="int_ref" v="AH26"/>
    <tag k="int_ref:colour" v="blue"/>
    <tag k="lanes" v="1"/>
    <tag k="lit" v="yes"/>
    <tag k="maxspeed" v="60"/>
    <tag k="maxspeed:bus" v="50"/>
    <tag k="maxspeed:hgv" v="50"/>
    <tag k="name" v="EDSA"/>
    <tag k="name:es" v="Avenida Epifanio de los Santos"/>
    <tag k="name:fil" v="Abenida Epifanio de los Santos"/>
    <tag k="name:tl" v="Abenida Epifanio de los Santos"/>
    <tag k="official_name" v="Epifanio de los Santos Avenue"/>
    <tag k="oneway" v="yes"/>
    <tag k="ref" v="1"/>
    <tag k="sidewalk" v="separate"/>
    <tag k="source:maxspeed" v="sign"/>
    <tag k="surface" v="concrete"/>
  </way>
  <way id="846602447">
    <nd ref="5389609766"/>
    <nd ref="7899078633"/>
    <nd ref="7899078634"/>
    <tag k="bus_bay" v="right"/>
    <tag k="cycleway:right" v="lane"/>
    <tag k="foot" v="yes"/>
    <tag k="hgv" v="no"/>
    <tag k="highway" v="trunk"/>
    <tag k="int_ref" v="AH26"/>
    <tag k="int_ref:colour" v="blue"/>
    <tag k="lanes" v="4"/>
    <tag k="lit" v="yes"/>
    <tag k="maxspeed" v="60"/>
    <tag k="maxspeed:bus" v="50"/>
    <tag k="maxspeed:hgv" v="50"/>
    <tag k="name" v="EDSA"/>
    <tag k="name:es" v="Avenida Epifanio de los Santos"/>
    <tag k="name:fil" v="Abenida Epifanio de los Santos"/>
    <tag k="name:tl" v="Abenida Epifanio de los Santos"/>
    <tag k="official_name" v="Epifanio de los Santos Avenue"/>
    <tag k="oneway" v="yes"/>
    <tag k="ref" v="1"/>
    <tag k="sidewalk:right" v="separate"/>
    <tag k="source:maxspeed" v="sign"/>
    <tag k="surface" v="concrete"/>
  </way>
  <way id="846602448">
    <nd ref="681146586"/>
    <nd ref="13112353462"/>
    <nd ref="5389609766"/>
    <tag k="cycleway:right" v="lane"/>
    <tag k="foot" v="yes"/>
    <tag k="hgv" v="no"/>
    <tag k="highway" v="trunk"/>
    <tag k="int_ref" v="AH26"/>
    <tag k="int_ref:colour" v="blue"/>
    <tag k="lanes" v="3"/>
    <tag k="lit" v="yes"/>
    <tag k="maxspeed" v="60"/>
    <tag k="maxspeed:bus" v="50"/>
    <tag k="maxspeed:hgv" v="50"/>
    <tag k="name" v="EDSA"/>
    <tag k="name:es" v="Avenida Epifanio de los Santos"/>
    <tag k="name:fil" v="Abenida Epifanio de los Santos"/>
    <tag k="name:tl" v="Abenida Epifanio de los Santos"/>
    <tag k="official_name" v="Epifanio de los Santos Avenue"/>
    <tag k="oneway" v="yes"/>
    <tag k="ref" v="1"/>
    <tag k="sidewalk" v="separate"/>
    <tag k="source:maxspeed" v="sign"/>
    <tag k="surface" v="concrete"/>
  </way>
  <way id="853576399">
    <nd ref="4879643695"/>
    <nd ref="11575617489"/>
    <nd ref="11575617490"/>
    <nd ref="8742657361"/>
    <nd ref="566895359"/>
    <tag k="cycleway:right" v="lane"/>
    <tag k="foot" v="yes"/>
    <tag k="highway" v="trunk"/>
    <tag k="int_ref" v="AH26"/>
    <tag k="int_ref:colour" v="blue"/>
    <tag k="lane_markings" v="yes"/>
    <tag k="lanes" v="4"/>
    <tag k="lit" v="yes"/>
    <tag k="maxspeed" v="60"/>
    <tag k="maxspeed:bus" v="50"/>
    <tag k="maxspeed:hgv" v="50"/>
    <tag k="name" v="EDSA"/>
    <tag k="name:es" v="Avenida Epifanio de los Santos"/>
    <tag k="name:fil" v="Abenida Epifanio de los Santos"/>
    <tag k="name:tl" v="Abenida Epifanio de los Santos"/>
    <tag k="official_name" v="Epifanio de los Santos Avenue"/>
    <tag k="oneway" v="yes"/>
    <tag k="ref" v="1"/>
    <tag k="sidewalk" v="separate"/>
    <tag k="source:maxspeed" v="sign"/>
    <tag k="surface" v="asphalt"/>
    <tag k="width" v="19.2"/>
  </way>
  <way id="854079620">
    <nd ref="339399837"/>
    <nd ref="248838703"/>
    <tag k="change:lanes" v="no|no|no|no|no"/>
    <tag k="hgv" v="no"/>
    <tag k="highway" v="secondary"/>
    <tag k="lanes" v="5"/>
    <tag k="lit" v="yes"/>
    <tag k="maxspeed" v="60"/>
    <tag k="maxspeed:bus" v="50"/>
    <tag k="maxspeed:hgv" v="50"/>
    <tag k="name" v="EDSA Extension"/>
    <tag k="name:es" v="Avenida Extensión Epifanio de los Santos"/>
    <tag k="name:fil" v="Karugtong ng Abenida Epifanio de los Santos"/>
    <tag k="name:tl" v="Karugtong ng Abenida Epifanio de los Santos"/>
    <tag k="oneway" v="yes"/>
    <tag k="surface" v="asphalt"/>
    <tag k="turn:lanes" v="||||right"/>
  </way>
  <way id="854079621">
    <nd ref="9989152446"/>
    <nd ref="8240125007"/>
    <nd ref="8240981216"/>
    <nd ref="8241078217"/>
    <nd ref="11235215063"/>
    <tag k="hgv" v="no"/>
    <tag k="highway" v="secondary"/>
    <tag k="lanes" v="6"/>
    <tag k="lit" v="yes"/>
    <tag k="maxspeed" v="60"/>
    <tag k="maxspeed:bus" v="50"/>
    <tag k="maxspeed:hgv" v="50"/>
    <tag k="name" v="EDSA Extension"/>
    <tag k="name:es" v="Avenida Extensión Epifanio de los Santos"/>
    <tag k="name:fil" v="Karugtong ng Abenida Epifanio de los Santos"/>
    <tag k="name:tl" v="Karugtong ng Abenida Epifanio de los Santos"/>
    <tag k="oneway" v="yes"/>
    <tag k="surface" v="asphalt"/>
  </way>
  <way id="854079622">
    <nd ref="1705520753"/>
    <nd ref="6773467733"/>
    <nd ref="24915141"/>
    <tag k="bicycle" v="use_sidepath"/>
    <tag k="change:lanes" v="no|no|no|no|no|no"/>
    <tag k="fine:parking:lane:both" v="5,000 PHP"/>
    <tag k="hgv" v="no"/>
    <tag k="highway" v="secondary"/>
    <tag k="lanes" v="6"/>
    <tag k="lit" v="yes"/>
    <tag k="maxspeed" v="60"/>
    <tag k="maxspeed:bus" v="50"/>
    <tag k="maxspeed:hgv" v="50"/>
    <tag k="name" v="EDSA Extension"/>
    <tag k="name:es" v="Avenida Extensión Epifanio de los Santos"/>
    <tag k="name:fil" v="Karugtong ng Abenida Epifanio de los Santos"/>
    <tag k="name:tl" v="Karugtong ng Abenida Epifanio de los Santos"/>
    <tag k="oneway" v="yes"/>
    <tag k="parking:both" v="no"/>
    <tag k="parking:both:restriction" v="no_stopping"/>
    <tag k="surface" v="asphalt"/>
    <tag k="turn:lanes" v="left|through|through|through|through|right"/>
  </way>
  <way id="854112905">
    <nd ref="7965461283"/>
    <nd ref="9883466514"/>
    <nd ref="312264218"/>
    <tag k="cycleway:right" v="lane"/>
    <tag k="designation" v="national_primary_road"/>
    <tag k="hgv" v="no"/>
    <tag k="highway" v="primary"/>
    <tag k="int_ref" v="AH26"/>
    <tag k="int_ref:colour" v="blue"/>
    <tag k="lanes" v="3"/>
    <tag k="lit" v="yes"/>
    <tag k="maxspeed" v="60"/>
    <tag k="maxspeed:bus" v="50"/>
    <tag k="maxspeed:hgv" v="50"/>
    <tag k="name" v="EDSA"/>
    <tag k="name:es" v="Avenida Epifanio de los Santos"/>
    <tag k="name:fil" v="Abenida Epifanio de los Santos"/>
    <tag k="name:tl" v="Abenida Epifanio de los Santos"/>
    <tag k="official_name" v="Epifanio de los Santos Avenue"/>
    <tag k="oneway" v="yes"/>
    <tag k="ref" v="1"/>
    <tag k="sidewalk" v="separate"/>
    <tag k="source:maxspeed" v="sign"/>
    <tag k="surface" v="concrete"/>
  </way>
  <way id="856644225">
    <nd ref="249226767"/>
    <nd ref="7987103144"/>
    <nd ref="8659202742"/>
    <nd ref="4879643711"/>
    <tag k="cycleway:right" v="lane"/>
    <tag k="foot" v="yes"/>
    <tag k="hgv" v="no"/>
    <tag k="highway" v="trunk"/>
    <tag k="int_ref" v="AH26"/>
    <tag k="int_ref:colour" v="blue"/>
    <tag k="lanes" v="4"/>
    <tag k="lit" v="yes"/>
    <tag k="maxspeed" v="60"/>
    <tag k="maxspeed:bus" v="50"/>
    <tag k="maxspeed:hgv" v="50"/>
    <tag k="name" v="EDSA"/>
    <tag k="name:es" v="Avenida Epifanio de los Santos"/>
    <tag k="name:fil" v="Abenida Epifanio de los Santos"/>
    <tag k="name:tl" v="Abenida Epifanio de los Santos"/>
    <tag k="official_name" v="Epifanio de los Santos Avenue"/>
    <tag k="oneway" v="yes"/>
    <tag k="ref" v="1"/>
    <tag k="sidewalk:right" v="separate"/>
    <tag k="source:maxspeed" v="sign"/>
    <tag k="surface" v="concrete"/>
  </way>
  <way id="856644227">
    <nd ref="5284251078"/>
    <nd ref="7987103145"/>
    <tag k="cycleway:right" v="lane"/>
    <tag k="designation" v="national_primary_road"/>
    <tag k="hgv" v="no"/>
    <tag k="highway" v="primary"/>
    <tag k="int_ref" v="AH26"/>
    <tag k="int_ref:colour" v="blue"/>
    <tag k="lanes" v="3"/>
    <tag k="lit" v="yes"/>
    <tag k="maxspeed" v="60"/>
    <tag k="maxspeed:bus" v="50"/>
    <tag k="maxspeed:hgv" v="50"/>
    <tag k="name" v="EDSA"/>
    <tag k="name:es" v="Avenida Epifanio de los Santos"/>
    <tag k="name:fil" v="Abenida Epifanio de los Santos"/>
    <tag k="name:tl" v="Abenida Epifanio de los Santos"/>
    <tag k="official_name" v="Epifanio de los Santos Avenue"/>
    <tag k="oneway" v="yes"/>
    <tag k="ref" v="1"/>
    <tag k="sidewalk" v="separate"/>
    <tag k="source:maxspeed" v="sign"/>
    <tag k="surface" v="concrete"/>
  </way>
  <way id="856644228">
    <nd ref="286083464"/>
    <nd ref="5284251079"/>
    <tag k="cycleway:right" v="lane"/>
    <tag k="hgv" v="no"/>
    <tag k="highway" v="primary"/>
    <tag k="int_ref" v="AH26"/>
    <tag k="int_ref:colour" v="blue"/>
    <tag k="lanes" v="2"/>
    <tag k="lit" v="yes"/>
    <tag k="maxspeed" v="60"/>
    <tag k="maxspeed:bus" v="50"/>
    <tag k="maxspeed:hgv" v="50"/>
    <tag k="name" v="EDSA"/>
    <tag k="name:es" v="Avenida Epifanio de los Santos"/>
    <tag k="name:fil" v="Abenida Epifanio de los Santos"/>
    <tag k="name:tl" v="Abenida Epifanio de los Santos"/>
    <tag k="official_name" v="Epifanio de los Santos Avenue"/>
    <tag k="oneway" v="yes"/>
    <tag k="ref" v="1"/>
    <tag k="sidewalk" v="right"/>
    <tag k="source:maxspeed" v="sign"/>
    <tag k="surface" v="concrete"/>
  </way>
  <way id="861229230">
    <nd ref="7474757281"/>
    <nd ref="6503105518"/>
    <tag k="access:lanes" v="no|"/>
    <tag k="covered" v="yes"/>
    <tag k="designation" v="national_primary_road"/>
    <tag k="destination:symbol" v="airport"/>
    <tag k="foot" v="use_sidepath"/>
    <tag k="hgv" v="no"/>
    <tag k="highway" v="trunk"/>
    <tag k="int_ref" v="AH26"/>
    <tag k="int_ref:colour" v="blue"/>
    <tag k="lanes" v="2"/>
    <tag k="lit" v="yes"/>
    <tag k="maxheight:signed" v="no"/>
    <tag k="maxspeed" v="60"/>
    <tag k="maxspeed:bus" v="50"/>
    <tag k="maxspeed:hgv" v="50"/>
    <tag k="name" v="EDSA"/>
    <tag k="name:es" v="Avenida Epifanio de los Santos"/>
    <tag k="name:fil" v="Abenida Epifanio de los Santos"/>
    <tag k="name:tl" v="Abenida Epifanio de los Santos"/>
    <tag k="official_name" v="Epifanio de los Santos Avenue"/>
    <tag k="oneway" v="yes"/>
    <tag k="ref" v="1"/>
    <tag k="source:maxspeed" v="sign"/>
    <tag k="surface" v="asphalt"/>
    <tag k="tunnel" v="building_passage"/>
  </way>
  <way id="871767444">
    <nd ref="8119843849"/>
    <nd ref="8679239218"/>
    <nd ref="5374518340"/>
    <nd ref="8627217834"/>
    <nd ref="250544755"/>
    <nd ref="9275731303"/>
    <nd ref="9275731297"/>
    <nd ref="9275731292"/>
    <nd ref="1293071645"/>
    <tag k="cycleway:lane" v="advisory"/>
    <tag k="cycleway:right" v="lane"/>
    <tag k="foot" v="yes"/>
    <tag k="highway" v="trunk"/>
    <tag k="int_ref" v="AH26"/>
    <tag k="int_ref:colour" v="blue"/>
    <tag k="lane_markings" v="yes"/>
    <tag k="lanes" v="4"/>
    <tag k="lit" v="yes"/>
    <tag k="maxspeed" v="60"/>
    <tag k="maxspeed:bus" v="50"/>
    <tag k="maxspeed:hgv" v="50"/>
    <tag k="name" v="EDSA"/>
    <tag k="name:es" v="Avenida Epifanio de los Santos"/>
    <tag k="name:fil" v="Abenida Epifanio de los Santos"/>
    <tag k="name:tl" v="Abenida Epifanio de los Santos"/>
    <tag k="official_name" v="Epifanio de los Santos Avenue"/>
    <tag k="oneway" v="yes"/>
    <tag k="oneway:bicycle" v="yes"/>
    <tag k="ref" v="1"/>
    <tag k="sidewalk:right" v="separate"/>
    <tag k="source:maxspeed" v="sign"/>
    <tag k="surface" v="paved"/>
    <tag k="width" v="19.2"/>
  </way>
  <way id="871767445">
    <nd ref="8119843850"/>
    <nd ref="8870838809"/>
    <nd ref="8119843849"/>
    <tag k="bridge" v="yes"/>
    <tag k="cycleway:lane" v="advisory"/>
    <tag k="cycleway:right" v="lane"/>
    <tag k="foot" v="yes"/>
    <tag k="highway" v="trunk"/>
    <tag k="int_ref" v="AH26"/>
    <tag k="int_ref:colour" v="blue"/>
    <tag k="lane_markings" v="yes"/>
    <tag k="lanes" v="4"/>
    <tag k="layer" v="1"/>
    <tag k="lit" v="yes"/>
    <tag k="maxspeed" v="60"/>
    <tag k="maxspeed:bus" v="50"/>
    <tag k="maxspeed:hgv" v="50"/>
    <tag k="name" v="EDSA"/>
    <tag k="name:es" v="Avenida Epifanio de los Santos"/>
    <tag k="name:fil" v="Abenida Epifanio de los Santos"/>
    <tag k="name:tl" v="Abenida Epifanio de los Santos"/>
    <tag k="official_name" v="Epifanio de los Santos Avenue"/>
    <tag k="oneway" v="yes"/>
    <tag k="oneway:bicycle" v="yes"/>
    <tag k="ref" v="1"/>
    <tag k="sidewalk:right" v="separate"/>
    <tag k="source:maxspeed" v="sign"/>
    <tag k="surface" v="asphalt"/>
    <tag k="width" v="19.2"/>
  </way>
  <way id="876010910">
    <nd ref="8083108227"/>
    <nd ref="5414159589"/>
    <tag k="covered" v="yes"/>
    <tag k="cycleway:right" v="lane"/>
    <tag k="foot" v="yes"/>
    <tag k="hgv" v="no"/>
    <tag k="highway" v="trunk"/>
    <tag k="int_ref" v="AH26"/>
    <tag k="int_ref:colour" v="blue"/>
    <tag k="lanes" v="4"/>
    <tag k="lit" v="yes"/>
    <tag k="maxspeed" v="60"/>
    <tag k="maxspeed:bus" v="50"/>
    <tag k="maxspeed:hgv" v="50"/>
    <tag k="name" v="EDSA"/>
    <tag k="name:es" v="Avenida Epifanio de los Santos"/>
    <tag k="name:fil" v="Abenida Epifanio de los Santos"/>
    <tag k="name:tl" v="Abenida Epifanio de los Santos"/>
    <tag k="official_name" v="Epifanio de los Santos Avenue"/>
    <tag k="oneway" v="yes"/>
    <tag k="ref" v="1"/>
    <tag k="sidewalk" v="separate"/>
    <tag k="source:maxspeed" v="sign"/>
    <tag k="surface" v="asphalt"/>
    <tag k="width" v="19.2"/>
  </way>
  <way id="876010912">
    <nd ref="5556186529"/>
    <nd ref="1307423504"/>
    <tag k="covered" v="yes"/>
    <tag k="cycleway:right" v="lane"/>
    <tag k="foot" v="yes"/>
    <tag k="hgv" v="no"/>
    <tag k="highway" v="trunk"/>
    <tag k="int_ref" v="AH26"/>
    <tag k="int_ref:colour" v="blue"/>
    <tag k="lanes" v="4"/>
    <tag k="lit" v="yes"/>
    <tag k="maxspeed" v="60"/>
    <tag k="maxspeed:bus" v="50"/>
    <tag k="maxspeed:hgv" v="50"/>
    <tag k="name" v="EDSA"/>
    <tag k="name:es" v="Avenida Epifanio de los Santos"/>
    <tag k="name:fil" v="Abenida Epifanio de los Santos"/>
    <tag k="name:tl" v="Abenida Epifanio de los Santos"/>
    <tag k="official_name" v="Epifanio de los Santos Avenue"/>
    <tag k="oneway" v="yes"/>
    <tag k="ref" v="1"/>
    <tag k="sidewalk" v="separate"/>
    <tag k="source:maxspeed" v="sign"/>
    <tag k="surface" v="asphalt"/>
    <tag k="width" v="19.2"/>
  </way>
  <way id="879948198">
    <nd ref="1440033389"/>
    <nd ref="612236899"/>
    <nd ref="7079099107"/>
    <tag k="cycleway:right" v="lane"/>
    <tag k="foot" v="yes"/>
    <tag k="highway" v="trunk"/>
    <tag k="int_ref" v="AH26"/>
    <tag k="int_ref:colour" v="blue"/>
    <tag k="lanes" v="2"/>
    <tag k="lit" v="yes"/>
    <tag k="maxspeed" v="60"/>
    <tag k="maxspeed:bus" v="50"/>
    <tag k="maxspeed:hgv" v="50"/>
    <tag k="name" v="EDSA"/>
    <tag k="name:abbr" v="EDSA"/>
    <tag k="name:es" v="Avenida Epifanio de los Santos"/>
    <tag k="name:fil" v="Abenida Epifanio de los Santos"/>
    <tag k="name:tl" v="Abenida Epifanio de los Santos"/>
    <tag k="note" v="value of ref &quot;1;AH26&quot; is just experimental upto April 2015 pending observation of effects on mobile Apps rendering (so far ok with mapnik)"/>
    <tag k="official_name" v="Epifanio de los Santos Avenue"/>
    <tag k="oneway" v="yes"/>
    <tag k="ref" v="1"/>
    <tag k="source:maxspeed" v="sign"/>
    <tag k="surface" v="concrete"/>
    <tag k="width" v="19.2"/>
  </way>
  <way id="880088304">
    <nd ref="8186539211"/>
    <nd ref="5358242502"/>
    <tag k="bridge" v="yes"/>
    <tag k="designation" v="national_primary_road"/>
    <tag k="hgv" v="no"/>
    <tag k="highway" v="trunk"/>
    <tag k="int_ref" v="AH26"/>
    <tag k="lanes" v="2"/>
    <tag k="layer" v="2"/>
    <tag k="maxspeed" v="60"/>
    <tag k="maxspeed:bus" v="50"/>
    <tag k="maxspeed:hgv" v="50"/>
    <tag k="name" v="EDSA"/>
    <tag k="name:es" v="Avenida Epifanio de los Santos"/>
    <tag k="name:fil" v="Abenida Epifanio de los Santos"/>
    <tag k="name:tl" v="Abenida Epifanio de los Santos"/>
    <tag k="official_name" v="Epifanio de los Santos Avenue"/>
    <tag k="oneway" v="yes"/>
    <tag k="ref" v="1"/>
    <tag k="source:maxspeed" v="sign"/>
    <tag k="surface" v="asphalt"/>
  </way>
  <way id="880088305">
    <nd ref="8186539212"/>
    <nd ref="8186539211"/>
    <tag k="covered" v="yes"/>
    <tag k="designation" v="national_primary_road"/>
    <tag k="hgv" v="no"/>
    <tag k="highway" v="trunk"/>
    <tag k="int_ref" v="AH26"/>
    <tag k="lanes" v="2"/>
    <tag k="maxspeed" v="60"/>
    <tag k="maxspeed:bus" v="50"/>
    <tag k="maxspeed:hgv" v="50"/>
    <tag k="name" v="EDSA"/>
    <tag k="name:es" v="Avenida Epifanio de los Santos"/>
    <tag k="name:fil" v="Abenida Epifanio de los Santos"/>
    <tag k="name:tl" v="Abenida Epifanio de los Santos"/>
    <tag k="official_name" v="Epifanio de los Santos Avenue"/>
    <tag k="oneway" v="yes"/>
    <tag k="ref" v="1"/>
    <tag k="source:maxspeed" v="sign"/>
    <tag k="surface" v="asphalt"/>
  </way>
  <way id="880088306">
    <nd ref="8186539206"/>
    <nd ref="8186539205"/>
    <tag k="covered" v="yes"/>
    <tag k="cycleway:right" v="lane"/>
    <tag k="hgv" v="no"/>
    <tag k="highway" v="primary"/>
    <tag k="int_ref" v="AH26"/>
    <tag k="int_ref:colour" v="blue"/>
    <tag k="lanes" v="2"/>
    <tag k="lit" v="yes"/>
    <tag k="maxspeed" v="60"/>
    <tag k="maxspeed:bus" v="50"/>
    <tag k="maxspeed:hgv" v="50"/>
    <tag k="name" v="EDSA"/>
    <tag k="name:es" v="Avenida Epifanio de los Santos"/>
    <tag k="name:fil" v="Abenida Epifanio de los Santos"/>
    <tag k="name:tl" v="Abenida Epifanio de los Santos"/>
    <tag k="official_name" v="Epifanio de los Santos Avenue"/>
    <tag k="oneway" v="yes"/>
    <tag k="ref" v="1"/>
    <tag k="sidewalk" v="separate"/>
    <tag k="source:maxspeed" v="sign"/>
    <tag k="surface" v="concrete"/>
  </way>
  <way id="880088307">
    <nd ref="5282138764"/>
    <nd ref="286083465"/>
    <nd ref="8186539206"/>
    <tag k="cycleway:right" v="lane"/>
    <tag k="hgv" v="no"/>
    <tag k="highway" v="primary"/>
    <tag k="int_ref" v="AH26"/>
    <tag k="int_ref:colour" v="blue"/>
    <tag k="lanes" v="2"/>
    <tag k="lit" v="yes"/>
    <tag k="maxspeed" v="60"/>
    <tag k="maxspeed:bus" v="50"/>
    <tag k="maxspeed:hgv" v="50"/>
    <tag k="name" v="EDSA"/>
    <tag k="name:es" v="Avenida Epifanio de los Santos"/>
    <tag k="name:fil" v="Abenida Epifanio de los Santos"/>
    <tag k="name:tl" v="Abenida Epifanio de los Santos"/>
    <tag k="official_name" v="Epifanio de los Santos Avenue"/>
    <tag k="oneway" v="yes"/>
    <tag k="ref" v="1"/>
    <tag k="sidewalk" v="separate"/>
    <tag k="source:maxspeed" v="sign"/>
    <tag k="surface" v="concrete"/>
  </way>
  <way id="880088308">
    <nd ref="8186539209"/>
    <nd ref="7965461283"/>
    <tag k="cycleway:right" v="lane"/>
    <tag k="designation" v="national_primary_road"/>
    <tag k="hgv" v="no"/>
    <tag k="highway" v="primary"/>
    <tag k="int_ref" v="AH26"/>
    <tag k="int_ref:colour" v="blue"/>
    <tag k="lanes" v="2"/>
    <tag k="lit" v="yes"/>
    <tag k="maxspeed" v="60"/>
    <tag k="maxspeed:bus" v="50"/>
    <tag k="maxspeed:hgv" v="50"/>
    <tag k="name" v="EDSA"/>
    <tag k="name:es" v="Avenida Epifanio de los Santos"/>
    <tag k="name:fil" v="Abenida Epifanio de los Santos"/>
    <tag k="name:tl" v="Abenida Epifanio de los Santos"/>
    <tag k="official_name" v="Epifanio de los Santos Avenue"/>
    <tag k="oneway" v="yes"/>
    <tag k="ref" v="1"/>
    <tag k="sidewalk" v="separate"/>
    <tag k="source:maxspeed" v="sign"/>
    <tag k="surface" v="concrete"/>
  </way>
  <way id="880088309">
    <nd ref="8186539210"/>
    <nd ref="8186539209"/>
    <tag k="covered" v="yes"/>
    <tag k="cycleway:right" v="lane"/>
    <tag k="designation" v="national_primary_road"/>
    <tag k="hgv" v="no"/>
    <tag k="highway" v="primary"/>
    <tag k="int_ref" v="AH26"/>
    <tag k="int_ref:colour" v="blue"/>
    <tag k="lanes" v="2"/>
    <tag k="lit" v="yes"/>
    <tag k="maxspeed" v="60"/>
    <tag k="maxspeed:bus" v="50"/>
    <tag k="maxspeed:hgv" v="50"/>
    <tag k="name" v="EDSA"/>
    <tag k="name:es" v="Avenida Epifanio de los Santos"/>
    <tag k="name:fil" v="Abenida Epifanio de los Santos"/>
    <tag k="name:tl" v="Abenida Epifanio de los Santos"/>
    <tag k="official_name" v="Epifanio de los Santos Avenue"/>
    <tag k="oneway" v="yes"/>
    <tag k="ref" v="1"/>
    <tag k="sidewalk" v="separate"/>
    <tag k="source:maxspeed" v="sign"/>
    <tag k="surface" v="concrete"/>
  </way>
  <way id="880088310">
    <nd ref="8186539207"/>
    <nd ref="258777207"/>
    <tag k="bridge" v="viaduct"/>
    <tag k="foot" v="no"/>
    <tag k="hgv" v="no"/>
    <tag k="highway" v="trunk"/>
    <tag k="int_ref" v="AH26"/>
    <tag k="int_ref:colour" v="blue"/>
    <tag k="lanes" v="2"/>
    <tag k="layer" v="2"/>
    <tag k="lit" v="yes"/>
    <tag k="maxspeed" v="60"/>
    <tag k="maxspeed:bus" v="50"/>
    <tag k="maxspeed:hgv" v="50"/>
    <tag k="name" v="EDSA"/>
    <tag k="name:es" v="Avenida Epifanio de los Santos"/>
    <tag k="name:fil" v="Abenida Epifanio de los Santos"/>
    <tag k="name:tl" v="Abenida Epifanio de los Santos"/>
    <tag k="official_name" v="Epifanio de los Santos Avenue"/>
    <tag k="oneway" v="yes"/>
    <tag k="ref" v="1"/>
    <tag k="source:maxspeed" v="sign"/>
    <tag k="surface" v="asphalt"/>
  </way>
  <way id="880088335">
    <nd ref="258776877"/>
    <nd ref="594000411"/>
    <nd ref="5412399404"/>
    <nd ref="594000412"/>
    <tag k="designation" v="national_primary_road"/>
    <tag k="destination" v="Bonny Serrano"/>
    <tag k="foot" v="yes"/>
    <tag k="highway" v="secondary"/>
    <tag k="int_ref" v="AH26"/>
    <tag k="lanes" v="2"/>
    <tag k="lit" v="yes"/>
    <tag k="maxspeed" v="60"/>
    <tag k="maxspeed:bus" v="50"/>
    <tag k="maxspeed:hgv" v="50"/>
    <tag k="name" v="EDSA"/>
    <tag k="name:es" v="Avenida Epifanio de los Santos"/>
    <tag k="name:fil" v="Abenida Epifanio de los Santos"/>
    <tag k="name:tl" v="Abenida Epifanio de los Santos"/>
    <tag k="official_name" v="Epifanio de los Santos Avenue"/>
    <tag k="oneway" v="yes"/>
    <tag k="ref" v="1"/>
    <tag k="source:maxspeed" v="sign"/>
    <tag k="surface" v="concrete"/>
  </way>
  <way id="880129461">
    <nd ref="5288982109"/>
    <nd ref="92293957"/>
    <tag k="bicycle" v="no"/>
    <tag k="foot" v="no"/>
    <tag k="hgv" v="no"/>
    <tag k="highway" v="trunk"/>
    <tag k="int_ref" v="AH26"/>
    <tag k="int_ref:colour" v="blue"/>
    <tag k="lanes" v="2"/>
    <tag k="lit" v="yes"/>
    <tag k="maxspeed" v="60"/>
    <tag k="maxspeed:bus" v="50"/>
    <tag k="maxspeed:hgv" v="50"/>
    <tag k="name" v="EDSA"/>
    <tag k="name:es" v="Avenida Epifanio de los Santos"/>
    <tag k="name:fil" v="Abenida Epifanio de los Santos"/>
    <tag k="name:tl" v="Abenida Epifanio de los Santos"/>
    <tag k="note" v="value of ref &quot;1;AH26&quot; is just experimental upto April 2015 pending observation of effects on mobile Apps rendering (so far ok with mapnik)"/>
    <tag k="official_name" v="Epifanio de los Santos Avenue"/>
    <tag k="oneway" v="yes"/>
    <tag k="ref" v="1"/>
    <tag k="source:maxspeed" v="sign"/>
    <tag k="surface" v="concrete"/>
  </way>
  <way id="880140119">
    <nd ref="523941898"/>
    <nd ref="673239199"/>
    <tag k="cycleway:right" v="lane"/>
    <tag k="foot" v="yes"/>
    <tag k="hgv" v="no"/>
    <tag k="highway" v="trunk"/>
    <tag k="int_ref" v="AH26"/>
    <tag k="int_ref:colour" v="blue"/>
    <tag k="lanes" v="4"/>
    <tag k="lit" v="yes"/>
    <tag k="maxspeed" v="60"/>
    <tag k="maxspeed:bus" v="50"/>
    <tag k="maxspeed:hgv" v="50"/>
    <tag k="name" v="EDSA"/>
    <tag k="name:es" v="Avenida Epifanio de los Santos"/>
    <tag k="name:fil" v="Abenida Epifanio de los Santos"/>
    <tag k="name:tl" v="Abenida Epifanio de los Santos"/>
    <tag k="official_name" v="Epifanio de los Santos Avenue"/>
    <tag k="oneway" v="yes"/>
    <tag k="ref" v="1"/>
    <tag k="source:maxspeed" v="sign"/>
    <tag k="surface" v="concrete"/>
  </way>
  <way id="880140120">
    <nd ref="6539050569"/>
    <nd ref="8346270385"/>
    <nd ref="523941898"/>
    <tag k="cycleway:right" v="lane"/>
    <tag k="foot" v="yes"/>
    <tag k="hgv" v="no"/>
    <tag k="highway" v="trunk"/>
    <tag k="int_ref" v="AH26"/>
    <tag k="int_ref:colour" v="blue"/>
    <tag k="lanes" v="4"/>
    <tag k="lit" v="yes"/>
    <tag k="maxspeed" v="60"/>
    <tag k="maxspeed:bus" v="50"/>
    <tag k="maxspeed:hgv" v="50"/>
    <tag k="name" v="EDSA"/>
    <tag k="name:es" v="Avenida Epifanio de los Santos"/>
    <tag k="name:fil" v="Abenida Epifanio de los Santos"/>
    <tag k="name:tl" v="Abenida Epifanio de los Santos"/>
    <tag k="official_name" v="Epifanio de los Santos Avenue"/>
    <tag k="oneway" v="yes"/>
    <tag k="ref" v="1"/>
    <tag k="source:maxspeed" v="sign"/>
    <tag k="surface" v="concrete"/>
  </way>
  <way id="880140123">
    <nd ref="673239199"/>
    <nd ref="556538494"/>
    <tag k="cycleway:right" v="lane"/>
    <tag k="foot" v="yes"/>
    <tag k="hgv" v="no"/>
    <tag k="highway" v="trunk"/>
    <tag k="int_ref" v="AH26"/>
    <tag k="int_ref:colour" v="blue"/>
    <tag k="lanes" v="4"/>
    <tag k="lit" v="yes"/>
    <tag k="maxspeed" v="60"/>
    <tag k="maxspeed:bus" v="50"/>
    <tag k="maxspeed:hgv" v="50"/>
    <tag k="name" v="EDSA"/>
    <tag k="name:es" v="Avenida Epifanio de los Santos"/>
    <tag k="name:fil" v="Abenida Epifanio de los Santos"/>
    <tag k="name:tl" v="Abenida Epifanio de los Santos"/>
    <tag k="official_name" v="Epifanio de los Santos Avenue"/>
    <tag k="oneway" v="yes"/>
    <tag k="ref" v="1"/>
    <tag k="source:maxspeed" v="sign"/>
    <tag k="surface" v="concrete"/>
  </way>
  <way id="880140124">
    <nd ref="962953430"/>
    <nd ref="962956570"/>
    <nd ref="962956576"/>
    <nd ref="962956582"/>
    <nd ref="962956590"/>
    <nd ref="11687275583"/>
    <nd ref="1075204931"/>
    <nd ref="6539050569"/>
    <tag k="cycleway:right" v="lane"/>
    <tag k="foot" v="yes"/>
    <tag k="hgv" v="no"/>
    <tag k="highway" v="trunk"/>
    <tag k="int_ref" v="AH26"/>
    <tag k="int_ref:colour" v="blue"/>
    <tag k="lanes" v="4"/>
    <tag k="lit" v="yes"/>
    <tag k="maxspeed" v="60"/>
    <tag k="maxspeed:bus" v="50"/>
    <tag k="maxspeed:hgv" v="50"/>
    <tag k="name" v="EDSA"/>
    <tag k="name:es" v="Avenida Epifanio de los Santos"/>
    <tag k="name:fil" v="Abenida Epifanio de los Santos"/>
    <tag k="name:tl" v="Abenida Epifanio de los Santos"/>
    <tag k="official_name" v="Epifanio de los Santos Avenue"/>
    <tag k="oneway" v="yes"/>
    <tag k="ref" v="1"/>
    <tag k="sidewalk:right" v="separate"/>
    <tag k="source:maxspeed" v="sign"/>
    <tag k="surface" v="concrete"/>
  </way>
  <way id="886408679">
    <nd ref="8242363647"/>
    <nd ref="5414139152"/>
    <tag k="covered" v="yes"/>
    <tag k="cycleway:right" v="lane"/>
    <tag k="foot" v="yes"/>
    <tag k="hgv" v="no"/>
    <tag k="highway" v="trunk"/>
    <tag k="int_ref" v="AH26"/>
    <tag k="int_ref:colour" v="blue"/>
    <tag k="lanes" v="4"/>
    <tag k="lit" v="yes"/>
    <tag k="maxspeed" v="60"/>
    <tag k="maxspeed:bus" v="50"/>
    <tag k="maxspeed:hgv" v="50"/>
    <tag k="name" v="EDSA"/>
    <tag k="name:es" v="Avenida Epifanio de los Santos"/>
    <tag k="name:fil" v="Abenida Epifanio de los Santos"/>
    <tag k="name:tl" v="Abenida Epifanio de los Santos"/>
    <tag k="official_name" v="Epifanio de los Santos Avenue"/>
    <tag k="oneway" v="yes"/>
    <tag k="ref" v="1"/>
    <tag k="source:maxspeed" v="sign"/>
    <tag k="tunnel" v="building_passage"/>
  </way>
  <way id="886408680">
    <nd ref="747628282"/>
    <nd ref="8186879576"/>
    <tag k="covered" v="yes"/>
    <tag k="cycleway:right" v="lane"/>
    <tag k="foot" v="yes"/>
    <tag k="hgv" v="no"/>
    <tag k="highway" v="trunk"/>
    <tag k="int_ref" v="AH26"/>
    <tag k="int_ref:colour" v="blue"/>
    <tag k="lanes" v="4"/>
    <tag k="lit" v="yes"/>
    <tag k="maxspeed" v="60"/>
    <tag k="maxspeed:bus" v="50"/>
    <tag k="maxspeed:hgv" v="50"/>
    <tag k="name" v="EDSA"/>
    <tag k="name:es" v="Avenida Epifanio de los Santos"/>
    <tag k="name:fil" v="Abenida Epifanio de los Santos"/>
    <tag k="name:tl" v="Abenida Epifanio de los Santos"/>
    <tag k="official_name" v="Epifanio de los Santos Avenue"/>
    <tag k="oneway" v="yes"/>
    <tag k="ref" v="1"/>
    <tag k="source:maxspeed" v="sign"/>
    <tag k="tunnel" v="building_passage"/>
  </way>
  <way id="896065004">
    <nd ref="8329456052"/>
    <nd ref="8186539207"/>
    <tag k="covered" v="yes"/>
    <tag k="hgv" v="no"/>
    <tag k="highway" v="trunk"/>
    <tag k="int_ref" v="AH26"/>
    <tag k="int_ref:colour" v="blue"/>
    <tag k="lanes" v="2"/>
    <tag k="lit" v="yes"/>
    <tag k="maxspeed" v="60"/>
    <tag k="maxspeed:bus" v="50"/>
    <tag k="maxspeed:hgv" v="50"/>
    <tag k="name" v="EDSA"/>
    <tag k="name:es" v="Avenida Epifanio de los Santos"/>
    <tag k="name:fil" v="Abenida Epifanio de los Santos"/>
    <tag k="name:tl" v="Abenida Epifanio de los Santos"/>
    <tag k="official_name" v="Epifanio de los Santos Avenue"/>
    <tag k="oneway" v="yes"/>
    <tag k="ref" v="1"/>
    <tag k="source:maxspeed" v="sign"/>
    <tag k="surface" v="asphalt"/>
  </way>
  <way id="902495446">
    <nd ref="8375781324"/>
    <nd ref="8392623559"/>
    <nd ref="5556186529"/>
    <tag k="cycleway:right" v="lane"/>
    <tag k="foot" v="yes"/>
    <tag k="hgv" v="no"/>
    <tag k="highway" v="trunk"/>
    <tag k="int_ref" v="AH26"/>
    <tag k="int_ref:colour" v="blue"/>
    <tag k="lanes" v="4"/>
    <tag k="lit" v="yes"/>
    <tag k="maxspeed" v="60"/>
    <tag k="maxspeed:bus" v="50"/>
    <tag k="maxspeed:hgv" v="50"/>
    <tag k="name" v="EDSA"/>
    <tag k="name:es" v="Avenida Epifanio de los Santos"/>
    <tag k="name:fil" v="Abenida Epifanio de los Santos"/>
    <tag k="name:tl" v="Abenida Epifanio de los Santos"/>
    <tag k="official_name" v="Epifanio de los Santos Avenue"/>
    <tag k="oneway" v="yes"/>
    <tag k="ref" v="1"/>
    <tag k="sidewalk:right" v="separate"/>
    <tag k="source:maxspeed" v="sign"/>
    <tag k="surface" v="asphalt"/>
  </way>
  <way id="902495447">
    <nd ref="288463431"/>
    <nd ref="11935074788"/>
    <nd ref="8382424181"/>
    <tag k="cycleway:right" v="lane"/>
    <tag k="designation" v="national_primary_road"/>
    <tag k="fine:foot" v="2,000 PHP"/>
    <tag k="fine:hgv" v="5,000 PHP"/>
    <tag k="foot" v="no"/>
    <tag k="hgv" v="no"/>
    <tag k="highway" v="primary"/>
    <tag k="int_ref" v="AH26"/>
    <tag k="int_ref:colour" v="blue"/>
    <tag k="lanes" v="2"/>
    <tag k="lit" v="yes"/>
    <tag k="maxspeed" v="40"/>
    <tag k="maxspeed:bus" v="30"/>
    <tag k="name" v="EDSA"/>
    <tag k="name:es" v="Avenida Epifanio de los Santos"/>
    <tag k="name:fil" v="Abenida Epifanio de los Santos"/>
    <tag k="name:tl" v="Abenida Epifanio de los Santos"/>
    <tag k="official_name" v="Epifanio de los Santos Avenue"/>
    <tag k="oneway" v="yes"/>
    <tag k="ref" v="1"/>
    <tag k="sidewalk:right" v="separate"/>
    <tag k="surface" v="concrete"/>
  </way>
  <way id="902495448">
    <nd ref="8382424186"/>
    <nd ref="12378333453"/>
    <tag k="bus_bay" v="right"/>
    <tag k="cycleway:right" v="lane"/>
    <tag k="foot" v="yes"/>
    <tag k="hgv" v="no"/>
    <tag k="highway" v="trunk"/>
    <tag k="int_ref" v="AH26"/>
    <tag k="int_ref:colour" v="blue"/>
    <tag k="lanes" v="4"/>
    <tag k="lit" v="yes"/>
    <tag k="maxspeed" v="60"/>
    <tag k="maxspeed:bus" v="50"/>
    <tag k="maxspeed:hgv" v="50"/>
    <tag k="name" v="EDSA"/>
    <tag k="name:es" v="Avenida Epifanio de los Santos"/>
    <tag k="name:fil" v="Abenida Epifanio de los Santos"/>
    <tag k="name:tl" v="Abenida Epifanio de los Santos"/>
    <tag k="official_name" v="Epifanio de los Santos Avenue"/>
    <tag k="oneway" v="yes"/>
    <tag k="ref" v="1"/>
    <tag k="sidewalk:right" v="separate"/>
    <tag k="source:maxspeed" v="sign"/>
    <tag k="surface" v="asphalt"/>
  </way>
  <way id="902495449">
    <nd ref="8382424184"/>
    <nd ref="8382424183"/>
    <nd ref="13816306439"/>
    <nd ref="8375781324"/>
    <tag k="fine:foot" v="2,000 PHP"/>
    <tag k="foot" v="no"/>
    <tag k="hgv" v="no"/>
    <tag k="highway" v="trunk"/>
    <tag k="int_ref" v="AH26"/>
    <tag k="int_ref:colour" v="blue"/>
    <tag k="lanes" v="2"/>
    <tag k="lit" v="yes"/>
    <tag k="maxspeed" v="60"/>
    <tag k="maxspeed:bus" v="50"/>
    <tag k="maxspeed:hgv" v="50"/>
    <tag k="name" v="EDSA"/>
    <tag k="name:es" v="Avenida Epifanio de los Santos"/>
    <tag k="name:fil" v="Abenida Epifanio de los Santos"/>
    <tag k="name:tl" v="Abenida Epifanio de los Santos"/>
    <tag k="official_name" v="Epifanio de los Santos Avenue"/>
    <tag k="oneway" v="yes"/>
    <tag k="ref" v="1"/>
    <tag k="source:maxspeed" v="sign"/>
    <tag k="surface" v="asphalt"/>
  </way>
  <way id="909967551">
    <nd ref="316955350"/>
    <nd ref="11990898377"/>
    <nd ref="614127344"/>
    <tag k="bus:lanes" v="designated|yes|yes|yes|yes"/>
    <tag k="cycleway:right" v="lane"/>
    <tag k="foot" v="yes"/>
    <tag k="highway" v="trunk"/>
    <tag k="int_ref" v="AH26"/>
    <tag k="int_ref:colour" v="blue"/>
    <tag k="lanes" v="5"/>
    <tag k="lit" v="yes"/>
    <tag k="loc_name" v="EDSA"/>
    <tag k="maxheight" v="4.27"/>
    <tag k="maxspeed" v="60"/>
    <tag k="maxspeed:bus" v="50"/>
    <tag k="maxspeed:hgv" v="50"/>
    <tag k="name" v="EDSA"/>
    <tag k="name:es" v="Avenida Epifanio de los Santos"/>
    <tag k="name:fil" v="Abenida Epifanio de los Santos"/>
    <tag k="name:tl" v="Abenida Epifanio de los Santos"/>
    <tag k="official_name" v="Epifanio de los Santos Avenue"/>
    <tag k="oneway" v="yes"/>
    <tag k="placement" v="right_of:4"/>
    <tag k="ref" v="1"/>
    <tag k="source:maxspeed" v="sign"/>
    <tag k="surface" v="asphalt"/>
  </way>
  <way id="912972737">
    <nd ref="35454400"/>
    <nd ref="9765242231"/>
    <nd ref="10817199994"/>
    <nd ref="9765218334"/>
    <nd ref="35454848"/>
    <nd ref="4641892817"/>
    <nd ref="4639719628"/>
    <nd ref="8314746526"/>
    <tag k="cycleway:right" v="lane"/>
    <tag k="foot" v="yes"/>
    <tag k="highway" v="trunk"/>
    <tag k="int_ref" v="AH26"/>
    <tag k="int_ref:colour" v="blue"/>
    <tag k="lanes" v="4"/>
    <tag k="lit" v="yes"/>
    <tag k="maxspeed" v="60"/>
    <tag k="maxspeed:bus" v="50"/>
    <tag k="maxspeed:hgv" v="50"/>
    <tag k="name" v="EDSA"/>
    <tag k="name:abbr" v="EDSA"/>
    <tag k="name:es" v="Avenida Epifanio de los Santos"/>
    <tag k="name:fil" v="Abenida Epifanio de los Santos"/>
    <tag k="name:tl" v="Abenida Epifanio de los Santos"/>
    <tag k="official_name" v="Epifanio de los Santos Avenue"/>
    <tag k="oneway" v="yes"/>
    <tag k="ref" v="1"/>
    <tag k="source:maxspeed" v="sign"/>
    <tag k="surface" v="concrete"/>
    <tag k="width" v="19.2"/>
  </way>
  <way id="912972742">
    <nd ref="79626404"/>
    <nd ref="7797754058"/>
    <nd ref="6542426130"/>
    <nd ref="9764865367"/>
    <nd ref="5401245261"/>
    <tag k="cycleway:right" v="lane"/>
    <tag k="foot" v="no"/>
    <tag k="highway" v="trunk"/>
    <tag k="int_ref" v="AH26"/>
    <tag k="int_ref:colour" v="blue"/>
    <tag k="lanes" v="4"/>
    <tag k="lit" v="yes"/>
    <tag k="maxspeed" v="60"/>
    <tag k="maxspeed:bus" v="50"/>
    <tag k="maxspeed:hgv" v="50"/>
    <tag k="name" v="EDSA"/>
    <tag k="name:abbr" v="EDSA"/>
    <tag k="name:es" v="Avenida Epifanio de los Santos"/>
    <tag k="name:fil" v="Abenida Epifanio de los Santos"/>
    <tag k="name:tl" v="Abenida Epifanio de los Santos"/>
    <tag k="official_name" v="Epifanio de los Santos Avenue"/>
    <tag k="oneway" v="yes"/>
    <tag k="ref" v="1"/>
    <tag k="source:maxspeed" v="sign"/>
    <tag k="surface" v="concrete"/>
    <tag k="width" v="19.2"/>
  </way>
  <way id="914986294">
    <nd ref="6264891389"/>
    <nd ref="8382424180"/>
    <nd ref="8375781324"/>
    <tag k="cycleway:right" v="lane"/>
    <tag k="designation" v="national_primary_road"/>
    <tag k="fine:foot" v="2,000 PHP"/>
    <tag k="fine:hgv" v="5,000 PHP"/>
    <tag k="foot" v="no"/>
    <tag k="hgv" v="no"/>
    <tag k="highway" v="primary"/>
    <tag k="int_ref" v="AH26"/>
    <tag k="int_ref:colour" v="blue"/>
    <tag k="lanes" v="2"/>
    <tag k="lit" v="yes"/>
    <tag k="maxspeed" v="40"/>
    <tag k="maxspeed:bus" v="30"/>
    <tag k="name" v="EDSA"/>
    <tag k="name:es" v="Avenida Epifanio de los Santos"/>
    <tag k="name:fil" v="Abenida Epifanio de los Santos"/>
    <tag k="name:tl" v="Abenida Epifanio de los Santos"/>
    <tag k="official_name" v="Epifanio de los Santos Avenue"/>
    <tag k="oneway" v="yes"/>
    <tag k="ref" v="1"/>
    <tag k="sidewalk:right" v="separate"/>
    <tag k="surface" v="concrete"/>
  </way>
  <way id="918504764">
    <nd ref="1272285049"/>
    <nd ref="11913773338"/>
    <nd ref="449755670"/>
    <tag k="bicycle" v="use_sidepath"/>
    <tag k="foot" v="yes"/>
    <tag k="highway" v="trunk"/>
    <tag k="int_ref" v="AH26"/>
    <tag k="int_ref:colour" v="blue"/>
    <tag k="lanes" v="4"/>
    <tag k="lit" v="yes"/>
    <tag k="maxspeed" v="60"/>
    <tag k="maxspeed:bus" v="50"/>
    <tag k="maxspeed:hgv" v="50"/>
    <tag k="name" v="EDSA"/>
    <tag k="name:es" v="Avenida Epifanio de los Santos"/>
    <tag k="name:fil" v="Abenida Epifanio de los Santos"/>
    <tag k="name:tl" v="Abenida Epifanio de los Santos"/>
    <tag k="official_name" v="Epifanio de los Santos Avenue"/>
    <tag k="oneway" v="yes"/>
    <tag k="ref" v="1"/>
    <tag k="source:maxspeed" v="sign"/>
    <tag k="surface" v="asphalt"/>
  </way>
  <way id="918504765">
    <nd ref="449755670"/>
    <nd ref="13710396922"/>
    <nd ref="299929643"/>
    <tag k="bicycle" v="use_sidepath"/>
    <tag k="foot" v="yes"/>
    <tag k="highway" v="trunk"/>
    <tag k="int_ref" v="AH26"/>
    <tag k="int_ref:colour" v="blue"/>
    <tag k="lanes" v="3"/>
    <tag k="lit" v="yes"/>
    <tag k="maxspeed" v="60"/>
    <tag k="maxspeed:bus" v="50"/>
    <tag k="maxspeed:hgv" v="50"/>
    <tag k="name" v="EDSA"/>
    <tag k="name:es" v="Avenida Epifanio de los Santos"/>
    <tag k="name:fil" v="Abenida Epifanio de los Santos"/>
    <tag k="name:tl" v="Abenida Epifanio de los Santos"/>
    <tag k="official_name" v="Epifanio de los Santos Avenue"/>
    <tag k="oneway" v="yes"/>
    <tag k="ref" v="1"/>
    <tag k="source:maxspeed" v="sign"/>
    <tag k="surface" v="asphalt"/>
  </way>
  <way id="931457626">
    <nd ref="32169158"/>
    <nd ref="7119315788"/>
    <nd ref="5291036077"/>
    <tag k="bicycle" v="use_sidepath"/>
    <tag k="foot" v="yes"/>
    <tag k="highway" v="trunk"/>
    <tag k="int_ref" v="AH26"/>
    <tag k="int_ref:colour" v="blue"/>
    <tag k="lanes" v="4"/>
    <tag k="lit" v="yes"/>
    <tag k="maxspeed" v="60"/>
    <tag k="maxspeed:bus" v="50"/>
    <tag k="maxspeed:hgv" v="50"/>
    <tag k="name" v="EDSA"/>
    <tag k="name:es" v="Avenida Epifanio de los Santos"/>
    <tag k="name:fil" v="Abenida Epifanio de los Santos"/>
    <tag k="name:tl" v="Abenida Epifanio de los Santos"/>
    <tag k="official_name" v="Epifanio de los Santos Avenue"/>
    <tag k="oneway" v="yes"/>
    <tag k="ref" v="1"/>
    <tag k="sidewalk:right" v="separate"/>
    <tag k="source:maxspeed" v="sign"/>
    <tag k="surface" v="asphalt"/>
  </way>
  <way id="933638429">
    <nd ref="60171014"/>
    <nd ref="12018581374"/>
    <tag k="designation" v="national_primary_road"/>
    <tag k="foot" v="yes"/>
    <tag k="highway" v="secondary"/>
    <tag k="int_ref" v="AH26"/>
    <tag k="lanes" v="3"/>
    <tag k="lit" v="yes"/>
    <tag k="maxspeed" v="60"/>
    <tag k="maxspeed:bus" v="50"/>
    <tag k="maxspeed:hgv" v="50"/>
    <tag k="name" v="EDSA"/>
    <tag k="name:es" v="Avenida Epifanio de los Santos"/>
    <tag k="name:fil" v="Abenida Epifanio de los Santos"/>
    <tag k="name:tl" v="Abenida Epifanio de los Santos"/>
    <tag k="official_name" v="Epifanio de los Santos Avenue"/>
    <tag k="oneway" v="yes"/>
    <tag k="ref" v="1"/>
    <tag k="source:maxspeed" v="sign"/>
  </way>
  <way id="933638430">
    <nd ref="258776872"/>
    <nd ref="496095907"/>
    <tag k="designation" v="national_primary_road"/>
    <tag k="destination" v="Bonny Serrano"/>
    <tag k="foot" v="yes"/>
    <tag k="highway" v="secondary"/>
    <tag k="int_ref" v="AH26"/>
    <tag k="lanes" v="2"/>
    <tag k="lit" v="yes"/>
    <tag k="maxspeed" v="60"/>
    <tag k="maxspeed:bus" v="50"/>
    <tag k="maxspeed:hgv" v="50"/>
    <tag k="name" v="EDSA"/>
    <tag k="name:es" v="Avenida Epifanio de los Santos"/>
    <tag k="name:fil" v="Abenida Epifanio de los Santos"/>
    <tag k="name:tl" v="Abenida Epifanio de los Santos"/>
    <tag k="official_name" v="Epifanio de los Santos Avenue"/>
    <tag k="oneway" v="yes"/>
    <tag k="ref" v="1"/>
    <tag k="source:maxspeed" v="sign"/>
  </way>
  <way id="933649302">
    <nd ref="496095907"/>
    <nd ref="12006737692"/>
    <tag k="designation" v="national_primary_road"/>
    <tag k="destination" v="Bonny Serrano"/>
    <tag k="foot" v="yes"/>
    <tag k="highway" v="secondary"/>
    <tag k="int_ref" v="AH26"/>
    <tag k="lanes" v="2"/>
    <tag k="lit" v="yes"/>
    <tag k="maxspeed" v="60"/>
    <tag k="maxspeed:bus" v="50"/>
    <tag k="maxspeed:hgv" v="50"/>
    <tag k="name" v="EDSA"/>
    <tag k="name:es" v="Avenida Epifanio de los Santos"/>
    <tag k="name:fil" v="Abenida Epifanio de los Santos"/>
    <tag k="name:tl" v="Abenida Epifanio de los Santos"/>
    <tag k="official_name" v="Epifanio de los Santos Avenue"/>
    <tag k="oneway" v="yes"/>
    <tag k="ref" v="1"/>
    <tag k="source:maxspeed" v="sign"/>
  </way>
  <way id="933649303">
    <nd ref="258777067"/>
    <nd ref="9851595386"/>
    <tag k="designation" v="national_primary_road"/>
    <tag k="destination" v="Bonny Serrano"/>
    <tag k="foot" v="yes"/>
    <tag k="highway" v="secondary"/>
    <tag k="int_ref" v="AH26"/>
    <tag k="lanes" v="3"/>
    <tag k="lit" v="yes"/>
    <tag k="maxspeed" v="60"/>
    <tag k="maxspeed:bus" v="50"/>
    <tag k="maxspeed:hgv" v="50"/>
    <tag k="name" v="EDSA"/>
    <tag k="name:es" v="Avenida Epifanio de los Santos"/>
    <tag k="name:fil" v="Abenida Epifanio de los Santos"/>
    <tag k="name:tl" v="Abenida Epifanio de los Santos"/>
    <tag k="official_name" v="Epifanio de los Santos Avenue"/>
    <tag k="oneway" v="yes"/>
    <tag k="ref" v="1"/>
    <tag k="source:maxspeed" v="sign"/>
    <tag k="surface" v="concrete"/>
  </way>
  <way id="935712365">
    <nd ref="679547546"/>
    <nd ref="78041112"/>
    <tag k="foot" v="no"/>
    <tag k="hgv" v="no"/>
    <tag k="highway" v="trunk"/>
    <tag k="int_ref" v="AH26"/>
    <tag k="int_ref:colour" v="blue"/>
    <tag k="lanes" v="2"/>
    <tag k="layer" v="-1"/>
    <tag k="lit" v="yes"/>
    <tag k="maxspeed" v="60"/>
    <tag k="maxspeed:bus" v="50"/>
    <tag k="maxspeed:hgv" v="50"/>
    <tag k="name" v="EDSA"/>
    <tag k="name:es" v="Avenida Epifanio de los Santos"/>
    <tag k="name:fil" v="Abenida Epifanio de los Santos"/>
    <tag k="name:tl" v="Abenida Epifanio de los Santos"/>
    <tag k="official_name" v="Epifanio de los Santos Avenue"/>
    <tag k="oneway" v="yes"/>
    <tag k="ref" v="1"/>
    <tag k="source:maxspeed" v="sign"/>
    <tag k="surface" v="asphalt"/>
    <tag k="tunnel" v="yes"/>
    <tag k="tunnel:name" v="EDSA-Cubao Underpass"/>
  </way>
  <way id="935712370">
    <nd ref="330378903"/>
    <nd ref="973558871"/>
    <tag k="covered" v="yes"/>
    <tag k="foot" v="no"/>
    <tag k="hgv" v="no"/>
    <tag k="highway" v="trunk"/>
    <tag k="int_ref" v="AH26"/>
    <tag k="int_ref:colour" v="blue"/>
    <tag k="lanes" v="2"/>
    <tag k="layer" v="-1"/>
    <tag k="lit" v="yes"/>
    <tag k="maxspeed" v="60"/>
    <tag k="maxspeed:bus" v="50"/>
    <tag k="maxspeed:hgv" v="50"/>
    <tag k="name" v="EDSA"/>
    <tag k="name:es" v="Avenida Epifanio de los Santos"/>
    <tag k="name:fil" v="Abenida Epifanio de los Santos"/>
    <tag k="name:tl" v="Abenida Epifanio de los Santos"/>
    <tag k="official_name" v="Epifanio de los Santos Avenue"/>
    <tag k="oneway" v="yes"/>
    <tag k="ref" v="1"/>
    <tag k="source:maxspeed" v="sign"/>
    <tag k="tunnel" v="yes"/>
    <tag k="tunnel:name" v="EDSA-Cubao Underpass"/>
  </way>
  <way id="940950134">
    <nd ref="299385801"/>
    <nd ref="5414144584"/>
    <tag k="cycleway:lane" v="advisory"/>
    <tag k="cycleway:right" v="lane"/>
    <tag k="fine:foot" v="5,000 PHP"/>
    <tag k="foot" v="use_sidepath"/>
    <tag k="hgv" v="no"/>
    <tag k="highway" v="trunk"/>
    <tag k="int_ref" v="AH26"/>
    <tag k="int_ref:colour" v="blue"/>
    <tag k="lanes" v="4"/>
    <tag k="lit" v="yes"/>
    <tag k="maxspeed" v="60"/>
    <tag k="maxspeed:bus" v="50"/>
    <tag k="maxspeed:hgv" v="50"/>
    <tag k="name" v="EDSA"/>
    <tag k="name:es" v="Avenida Epifanio de los Santos"/>
    <tag k="name:fil" v="Abenida Epifanio de los Santos"/>
    <tag k="name:tl" v="Abenida Epifanio de los Santos"/>
    <tag k="official_name" v="Epifanio de los Santos Avenue"/>
    <tag k="oneway" v="yes"/>
    <tag k="ref" v="1"/>
    <tag k="sidewalk" v="separate"/>
    <tag k="source:maxspeed" v="sign"/>
  </way>
  <way id="940950135">
    <nd ref="5522408186"/>
    <nd ref="5289014602"/>
    <nd ref="5522408185"/>
    <nd ref="5307612282"/>
    <nd ref="24078582"/>
    <nd ref="299385801"/>
    <tag k="cycleway:lane" v="exclusive"/>
    <tag k="cycleway:right" v="track"/>
    <tag k="fine:foot" v="5,000 PHP"/>
    <tag k="foot" v="use_sidepath"/>
    <tag k="hgv" v="no"/>
    <tag k="highway" v="trunk"/>
    <tag k="int_ref" v="AH26"/>
    <tag k="int_ref:colour" v="blue"/>
    <tag k="lanes" v="4"/>
    <tag k="lit" v="yes"/>
    <tag k="maxspeed" v="60"/>
    <tag k="maxspeed:bus" v="50"/>
    <tag k="maxspeed:hgv" v="50"/>
    <tag k="name" v="EDSA"/>
    <tag k="name:es" v="Avenida Epifanio de los Santos"/>
    <tag k="name:fil" v="Abenida Epifanio de los Santos"/>
    <tag k="name:tl" v="Abenida Epifanio de los Santos"/>
    <tag k="official_name" v="Epifanio de los Santos Avenue"/>
    <tag k="oneway" v="yes"/>
    <tag k="ref" v="1"/>
    <tag k="sidewalk" v="separate"/>
    <tag k="source:maxspeed" v="sign"/>
  </way>
  <way id="942412873">
    <nd ref="556538494"/>
    <nd ref="242433615"/>
    <nd ref="237016137"/>
    <nd ref="340650955"/>
    <tag k="cycleway:right" v="lane"/>
    <tag k="foot" v="yes"/>
    <tag k="hgv" v="no"/>
    <tag k="highway" v="trunk"/>
    <tag k="int_ref" v="AH26"/>
    <tag k="int_ref:colour" v="blue"/>
    <tag k="lanes" v="4"/>
    <tag k="lit" v="yes"/>
    <tag k="maxspeed" v="60"/>
    <tag k="maxspeed:bus" v="50"/>
    <tag k="maxspeed:hgv" v="50"/>
    <tag k="name" v="EDSA"/>
    <tag k="name:es" v="Avenida Epifanio de los Santos"/>
    <tag k="name:fil" v="Abenida Epifanio de los Santos"/>
    <tag k="name:tl" v="Abenida Epifanio de los Santos"/>
    <tag k="official_name" v="Epifanio de los Santos Avenue"/>
    <tag k="oneway" v="yes"/>
    <tag k="ref" v="1"/>
    <tag k="source:maxspeed" v="sign"/>
    <tag k="surface" v="concrete"/>
  </way>
  <way id="965482762">
    <nd ref="78041031"/>
    <nd ref="5731638965"/>
    <tag k="cycleway:right" v="lane"/>
    <tag k="designation" v="national_primary_road"/>
    <tag k="hgv" v="no"/>
    <tag k="highway" v="primary"/>
    <tag k="int_ref" v="AH26"/>
    <tag k="lanes" v="3"/>
    <tag k="lit" v="yes"/>
    <tag k="maxspeed" v="60"/>
    <tag k="maxspeed:bus" v="50"/>
    <tag k="maxspeed:hgv" v="50"/>
    <tag k="name" v="EDSA"/>
    <tag k="name:es" v="Avenida Epifanio de los Santos"/>
    <tag k="name:fil" v="Abenida Epifanio de los Santos"/>
    <tag k="name:tl" v="Abenida Epifanio de los Santos"/>
    <tag k="official_name" v="Epifanio de los Santos Avenue"/>
    <tag k="oneway" v="yes"/>
    <tag k="ref" v="1"/>
    <tag k="source:maxspeed" v="sign"/>
    <tag k="turn:lanes" v="reverse|through|through;right"/>
  </way>
  <way id="965488004">
    <nd ref="8931690112"/>
    <nd ref="11956219768"/>
    <nd ref="2886434136"/>
    <tag k="cycleway:right" v="lane"/>
    <tag k="designation" v="national_primary_road"/>
    <tag k="destination:street" v="Aurora Boulevard"/>
    <tag k="hgv" v="no"/>
    <tag k="highway" v="primary"/>
    <tag k="int_ref" v="AH26"/>
    <tag k="lanes" v="3"/>
    <tag k="lit" v="yes"/>
    <tag k="maxspeed" v="60"/>
    <tag k="maxspeed:bus" v="50"/>
    <tag k="maxspeed:hgv" v="50"/>
    <tag k="name" v="EDSA"/>
    <tag k="name:es" v="Avenida Epifanio de los Santos"/>
    <tag k="name:fil" v="Abenida Epifanio de los Santos"/>
    <tag k="name:tl" v="Abenida Epifanio de los Santos"/>
    <tag k="official_name" v="Epifanio de los Santos Avenue"/>
    <tag k="oneway" v="yes"/>
    <tag k="ref" v="1"/>
    <tag k="source:maxspeed" v="sign"/>
    <tag k="surface" v="concrete"/>
    <tag k="turn:lanes" v="reverse|through|through"/>
  </way>
  <way id="973399052">
    <nd ref="5313629849"/>
    <nd ref="962953432"/>
    <tag k="cycleway:right" v="lane"/>
    <tag k="foot" v="yes"/>
    <tag k="hgv" v="no"/>
    <tag k="highway" v="trunk"/>
    <tag k="int_ref" v="AH26"/>
    <tag k="int_ref:colour" v="blue"/>
    <tag k="lanes" v="4"/>
    <tag k="lit" v="yes"/>
    <tag k="maxspeed" v="60"/>
    <tag k="maxspeed:bus" v="50"/>
    <tag k="maxspeed:hgv" v="50"/>
    <tag k="name" v="EDSA"/>
    <tag k="name:es" v="Avenida Epifanio de los Santos"/>
    <tag k="name:fil" v="Abenida Epifanio de los Santos"/>
    <tag k="name:tl" v="Abenida Epifanio de los Santos"/>
    <tag k="official_name" v="Epifanio de los Santos Avenue"/>
    <tag k="oneway" v="yes"/>
    <tag k="ref" v="1"/>
    <tag k="sidewalk" v="separate"/>
    <tag k="source:maxspeed" v="sign"/>
  </way>
  <way id="1006936015">
    <nd ref="8462613410"/>
    <nd ref="5286755082"/>
    <nd ref="92300703"/>
    <tag k="cycleway:lane" v="advisory"/>
    <tag k="cycleway:right" v="lane"/>
    <tag k="cycleway:separation:left" v="solid_line"/>
    <tag k="designation" v="national_primary_road"/>
    <tag k="destination" v="Shaw;Julia Vargas"/>
    <tag k="foot" v="yes"/>
    <tag k="highway" v="trunk_link"/>
    <tag k="int_ref" v="AH26"/>
    <tag k="lanes" v="2"/>
    <tag k="lit" v="yes"/>
    <tag k="maxspeed" v="60"/>
    <tag k="maxspeed:bus" v="50"/>
    <tag k="maxspeed:hgv" v="50"/>
    <tag k="name" v="EDSA"/>
    <tag k="name:es" v="Avenida Epifanio de los Santos"/>
    <tag k="name:fil" v="Abenida Epifanio de los Santos"/>
    <tag k="name:tl" v="Abenida Epifanio de los Santos"/>
    <tag k="official_name" v="Epifanio de los Santos Avenue"/>
    <tag k="oneway" v="yes"/>
    <tag k="ref" v="1"/>
    <tag k="sidewalk" v="separate"/>
    <tag k="source:maxspeed" v="sign"/>
  </way>
  <way id="1006936022">
    <nd ref="35454005"/>
    <nd ref="320506539"/>
    <nd ref="320507717"/>
    <nd ref="13161480727"/>
    <nd ref="35455722"/>
    <nd ref="35455723"/>
    <tag k="cycleway:right" v="lane"/>
    <tag k="foot" v="yes"/>
    <tag k="highway" v="trunk"/>
    <tag k="int_ref" v="AH26"/>
    <tag k="int_ref:colour" v="blue"/>
    <tag k="lanes" v="4"/>
    <tag k="lit" v="yes"/>
    <tag k="maxspeed" v="60"/>
    <tag k="maxspeed:bus" v="50"/>
    <tag k="maxspeed:hgv" v="50"/>
    <tag k="name" v="EDSA"/>
    <tag k="name:es" v="Avenida Epifanio de los Santos"/>
    <tag k="name:fil" v="Abenida Epifanio de los Santos"/>
    <tag k="name:tl" v="Abenida Epifanio de los Santos"/>
    <tag k="official_name" v="Epifanio de los Santos Avenue"/>
    <tag k="oneway" v="yes"/>
    <tag k="ref" v="1"/>
    <tag k="sidewalk" v="right"/>
    <tag k="source:maxspeed" v="sign"/>
    <tag k="surface" v="concrete"/>
    <tag k="width" v="19.2"/>
  </way>
  <way id="1066530487">
    <nd ref="8313900808"/>
    <nd ref="671874623"/>
    <tag k="change:lanes" v="no|not_left|yes|yes"/>
    <tag k="cycleway:lane" v="advisory"/>
    <tag k="cycleway:right" v="lane"/>
    <tag k="foot" v="yes"/>
    <tag k="highway" v="trunk"/>
    <tag k="int_ref" v="AH26"/>
    <tag k="int_ref:colour" v="blue"/>
    <tag k="lane_markings" v="yes"/>
    <tag k="lanes" v="4"/>
    <tag k="lit" v="yes"/>
    <tag k="maxspeed" v="60"/>
    <tag k="maxspeed:bus" v="50"/>
    <tag k="maxspeed:hgv" v="50"/>
    <tag k="name" v="EDSA"/>
    <tag k="name:es" v="Avenida Epifanio de los Santos"/>
    <tag k="name:fil" v="Abenida Epifanio de los Santos"/>
    <tag k="name:tl" v="Abenida Epifanio de los Santos"/>
    <tag k="official_name" v="Epifanio de los Santos Avenue"/>
    <tag k="oneway" v="yes"/>
    <tag k="oneway:bicycle" v="yes"/>
    <tag k="ref" v="1"/>
    <tag k="sidewalk:right" v="separate"/>
    <tag k="source:maxspeed" v="sign"/>
    <tag k="surface" v="paved"/>
    <tag k="turn:lanes" v="reverse|reverse|through|through"/>
    <tag k="width" v="19.2"/>
  </way>
  <way id="1066530488">
    <nd ref="7648268525"/>
    <nd ref="8313900808"/>
    <tag k="cycleway:lane" v="advisory"/>
    <tag k="cycleway:right" v="lane"/>
    <tag k="foot" v="yes"/>
    <tag k="highway" v="trunk"/>
    <tag k="int_ref" v="AH26"/>
    <tag k="int_ref:colour" v="blue"/>
    <tag k="lane_markings" v="yes"/>
    <tag k="lanes" v="4"/>
    <tag k="lit" v="yes"/>
    <tag k="maxspeed" v="60"/>
    <tag k="maxspeed:bus" v="50"/>
    <tag k="maxspeed:hgv" v="50"/>
    <tag k="name" v="EDSA"/>
    <tag k="name:es" v="Avenida Epifanio de los Santos"/>
    <tag k="name:fil" v="Abenida Epifanio de los Santos"/>
    <tag k="name:tl" v="Abenida Epifanio de los Santos"/>
    <tag k="official_name" v="Epifanio de los Santos Avenue"/>
    <tag k="oneway" v="yes"/>
    <tag k="oneway:bicycle" v="yes"/>
    <tag k="ref" v="1"/>
    <tag k="sidewalk:right" v="separate"/>
    <tag k="source:maxspeed" v="sign"/>
    <tag k="surface" v="paved"/>
    <tag k="width" v="19.2"/>
  </way>
  <way id="1072047566">
    <nd ref="8392436550"/>
    <nd ref="13104767778"/>
    <nd ref="5284066454"/>
    <nd ref="8005076349"/>
    <tag k="cycleway:right" v="lane"/>
    <tag k="foot" v="yes"/>
    <tag k="highway" v="trunk"/>
    <tag k="int_ref" v="AH26"/>
    <tag k="int_ref:colour" v="blue"/>
    <tag k="lanes" v="4"/>
    <tag k="lit" v="yes"/>
    <tag k="maxspeed" v="60"/>
    <tag k="maxspeed:bus" v="50"/>
    <tag k="maxspeed:hgv" v="50"/>
    <tag k="name" v="EDSA"/>
    <tag k="name:es" v="Avenida Epifanio de los Santos"/>
    <tag k="name:fil" v="Abenida Epifanio de los Santos"/>
    <tag k="name:tl" v="Abenida Epifanio de los Santos"/>
    <tag k="official_name" v="Epifanio de los Santos Avenue"/>
    <tag k="oneway" v="yes"/>
    <tag k="ref" v="1"/>
    <tag k="sidewalk" v="right"/>
    <tag k="source:maxspeed" v="sign"/>
    <tag k="surface" v="asphalt"/>
    <tag k="width" v="19.2"/>
  </way>
  <way id="1072111791">
    <nd ref="5291822143"/>
    <nd ref="8382424187"/>
    <nd ref="8382424186"/>
    <tag k="cycleway:right" v="lane"/>
    <tag k="designation" v="national_primary_road"/>
    <tag k="hgv" v="no"/>
    <tag k="highway" v="primary"/>
    <tag k="int_ref" v="AH26"/>
    <tag k="int_ref:colour" v="blue"/>
    <tag k="lanes" v="2"/>
    <tag k="lit" v="yes"/>
    <tag k="maxspeed" v="60"/>
    <tag k="maxspeed:bus" v="50"/>
    <tag k="maxspeed:hgv" v="50"/>
    <tag k="name" v="EDSA"/>
    <tag k="name:es" v="Avenida Epifanio de los Santos"/>
    <tag k="name:fil" v="Abenida Epifanio de los Santos"/>
    <tag k="name:tl" v="Abenida Epifanio de los Santos"/>
    <tag k="official_name" v="Epifanio de los Santos Avenue"/>
    <tag k="oneway" v="yes"/>
    <tag k="ref" v="1"/>
    <tag k="sidewalk:right" v="separate"/>
    <tag k="source:maxspeed" v="sign"/>
    <tag k="surface" v="concrete"/>
  </way>
  <way id="1074040913">
    <nd ref="96347306"/>
    <nd ref="9851528696"/>
    <tag k="cycleway:right" v="lane"/>
    <tag k="foot" v="yes"/>
    <tag k="hgv" v="no"/>
    <tag k="highway" v="trunk"/>
    <tag k="int_ref" v="AH26"/>
    <tag k="int_ref:colour" v="blue"/>
    <tag k="lanes" v="5"/>
    <tag k="lit" v="yes"/>
    <tag k="maxspeed" v="60"/>
    <tag k="maxspeed:bus" v="50"/>
    <tag k="maxspeed:hgv" v="50"/>
    <tag k="name" v="EDSA"/>
    <tag k="name:es" v="Avenida Epifanio de los Santos"/>
    <tag k="name:fil" v="Abenida Epifanio de los Santos"/>
    <tag k="name:tl" v="Abenida Epifanio de los Santos"/>
    <tag k="official_name" v="Epifanio de los Santos Avenue"/>
    <tag k="oneway" v="yes"/>
    <tag k="oneway:bicycle" v="yes"/>
    <tag k="ref" v="1"/>
    <tag k="source:maxspeed" v="sign"/>
    <tag k="surface" v="concrete"/>
  </way>
  <way id="1074348059">
    <nd ref="9854396128"/>
    <nd ref="25426149"/>
    <tag k="bicycle" v="use_sidepath"/>
    <tag k="fine:parking:lane:both" v="5,000 PHP"/>
    <tag k="foot" v="use_sidepath"/>
    <tag k="highway" v="trunk"/>
    <tag k="int_ref" v="AH26"/>
    <tag k="int_ref:colour" v="blue"/>
    <tag k="lanes" v="5"/>
    <tag k="lit" v="yes"/>
    <tag k="maxspeed" v="60"/>
    <tag k="maxspeed:bus" v="50"/>
    <tag k="maxspeed:hgv" v="50"/>
    <tag k="name" v="EDSA"/>
    <tag k="name:es" v="Avenida Epifanio de los Santos"/>
    <tag k="name:fil" v="Abenida Epifanio de los Santos"/>
    <tag k="name:tl" v="Abenida Epifanio de los Santos"/>
    <tag k="oneway" v="yes"/>
    <tag k="parking:lane:both" v="no_stopping"/>
    <tag k="ref" v="1"/>
    <tag k="sidewalk" v="separate"/>
    <tag k="source:maxspeed" v="sign"/>
    <tag k="surface" v="concrete"/>
  </way>
  <way id="1076696103">
    <nd ref="9873260794"/>
    <nd ref="7474757228"/>
    <nd ref="5443296004"/>
    <nd ref="12968298115"/>
    <nd ref="5313631328"/>
    <nd ref="5522408186"/>
    <tag k="cycleway:lane" v="advisory"/>
    <tag k="cycleway:right" v="lane"/>
    <tag k="foot" v="yes"/>
    <tag k="hgv" v="no"/>
    <tag k="highway" v="trunk"/>
    <tag k="int_ref" v="AH26"/>
    <tag k="int_ref:colour" v="blue"/>
    <tag k="lanes" v="4"/>
    <tag k="lit" v="yes"/>
    <tag k="maxspeed" v="60"/>
    <tag k="maxspeed:bus" v="50"/>
    <tag k="maxspeed:hgv" v="50"/>
    <tag k="name" v="EDSA"/>
    <tag k="name:es" v="Avenida Epifanio de los Santos"/>
    <tag k="name:fil" v="Abenida Epifanio de los Santos"/>
    <tag k="name:tl" v="Abenida Epifanio de los Santos"/>
    <tag k="official_name" v="Epifanio de los Santos Avenue"/>
    <tag k="oneway" v="yes"/>
    <tag k="ref" v="1"/>
    <tag k="sidewalk:right" v="separate"/>
    <tag k="source:maxspeed" v="sign"/>
  </way>
  <way id="1076873687">
    <nd ref="313872522"/>
    <nd ref="313474007"/>
    <tag k="cycleway:lane" v="exclusive"/>
    <tag k="cycleway:right" v="track"/>
    <tag k="foot" v="yes"/>
    <tag k="hgv" v="no"/>
    <tag k="highway" v="trunk"/>
    <tag k="int_ref" v="AH26"/>
    <tag k="int_ref:colour" v="blue"/>
    <tag k="lanes" v="5"/>
    <tag k="lit" v="yes"/>
    <tag k="maxspeed" v="60"/>
    <tag k="maxspeed:bus" v="50"/>
    <tag k="maxspeed:hgv" v="50"/>
    <tag k="name" v="EDSA"/>
    <tag k="name:es" v="Avenida Epifanio de los Santos"/>
    <tag k="name:fil" v="Abenida Epifanio de los Santos"/>
    <tag k="name:tl" v="Abenida Epifanio de los Santos"/>
    <tag k="official_name" v="Epifanio de los Santos Avenue"/>
    <tag k="oneway" v="yes"/>
    <tag k="ref" v="1"/>
    <tag k="sidewalk:right" v="separate"/>
    <tag k="source:maxspeed" v="sign"/>
    <tag k="width" v="16.5"/>
  </way>
  <way id="1076969864">
    <nd ref="9875280284"/>
    <nd ref="5289014619"/>
    <nd ref="5443296005"/>
    <nd ref="24080672"/>
    <nd ref="344569372"/>
    <nd ref="5289014616"/>
    <nd ref="8605802814"/>
    <nd ref="24078317"/>
    <nd ref="9873260794"/>
    <tag k="cycleway:lane" v="advisory"/>
    <tag k="cycleway:right" v="lane"/>
    <tag k="foot" v="yes"/>
    <tag k="hgv" v="no"/>
    <tag k="highway" v="trunk"/>
    <tag k="int_ref" v="AH26"/>
    <tag k="int_ref:colour" v="blue"/>
    <tag k="lanes" v="3"/>
    <tag k="lit" v="yes"/>
    <tag k="maxspeed" v="60"/>
    <tag k="maxspeed:bus" v="50"/>
    <tag k="maxspeed:hgv" v="50"/>
    <tag k="name" v="EDSA"/>
    <tag k="name:es" v="Avenida Epifanio de los Santos"/>
    <tag k="name:fil" v="Abenida Epifanio de los Santos"/>
    <tag k="name:tl" v="Abenida Epifanio de los Santos"/>
    <tag k="official_name" v="Epifanio de los Santos Avenue"/>
    <tag k="oneway" v="yes"/>
    <tag k="ref" v="1"/>
    <tag k="sidewalk:right" v="separate"/>
    <tag k="source:maxspeed" v="sign"/>
  </way>
  <way id="1076974738">
    <nd ref="8186539205"/>
    <nd ref="1418830464"/>
    <tag k="cycleway:right" v="lane"/>
    <tag k="hgv" v="no"/>
    <tag k="highway" v="primary"/>
    <tag k="int_ref" v="AH26"/>
    <tag k="int_ref:colour" v="blue"/>
    <tag k="lanes" v="2"/>
    <tag k="lit" v="yes"/>
    <tag k="maxspeed" v="60"/>
    <tag k="maxspeed:bus" v="50"/>
    <tag k="maxspeed:hgv" v="50"/>
    <tag k="name" v="EDSA"/>
    <tag k="official_name" v="Epifanio de los Santos Avenue"/>
    <tag k="oneway" v="yes"/>
    <tag k="ref" v="1"/>
    <tag k="sidewalk" v="separate"/>
    <tag k="source:maxspeed" v="sign"/>
    <tag k="surface" v="concrete"/>
  </way>
  <way id="1076976066">
    <nd ref="305099887"/>
    <nd ref="9875360913"/>
    <tag k="cycleway:right" v="lane"/>
    <tag k="foot" v="yes"/>
    <tag k="hgv" v="no"/>
    <tag k="highway" v="trunk"/>
    <tag k="int_ref" v="AH26"/>
    <tag k="int_ref:colour" v="blue"/>
    <tag k="lanes" v="4"/>
    <tag k="lit" v="yes"/>
    <tag k="maxspeed" v="60"/>
    <tag k="maxspeed:bus" v="50"/>
    <tag k="maxspeed:hgv" v="50"/>
    <tag k="name" v="EDSA"/>
    <tag k="name:es" v="Avenida Epifanio de los Santos"/>
    <tag k="name:fil" v="Abenida Epifanio de los Santos"/>
    <tag k="name:tl" v="Abenida Epifanio de los Santos"/>
    <tag k="official_name" v="Epifanio de los Santos Avenue"/>
    <tag k="oneway" v="yes"/>
    <tag k="oneway:bicycle" v="yes"/>
    <tag k="ref" v="1"/>
    <tag k="source:maxspeed" v="sign"/>
  </way>
  <way id="1076976067">
    <nd ref="24078839"/>
    <nd ref="5351745824"/>
    <nd ref="9875360914"/>
    <tag k="cycleway:right" v="lane"/>
    <tag k="hgv" v="no"/>
    <tag k="highway" v="primary"/>
    <tag k="int_ref" v="AH26"/>
    <tag k="lanes" v="3"/>
    <tag k="lit" v="yes"/>
    <tag k="maxspeed" v="60"/>
    <tag k="maxspeed:bus" v="50"/>
    <tag k="maxspeed:hgv" v="50"/>
    <tag k="name" v="EDSA"/>
    <tag k="name:es" v="Avenida Epifanio de los Santos"/>
    <tag k="name:fil" v="Abenida Epifanio de los Santos"/>
    <tag k="name:tl" v="Abenida Epifanio de los Santos"/>
    <tag k="official_name" v="Epifanio de los Santos Avenue"/>
    <tag k="oneway" v="yes"/>
    <tag k="sidewalk:right" v="separate"/>
    <tag k="source:maxspeed" v="sign"/>
  </way>
  <way id="1077998028">
    <nd ref="9883466506"/>
    <nd ref="6054242043"/>
    <tag k="hgv" v="no"/>
    <tag k="highway" v="primary"/>
    <tag k="int_ref" v="AH26"/>
    <tag k="int_ref:colour" v="blue"/>
    <tag k="lanes" v="2"/>
    <tag k="lit" v="yes"/>
    <tag k="maxspeed" v="60"/>
    <tag k="maxspeed:bus" v="50"/>
    <tag k="maxspeed:hgv" v="50"/>
    <tag k="name" v="EDSA"/>
    <tag k="name:es" v="Avenida Epifanio de los Santos"/>
    <tag k="name:fil" v="Abenida Epifanio de los Santos"/>
    <tag k="name:tl" v="Abenida Epifanio de los Santos"/>
    <tag k="official_name" v="Epifanio de los Santos Avenue"/>
    <tag k="oneway" v="yes"/>
    <tag k="ref" v="1"/>
    <tag k="sidewalk" v="separate"/>
    <tag k="source:maxspeed" v="sign"/>
    <tag k="surface" v="concrete"/>
  </way>
  <way id="1078065126">
    <nd ref="9883999674"/>
    <nd ref="5292825912"/>
    <tag k="bridge" v="viaduct"/>
    <tag k="bridge:name" v="Timog/Kamuning Flyover"/>
    <tag k="foot" v="no"/>
    <tag k="hgv" v="no"/>
    <tag k="highway" v="trunk"/>
    <tag k="int_ref" v="AH26"/>
    <tag k="int_ref:colour" v="blue"/>
    <tag k="lanes" v="2"/>
    <tag k="layer" v="1"/>
    <tag k="lit" v="yes"/>
    <tag k="maxspeed" v="60"/>
    <tag k="maxspeed:bus" v="50"/>
    <tag k="maxspeed:hgv" v="50"/>
    <tag k="name" v="EDSA"/>
    <tag k="name:es" v="Avenida Epifanio de los Santos"/>
    <tag k="name:fil" v="Abenida Epifanio de los Santos"/>
    <tag k="name:tl" v="Abenida Epifanio de los Santos"/>
    <tag k="note" v="value of ref &quot;1;AH26&quot; is just experimental upto April 2015 pending observation of effects on mobile Apps rendering (so far ok with mapnik)"/>
    <tag k="official_name" v="Epifanio de los Santos Avenue"/>
    <tag k="oneway" v="yes"/>
    <tag k="ref" v="1"/>
    <tag k="source:maxspeed" v="sign"/>
    <tag k="surface" v="asphalt"/>
  </way>
  <way id="1078065127">
    <nd ref="5284226034"/>
    <nd ref="462069305"/>
    <nd ref="9883999674"/>
    <tag k="bridge" v="viaduct"/>
    <tag k="bridge:name" v="Timog/Kamuning Flyover"/>
    <tag k="foot" v="no"/>
    <tag k="hgv" v="no"/>
    <tag k="highway" v="trunk"/>
    <tag k="int_ref" v="AH26"/>
    <tag k="int_ref:colour" v="blue"/>
    <tag k="lanes" v="2"/>
    <tag k="layer" v="2"/>
    <tag k="lit" v="yes"/>
    <tag k="maxspeed" v="60"/>
    <tag k="maxspeed:bus" v="50"/>
    <tag k="maxspeed:hgv" v="50"/>
    <tag k="name" v="EDSA"/>
    <tag k="name:es" v="Avenida Epifanio de los Santos"/>
    <tag k="name:fil" v="Abenida Epifanio de los Santos"/>
    <tag k="name:tl" v="Abenida Epifanio de los Santos"/>
    <tag k="note" v="value of ref &quot;1;AH26&quot; is just experimental upto April 2015 pending observation of effects on mobile Apps rendering (so far ok with mapnik)"/>
    <tag k="official_name" v="Epifanio de los Santos Avenue"/>
    <tag k="oneway" v="yes"/>
    <tag k="ref" v="1"/>
    <tag k="source:maxspeed" v="sign"/>
    <tag k="surface" v="asphalt"/>
  </way>
  <way id="1078065132">
    <nd ref="9883999677"/>
    <nd ref="12067456"/>
    <nd ref="8186731035"/>
    <tag k="bridge" v="viaduct"/>
    <tag k="bridge:name" v="Timog/Kamuning Flyover"/>
    <tag k="foot" v="no"/>
    <tag k="hgv" v="no"/>
    <tag k="highway" v="trunk"/>
    <tag k="int_ref" v="AH26"/>
    <tag k="int_ref:colour" v="blue"/>
    <tag k="lanes" v="2"/>
    <tag k="layer" v="2"/>
    <tag k="lit" v="yes"/>
    <tag k="maxspeed" v="60"/>
    <tag k="maxspeed:bus" v="50"/>
    <tag k="maxspeed:hgv" v="50"/>
    <tag k="name" v="EDSA"/>
    <tag k="name:es" v="Avenida Epifanio de los Santos"/>
    <tag k="name:fil" v="Abenida Epifanio de los Santos"/>
    <tag k="name:tl" v="Abenida Epifanio de los Santos"/>
    <tag k="note" v="value of ref &quot;1;AH26&quot; is just experimental upto April 2015 pending observation of effects on mobile Apps rendering (so far ok with mapnik)"/>
    <tag k="official_name" v="Epifanio de los Santos Avenue"/>
    <tag k="oneway" v="yes"/>
    <tag k="ref" v="1"/>
    <tag k="source:maxspeed" v="sign"/>
    <tag k="surface" v="asphalt"/>
  </way>
  <way id="1078065133">
    <nd ref="5292825910"/>
    <nd ref="9883999677"/>
    <tag k="bridge" v="viaduct"/>
    <tag k="bridge:name" v="Timog/Kamuning Flyover"/>
    <tag k="foot" v="no"/>
    <tag k="hgv" v="no"/>
    <tag k="highway" v="trunk"/>
    <tag k="int_ref" v="AH26"/>
    <tag k="int_ref:colour" v="blue"/>
    <tag k="lanes" v="2"/>
    <tag k="layer" v="1"/>
    <tag k="lit" v="yes"/>
    <tag k="maxspeed" v="60"/>
    <tag k="maxspeed:bus" v="50"/>
    <tag k="maxspeed:hgv" v="50"/>
    <tag k="name" v="EDSA"/>
    <tag k="name:es" v="Avenida Epifanio de los Santos"/>
    <tag k="name:fil" v="Abenida Epifanio de los Santos"/>
    <tag k="name:tl" v="Abenida Epifanio de los Santos"/>
    <tag k="note" v="value of ref &quot;1;AH26&quot; is just experimental upto April 2015 pending observation of effects on mobile Apps rendering (so far ok with mapnik)"/>
    <tag k="official_name" v="Epifanio de los Santos Avenue"/>
    <tag k="oneway" v="yes"/>
    <tag k="ref" v="1"/>
    <tag k="source:maxspeed" v="sign"/>
    <tag k="surface" v="asphalt"/>
  </way>
  <way id="1078269370">
    <nd ref="299929643"/>
    <nd ref="305576005"/>
    <tag k="bicycle" v="use_sidepath"/>
    <tag k="foot" v="yes"/>
    <tag k="highway" v="trunk"/>
    <tag k="int_ref" v="AH26"/>
    <tag k="int_ref:colour" v="blue"/>
    <tag k="lanes" v="3"/>
    <tag k="lit" v="yes"/>
    <tag k="maxspeed" v="60"/>
    <tag k="maxspeed:bus" v="50"/>
    <tag k="maxspeed:hgv" v="50"/>
    <tag k="name" v="EDSA"/>
    <tag k="name:es" v="Avenida Epifanio de los Santos"/>
    <tag k="name:fil" v="Abenida Epifanio de los Santos"/>
    <tag k="name:tl" v="Abenida Epifanio de los Santos"/>
    <tag k="official_name" v="Epifanio de los Santos Avenue"/>
    <tag k="oneway" v="yes"/>
    <tag k="ref" v="1"/>
    <tag k="source:maxspeed" v="sign"/>
    <tag k="surface" v="asphalt"/>
  </way>
  <way id="1078282249">
    <nd ref="305576005"/>
    <nd ref="8486973954"/>
    <tag k="bicycle" v="use_sidepath"/>
    <tag k="foot" v="yes"/>
    <tag k="highway" v="trunk"/>
    <tag k="int_ref" v="AH26"/>
    <tag k="int_ref:colour" v="blue"/>
    <tag k="lanes" v="3"/>
    <tag k="lit" v="yes"/>
    <tag k="maxspeed" v="60"/>
    <tag k="maxspeed:bus" v="50"/>
    <tag k="maxspeed:hgv" v="50"/>
    <tag k="name" v="EDSA"/>
    <tag k="name:es" v="Avenida Epifanio de los Santos"/>
    <tag k="name:fil" v="Abenida Epifanio de los Santos"/>
    <tag k="name:tl" v="Abenida Epifanio de los Santos"/>
    <tag k="official_name" v="Epifanio de los Santos Avenue"/>
    <tag k="oneway" v="yes"/>
    <tag k="ref" v="1"/>
    <tag k="source:maxspeed" v="sign"/>
    <tag k="surface" v="asphalt"/>
  </way>
  <way id="1078297356">
    <nd ref="10696433973"/>
    <nd ref="2389108051"/>
    <tag k="designation" v="national_primary_road"/>
    <tag k="destination" v="Makati"/>
    <tag k="foot" v="no"/>
    <tag k="highway" v="trunk"/>
    <tag k="int_ref" v="AH26"/>
    <tag k="int_ref:colour" v="blue"/>
    <tag k="lanes" v="2"/>
    <tag k="lit" v="yes"/>
    <tag k="maxspeed" v="60"/>
    <tag k="maxspeed:bus" v="50"/>
    <tag k="maxspeed:hgv" v="50"/>
    <tag k="name" v="EDSA"/>
    <tag k="name:es" v="Avenida Epifanio de los Santos"/>
    <tag k="name:fil" v="Abenida Epifanio de los Santos"/>
    <tag k="name:tl" v="Abenida Epifanio de los Santos"/>
    <tag k="official_name" v="Epifanio de los Santos Avenue"/>
    <tag k="oneway" v="yes"/>
    <tag k="ref" v="1"/>
    <tag k="source:maxspeed" v="sign"/>
  </way>
  <way id="1086552600">
    <nd ref="1690194022"/>
    <nd ref="8670428750"/>
    <tag k="bicycle" v="use_sidepath"/>
    <tag k="fine:parking:lane:both" v="5,000 PHP"/>
    <tag k="hgv" v="no"/>
    <tag k="highway" v="secondary"/>
    <tag k="lanes" v="4"/>
    <tag k="lit" v="yes"/>
    <tag k="maxspeed" v="60"/>
    <tag k="maxspeed:bus" v="50"/>
    <tag k="maxspeed:hgv" v="50"/>
    <tag k="name" v="EDSA Extension"/>
    <tag k="name:es" v="Avenida Extensión Epifanio de los Santos"/>
    <tag k="name:fil" v="Karugtong ng Abenida Epifanio de los Santos"/>
    <tag k="name:tl" v="Karugtong ng Abenida Epifanio de los Santos"/>
    <tag k="oneway" v="yes"/>
    <tag k="parking:lane:both" v="no_stopping"/>
    <tag k="surface" v="asphalt"/>
  </way>
  <way id="1086756370">
    <nd ref="250544983"/>
    <nd ref="8279597362"/>
    <nd ref="6505207180"/>
    <nd ref="13164602672"/>
    <nd ref="6505207182"/>
    <nd ref="9926088657"/>
    <tag k="cycleway:lane" v="advisory"/>
    <tag k="cycleway:right" v="lane"/>
    <tag k="foot" v="yes"/>
    <tag k="highway" v="trunk"/>
    <tag k="int_ref" v="AH26"/>
    <tag k="int_ref:colour" v="blue"/>
    <tag k="lane_markings" v="yes"/>
    <tag k="lanes" v="4"/>
    <tag k="lit" v="yes"/>
    <tag k="maxspeed" v="60"/>
    <tag k="maxspeed:bus" v="50"/>
    <tag k="maxspeed:hgv" v="50"/>
    <tag k="name" v="EDSA"/>
    <tag k="name:es" v="Avenida Epifanio de los Santos"/>
    <tag k="name:fil" v="Abenida Epifanio de los Santos"/>
    <tag k="name:tl" v="Abenida Epifanio de los Santos"/>
    <tag k="official_name" v="Epifanio de los Santos Avenue"/>
    <tag k="oneway" v="yes"/>
    <tag k="oneway:bicycle" v="yes"/>
    <tag k="ref" v="1"/>
    <tag k="sidewalk:right" v="separate"/>
    <tag k="source:maxspeed" v="sign"/>
    <tag k="surface" v="paved"/>
    <tag k="width" v="19.2"/>
  </way>
  <way id="1086756371">
    <nd ref="9699847157"/>
    <nd ref="5396037028"/>
    <tag k="cycleway:lane" v="advisory"/>
    <tag k="cycleway:right" v="lane"/>
    <tag k="foot" v="yes"/>
    <tag k="highway" v="trunk"/>
    <tag k="int_ref" v="AH26"/>
    <tag k="int_ref:colour" v="blue"/>
    <tag k="lane_markings" v="yes"/>
    <tag k="lanes" v="5"/>
    <tag k="lit" v="yes"/>
    <tag k="maxspeed" v="60"/>
    <tag k="maxspeed:bus" v="50"/>
    <tag k="maxspeed:hgv" v="50"/>
    <tag k="name" v="EDSA"/>
    <tag k="name:es" v="Avenida Epifanio de los Santos"/>
    <tag k="name:fil" v="Abenida Epifanio de los Santos"/>
    <tag k="name:tl" v="Abenida Epifanio de los Santos"/>
    <tag k="official_name" v="Epifanio de los Santos Avenue"/>
    <tag k="oneway" v="yes"/>
    <tag k="oneway:bicycle" v="yes"/>
    <tag k="ref" v="1"/>
    <tag k="sidewalk:right" v="separate"/>
    <tag k="source:maxspeed" v="sign"/>
    <tag k="surface" v="paved"/>
    <tag k="width" v="19.2"/>
  </way>
  <way id="1120004252">
    <nd ref="7244807594"/>
    <nd ref="331134097"/>
    <tag k="designation" v="national_primary_road"/>
    <tag k="foot" v="no"/>
    <tag k="highway" v="trunk_link"/>
    <tag k="int_ref" v="AH26"/>
    <tag k="lanes" v="2"/>
    <tag k="lit" v="yes"/>
    <tag k="maxspeed" v="60"/>
    <tag k="maxspeed:bus" v="50"/>
    <tag k="maxspeed:hgv" v="50"/>
    <tag k="name" v="EDSA"/>
    <tag k="name:es" v="Avenida Epifanio de los Santos"/>
    <tag k="name:fil" v="Abenida Epifanio de los Santos"/>
    <tag k="name:tl" v="Abenida Epifanio de los Santos"/>
    <tag k="official_name" v="Epifanio de los Santos Avenue"/>
    <tag k="oneway" v="yes"/>
    <tag k="ref" v="1"/>
    <tag k="source:maxspeed" v="sign"/>
  </way>
  <way id="1162303712">
    <nd ref="8646850680"/>
    <nd ref="313099686"/>
    <tag k="bicycle" v="use_sidepath"/>
    <tag k="foot" v="no"/>
    <tag k="highway" v="trunk"/>
    <tag k="int_ref" v="AH26"/>
    <tag k="int_ref:colour" v="blue"/>
    <tag k="lanes" v="5"/>
    <tag k="lit" v="yes"/>
    <tag k="maxheight" v="4.27"/>
    <tag k="maxspeed" v="60"/>
    <tag k="maxspeed:bus" v="50"/>
    <tag k="maxspeed:hgv" v="50"/>
    <tag k="name" v="EDSA"/>
    <tag k="name:es" v="Avenida Epifanio de los Santos"/>
    <tag k="name:fil" v="Abenida Epifanio de los Santos"/>
    <tag k="name:tl" v="Abenida Epifanio de los Santos"/>
    <tag k="oneway" v="yes"/>
    <tag k="ref" v="1"/>
    <tag k="sidewalk" v="separate"/>
    <tag k="source:maxspeed" v="sign"/>
    <tag k="surface" v="concrete"/>
  </way>
  <way id="1176763760">
    <nd ref="8462571795"/>
    <nd ref="333469778"/>
    <tag k="bus:lanes" v="designated|yes|yes"/>
    <tag k="foot" v="yes"/>
    <tag k="highway" v="trunk"/>
    <tag k="int_ref" v="AH26"/>
    <tag k="int_ref:colour" v="blue"/>
    <tag k="lanes" v="3"/>
    <tag k="lit" v="yes"/>
    <tag k="maxspeed" v="60"/>
    <tag k="maxspeed:bus" v="50"/>
    <tag k="maxspeed:hgv" v="50"/>
    <tag k="name" v="EDSA"/>
    <tag k="name:es" v="Avenida Epifanio de los Santos"/>
    <tag k="name:fil" v="Abenida Epifanio de los Santos"/>
    <tag k="name:tl" v="Abenida Epifanio de los Santos"/>
    <tag k="official_name" v="Epifanio de los Santos Avenue"/>
    <tag k="oneway" v="yes"/>
    <tag k="placement" v="right_of:2"/>
    <tag k="ref" v="1"/>
    <tag k="source:maxspeed" v="sign"/>
    <tag k="surface" v="asphalt"/>
  </way>
  <way id="1176763761">
    <nd ref="8462571787"/>
    <nd ref="8462571795"/>
    <tag k="bus:lanes" v="designated|yes|yes"/>
    <tag k="foot" v="yes"/>
    <tag k="highway" v="trunk"/>
    <tag k="int_ref" v="AH26"/>
    <tag k="int_ref:colour" v="blue"/>
    <tag k="lanes" v="3"/>
    <tag k="lit" v="yes"/>
    <tag k="maxspeed" v="60"/>
    <tag k="maxspeed:bus" v="50"/>
    <tag k="maxspeed:hgv" v="50"/>
    <tag k="name" v="EDSA"/>
    <tag k="name:es" v="Avenida Epifanio de los Santos"/>
    <tag k="name:fil" v="Abenida Epifanio de los Santos"/>
    <tag k="name:tl" v="Abenida Epifanio de los Santos"/>
    <tag k="official_name" v="Epifanio de los Santos Avenue"/>
    <tag k="oneway" v="yes"/>
    <tag k="placement" v="right_of:2"/>
    <tag k="ref" v="1"/>
    <tag k="source:maxspeed" v="sign"/>
    <tag k="surface" v="asphalt"/>
  </way>
  <way id="1185184102">
    <nd ref="9851595386"/>
    <nd ref="12006737691"/>
    <tag k="designation" v="national_primary_road"/>
    <tag k="destination" v="Bonny Serrano"/>
    <tag k="foot" v="yes"/>
    <tag k="highway" v="secondary"/>
    <tag k="int_ref" v="AH26"/>
    <tag k="lanes" v="3"/>
    <tag k="lit" v="yes"/>
    <tag k="maxspeed" v="60"/>
    <tag k="name" v="EDSA"/>
    <tag k="name:es" v="Avenida Epifanio de los Santos"/>
    <tag k="name:fil" v="Abenida Epifanio de los Santos"/>
    <tag k="name:tl" v="Abenida Epifanio de los Santos"/>
    <tag k="official_name" v="Epifanio de los Santos Avenue"/>
    <tag k="oneway" v="yes"/>
    <tag k="ref" v="1"/>
  </way>
  <way id="1192221271">
    <nd ref="11068016556"/>
    <nd ref="11068016553"/>
    <tag k="bicycle" v="use_sidepath"/>
    <tag k="fine:foot" v="5,000 PHP"/>
    <tag k="fine:parking:lane:both" v="5,000 PHP"/>
    <tag k="foot" v="no"/>
    <tag k="highway" v="trunk"/>
    <tag k="int_ref" v="AH26"/>
    <tag k="int_ref:colour" v="blue"/>
    <tag k="lanes" v="5"/>
    <tag k="lit" v="yes"/>
    <tag k="maxspeed" v="60"/>
    <tag k="maxspeed:bus" v="50"/>
    <tag k="maxspeed:hgv" v="50"/>
    <tag k="name" v="EDSA"/>
    <tag k="name:es" v="Avenida Epifanio de los Santos"/>
    <tag k="name:fil" v="Abenida Epifanio de los Santos"/>
    <tag k="name:tl" v="Abenida Epifanio de los Santos"/>
    <tag k="oneway" v="yes"/>
    <tag k="parking:lane:both" v="no_stopping"/>
    <tag k="ref" v="1"/>
    <tag k="sidewalk" v="separate"/>
    <tag k="source:maxspeed" v="sign"/>
    <tag k="surface" v="concrete"/>
  </way>
  <way id="1211233788">
    <nd ref="11222284090"/>
    <nd ref="673308065"/>
    <nd ref="4879643690"/>
    <nd ref="9699847151"/>
    <tag k="change:lanes" v="no|not_left|yes|yes"/>
    <tag k="cycleway:lane" v="advisory"/>
    <tag k="cycleway:right" v="lane"/>
    <tag k="foot" v="yes"/>
    <tag k="highway" v="trunk"/>
    <tag k="int_ref" v="AH26"/>
    <tag k="int_ref:colour" v="blue"/>
    <tag k="lane_markings" v="yes"/>
    <tag k="lanes" v="4"/>
    <tag k="lit" v="yes"/>
    <tag k="maxspeed" v="60"/>
    <tag k="maxspeed:bus" v="50"/>
    <tag k="maxspeed:hgv" v="50"/>
    <tag k="name" v="EDSA"/>
    <tag k="name:es" v="Avenida Epifanio de los Santos"/>
    <tag k="name:fil" v="Abenida Epifanio de los Santos"/>
    <tag k="name:tl" v="Abenida Epifanio de los Santos"/>
    <tag k="official_name" v="Epifanio de los Santos Avenue"/>
    <tag k="oneway" v="yes"/>
    <tag k="oneway:bicycle" v="yes"/>
    <tag k="ref" v="1"/>
    <tag k="sidewalk:right" v="separate"/>
    <tag k="source:maxspeed" v="sign"/>
    <tag k="surface" v="paved"/>
    <tag k="turn:lanes" v="reverse|reverse|through|through"/>
    <tag k="width" v="19.2"/>
  </way>
  <way id="1211233789">
    <nd ref="9699847151"/>
    <nd ref="671874625"/>
    <nd ref="9699847146"/>
    <tag k="cycleway:lane" v="advisory"/>
    <tag k="cycleway:right" v="lane"/>
    <tag k="foot" v="yes"/>
    <tag k="highway" v="trunk"/>
    <tag k="int_ref" v="AH26"/>
    <tag k="int_ref:colour" v="blue"/>
    <tag k="lane_markings" v="yes"/>
    <tag k="lanes" v="4"/>
    <tag k="lit" v="yes"/>
    <tag k="maxspeed" v="60"/>
    <tag k="maxspeed:bus" v="50"/>
    <tag k="maxspeed:hgv" v="50"/>
    <tag k="name" v="EDSA"/>
    <tag k="name:es" v="Avenida Epifanio de los Santos"/>
    <tag k="name:fil" v="Abenida Epifanio de los Santos"/>
    <tag k="name:tl" v="Abenida Epifanio de los Santos"/>
    <tag k="official_name" v="Epifanio de los Santos Avenue"/>
    <tag k="oneway" v="yes"/>
    <tag k="oneway:bicycle" v="yes"/>
    <tag k="ref" v="1"/>
    <tag k="sidewalk:right" v="separate"/>
    <tag k="source:maxspeed" v="sign"/>
    <tag k="surface" v="paved"/>
    <tag k="width" v="19.2"/>
  </way>
  <way id="1211239527">
    <nd ref="671874623"/>
    <nd ref="9699847157"/>
    <tag k="cycleway:lane" v="advisory"/>
    <tag k="cycleway:right" v="lane"/>
    <tag k="foot" v="yes"/>
    <tag k="highway" v="trunk"/>
    <tag k="int_ref" v="AH26"/>
    <tag k="int_ref:colour" v="blue"/>
    <tag k="lane_markings" v="yes"/>
    <tag k="lanes" v="5"/>
    <tag k="lit" v="yes"/>
    <tag k="maxspeed" v="60"/>
    <tag k="maxspeed:bus" v="50"/>
    <tag k="maxspeed:hgv" v="50"/>
    <tag k="name" v="EDSA"/>
    <tag k="name:es" v="Avenida Epifanio de los Santos"/>
    <tag k="name:fil" v="Abenida Epifanio de los Santos"/>
    <tag k="name:tl" v="Abenida Epifanio de los Santos"/>
    <tag k="official_name" v="Epifanio de los Santos Avenue"/>
    <tag k="oneway" v="yes"/>
    <tag k="oneway:bicycle" v="yes"/>
    <tag k="ref" v="1"/>
    <tag k="sidewalk:right" v="separate"/>
    <tag k="source:maxspeed" v="sign"/>
    <tag k="surface" v="paved"/>
    <tag k="width" v="19.2"/>
  </way>
  <way id="1212676310">
    <nd ref="11235215063"/>
    <nd ref="266809148"/>
    <tag k="change:lanes" v="no|no|no|no|no|no"/>
    <tag k="hgv" v="no"/>
    <tag k="highway" v="secondary"/>
    <tag k="lanes" v="6"/>
    <tag k="lit" v="yes"/>
    <tag k="maxspeed" v="60"/>
    <tag k="maxspeed:bus" v="50"/>
    <tag k="maxspeed:hgv" v="50"/>
    <tag k="name" v="EDSA Extension"/>
    <tag k="name:es" v="Avenida Extensión Epifanio de los Santos"/>
    <tag k="name:fil" v="Karugtong ng Abenida Epifanio de los Santos"/>
    <tag k="name:tl" v="Karugtong ng Abenida Epifanio de los Santos"/>
    <tag k="oneway" v="yes"/>
    <tag k="surface" v="asphalt"/>
    <tag k="turn:lanes" v="through|through|through|through|right|right"/>
  </way>
  <way id="1214445310">
    <nd ref="9699847146"/>
    <nd ref="7470961146"/>
    <nd ref="8119843850"/>
    <tag k="cycleway:lane" v="advisory"/>
    <tag k="cycleway:right" v="lane"/>
    <tag k="foot" v="yes"/>
    <tag k="highway" v="trunk"/>
    <tag k="int_ref" v="AH26"/>
    <tag k="int_ref:colour" v="blue"/>
    <tag k="lane_markings" v="yes"/>
    <tag k="lanes" v="4"/>
    <tag k="lit" v="yes"/>
    <tag k="maxspeed" v="60"/>
    <tag k="maxspeed:bus" v="50"/>
    <tag k="maxspeed:hgv" v="50"/>
    <tag k="name" v="EDSA"/>
    <tag k="name:es" v="Avenida Epifanio de los Santos"/>
    <tag k="name:fil" v="Abenida Epifanio de los Santos"/>
    <tag k="name:tl" v="Abenida Epifanio de los Santos"/>
    <tag k="official_name" v="Epifanio de los Santos Avenue"/>
    <tag k="oneway" v="yes"/>
    <tag k="oneway:bicycle" v="yes"/>
    <tag k="ref" v="1"/>
    <tag k="sidewalk:right" v="separate"/>
    <tag k="source:maxspeed" v="sign"/>
    <tag k="surface" v="paved"/>
    <tag k="width" v="19.2"/>
  </way>
  <way id="1214445311">
    <nd ref="5396037028"/>
    <nd ref="5396058474"/>
    <nd ref="8657586005"/>
    <nd ref="9926088652"/>
    <nd ref="5396058478"/>
    <nd ref="4879643691"/>
    <nd ref="8313952230"/>
    <nd ref="8313926372"/>
    <nd ref="5396058468"/>
    <nd ref="5396058470"/>
    <nd ref="250544419"/>
    <nd ref="9926843933"/>
    <tag k="cycleway:right" v="lane"/>
    <tag k="cycleway:right:lane" v="advisory"/>
    <tag k="foot" v="yes"/>
    <tag k="highway" v="trunk"/>
    <tag k="int_ref" v="AH26"/>
    <tag k="int_ref:colour" v="blue"/>
    <tag k="lane_markings" v="yes"/>
    <tag k="lanes" v="5"/>
    <tag k="lit" v="yes"/>
    <tag k="maxspeed" v="60"/>
    <tag k="maxspeed:bus" v="50"/>
    <tag k="maxspeed:hgv" v="50"/>
    <tag k="name" v="EDSA"/>
    <tag k="name:es" v="Avenida Epifanio de los Santos"/>
    <tag k="name:fil" v="Abenida Epifanio de los Santos"/>
    <tag k="name:tl" v="Abenida Epifanio de los Santos"/>
    <tag k="official_name" v="Epifanio de los Santos Avenue"/>
    <tag k="oneway" v="yes"/>
    <tag k="oneway:bicycle" v="yes"/>
    <tag k="ref" v="1"/>
    <tag k="sidewalk:right" v="separate"/>
    <tag k="source:maxspeed" v="sign"/>
    <tag k="surface" v="paved"/>
    <tag k="width" v="19.2"/>
  </way>
  <way id="1244765622">
    <nd ref="88772903"/>
    <nd ref="29098405"/>
    <tag k="cycleway:right" v="lane"/>
    <tag k="designation" v="national_primary_road"/>
    <tag k="foot" v="no"/>
    <tag k="hgv" v="no"/>
    <tag k="highway" v="primary"/>
    <tag k="int_ref" v="AH26"/>
    <tag k="lanes" v="3"/>
    <tag k="lanes:forward" v="3"/>
    <tag k="lit" v="yes"/>
    <tag k="maxspeed" v="60"/>
    <tag k="maxspeed:bus" v="50"/>
    <tag k="maxspeed:hgv" v="50"/>
    <tag k="name" v="EDSA"/>
    <tag k="name:es" v="Avenida Epifanio de los Santos"/>
    <tag k="name:fil" v="Abenida Epifanio de los Santos"/>
    <tag k="name:tl" v="Abenida Epifanio de los Santos"/>
    <tag k="official_name" v="Epifanio de los Santos Avenue"/>
    <tag k="oneway" v="no"/>
    <tag k="ref" v="1"/>
    <tag k="source:maxspeed" v="sign"/>
    <tag k="surface" v="asphalt"/>
  </way>
  <way id="1245172044">
    <nd ref="9926843933"/>
    <nd ref="250544983"/>
    <tag k="cycleway:lane" v="advisory"/>
    <tag k="cycleway:right" v="lane"/>
    <tag k="foot" v="yes"/>
    <tag k="highway" v="trunk"/>
    <tag k="int_ref" v="AH26"/>
    <tag k="int_ref:colour" v="blue"/>
    <tag k="lane_markings" v="yes"/>
    <tag k="lanes" v="5"/>
    <tag k="lit" v="yes"/>
    <tag k="maxheight" v="4.60"/>
    <tag k="maxspeed" v="60"/>
    <tag k="maxspeed:bus" v="50"/>
    <tag k="maxspeed:hgv" v="50"/>
    <tag k="name" v="EDSA"/>
    <tag k="name:es" v="Avenida Epifanio de los Santos"/>
    <tag k="name:fil" v="Abenida Epifanio de los Santos"/>
    <tag k="name:tl" v="Abenida Epifanio de los Santos"/>
    <tag k="official_name" v="Epifanio de los Santos Avenue"/>
    <tag k="oneway" v="yes"/>
    <tag k="oneway:bicycle" v="yes"/>
    <tag k="ref" v="1"/>
    <tag k="sidewalk:right" v="separate"/>
    <tag k="source:maxspeed" v="sign"/>
    <tag k="surface" v="paved"/>
    <tag k="width" v="19.2"/>
  </way>
  <way id="1245172045">
    <nd ref="9926843934"/>
    <nd ref="103784873"/>
    <tag k="cycleway:lane" v="advisory"/>
    <tag k="cycleway:right" v="lane"/>
    <tag k="foot" v="yes"/>
    <tag k="highway" v="trunk"/>
    <tag k="int_ref" v="AH26"/>
    <tag k="int_ref:colour" v="blue"/>
    <tag k="lane_markings" v="yes"/>
    <tag k="lanes" v="4"/>
    <tag k="lit" v="yes"/>
    <tag k="maxheight" v="4.60"/>
    <tag k="maxspeed" v="60"/>
    <tag k="maxspeed:bus" v="50"/>
    <tag k="maxspeed:hgv" v="50"/>
    <tag k="name" v="EDSA"/>
    <tag k="name:es" v="Avenida Epifanio de los Santos"/>
    <tag k="name:fil" v="Abenida Epifanio de los Santos"/>
    <tag k="name:tl" v="Abenida Epifanio de los Santos"/>
    <tag k="official_name" v="Epifanio de los Santos Avenue"/>
    <tag k="oneway" v="yes"/>
    <tag k="oneway:bicycle" v="yes"/>
    <tag k="ref" v="1"/>
    <tag k="sidewalk:right" v="separate"/>
    <tag k="source:maxspeed" v="sign"/>
    <tag k="surface" v="paved"/>
    <tag k="width" v="19.2"/>
  </way>
  <way id="1245172046">
    <nd ref="103784873"/>
    <nd ref="13164427496"/>
    <nd ref="13164427491"/>
    <nd ref="1362327008"/>
    <nd ref="11575691905"/>
    <nd ref="11222284090"/>
    <tag k="cycleway:right" v="lane"/>
    <tag k="cycleway:right:lane" v="advisory"/>
    <tag k="foot" v="yes"/>
    <tag k="highway" v="trunk"/>
    <tag k="int_ref" v="AH26"/>
    <tag k="int_ref:colour" v="blue"/>
    <tag k="lane_markings" v="yes"/>
    <tag k="lanes" v="4"/>
    <tag k="lit" v="yes"/>
    <tag k="maxspeed" v="60"/>
    <tag k="maxspeed:bus" v="50"/>
    <tag k="maxspeed:hgv" v="50"/>
    <tag k="name" v="EDSA"/>
    <tag k="name:es" v="Avenida Epifanio de los Santos"/>
    <tag k="name:fil" v="Abenida Epifanio de los Santos"/>
    <tag k="name:tl" v="Abenida Epifanio de los Santos"/>
    <tag k="official_name" v="Epifanio de los Santos Avenue"/>
    <tag k="oneway" v="yes"/>
    <tag k="oneway:bicycle" v="yes"/>
    <tag k="ref" v="1"/>
    <tag k="sidewalk:right" v="separate"/>
    <tag k="source:maxspeed" v="sign"/>
    <tag k="surface" v="paved"/>
    <tag k="width" v="19.2"/>
  </way>
  <way id="1253101635">
    <nd ref="7244807582"/>
    <nd ref="186466010"/>
    <tag k="designation" v="national_primary_road"/>
    <tag k="foot" v="no"/>
    <tag k="highway" v="trunk_link"/>
    <tag k="int_ref" v="AH26"/>
    <tag k="lanes" v="2"/>
    <tag k="lit" v="yes"/>
    <tag k="maxspeed" v="60"/>
    <tag k="maxspeed:bus" v="50"/>
    <tag k="maxspeed:hgv" v="50"/>
    <tag k="name" v="EDSA"/>
    <tag k="name:es" v="Avenida Epifanio de los Santos"/>
    <tag k="name:fil" v="Abenida Epifanio de los Santos"/>
    <tag k="name:tl" v="Abenida Epifanio de los Santos"/>
    <tag k="official_name" v="Epifanio de los Santos Avenue"/>
    <tag k="oneway" v="yes"/>
    <tag k="ref" v="1"/>
    <tag k="source:maxspeed" v="sign"/>
  </way>
  <way id="1264385327">
    <nd ref="671874629"/>
    <nd ref="674492671"/>
    <tag k="cycleway:lane" v="advisory"/>
    <tag k="cycleway:right" v="lane"/>
    <tag k="foot" v="yes"/>
    <tag k="highway" v="trunk"/>
    <tag k="int_ref" v="AH26"/>
    <tag k="int_ref:colour" v="blue"/>
    <tag k="lane_markings" v="yes"/>
    <tag k="lanes" v="4"/>
    <tag k="lit" v="yes"/>
    <tag k="maxspeed" v="60"/>
    <tag k="maxspeed:bus" v="50"/>
    <tag k="maxspeed:hgv" v="50"/>
    <tag k="name" v="EDSA"/>
    <tag k="name:es" v="Avenida Epifanio de los Santos"/>
    <tag k="name:fil" v="Abenida Epifanio de los Santos"/>
    <tag k="name:tl" v="Abenida Epifanio de los Santos"/>
    <tag k="official_name" v="Epifanio de los Santos Avenue"/>
    <tag k="oneway" v="yes"/>
    <tag k="oneway:bicycle" v="yes"/>
    <tag k="ref" v="1"/>
    <tag k="sidewalk:right" v="separate"/>
    <tag k="source:maxspeed" v="sign"/>
    <tag k="surface" v="asphalt"/>
    <tag k="width" v="19.2"/>
  </way>
  <way id="1264385328">
    <nd ref="1293071630"/>
    <nd ref="671874629"/>
    <tag k="cycleway:lane" v="advisory"/>
    <tag k="cycleway:right" v="lane"/>
    <tag k="foot" v="yes"/>
    <tag k="highway" v="trunk"/>
    <tag k="int_ref" v="AH26"/>
    <tag k="int_ref:colour" v="blue"/>
    <tag k="lane_markings" v="yes"/>
    <tag k="lanes" v="4"/>
    <tag k="lit" v="yes"/>
    <tag k="maxspeed" v="60"/>
    <tag k="maxspeed:bus" v="50"/>
    <tag k="maxspeed:hgv" v="50"/>
    <tag k="name" v="EDSA"/>
    <tag k="name:es" v="Avenida Epifanio de los Santos"/>
    <tag k="name:fil" v="Abenida Epifanio de los Santos"/>
    <tag k="name:tl" v="Abenida Epifanio de los Santos"/>
    <tag k="official_name" v="Epifanio de los Santos Avenue"/>
    <tag k="oneway" v="yes"/>
    <tag k="oneway:bicycle" v="yes"/>
    <tag k="ref" v="1"/>
    <tag k="sidewalk:right" v="separate"/>
    <tag k="source:maxspeed" v="sign"/>
    <tag k="surface" v="asphalt"/>
    <tag k="width" v="19.2"/>
  </way>
  <way id="1267476125">
    <nd ref="24078977"/>
    <nd ref="1497962778"/>
    <tag k="cycleway:right" v="lane"/>
    <tag k="hgv" v="no"/>
    <tag k="highway" v="primary"/>
    <tag k="int_ref" v="AH26"/>
    <tag k="lanes" v="3"/>
    <tag k="lit" v="yes"/>
    <tag k="maxspeed" v="60"/>
    <tag k="maxspeed:bus" v="50"/>
    <tag k="maxspeed:hgv" v="50"/>
    <tag k="name" v="EDSA"/>
    <tag k="name:es" v="Avenida Epifanio de los Santos"/>
    <tag k="name:fil" v="Abenida Epifanio de los Santos"/>
    <tag k="name:tl" v="Abenida Epifanio de los Santos"/>
    <tag k="official_name" v="Epifanio de los Santos Avenue"/>
    <tag k="oneway" v="yes"/>
    <tag k="sidewalk:right" v="yes"/>
    <tag k="source:maxspeed" v="sign"/>
    <tag k="surface" v="concrete"/>
  </way>
  <way id="1290970971">
    <nd ref="321554352"/>
    <nd ref="11668730953"/>
    <nd ref="4242563029"/>
    <nd ref="11969454183"/>
    <nd ref="11969229995"/>
    <nd ref="11668730945"/>
    <tag k="cycleway:right" v="lane"/>
    <tag k="designation" v="national_primary_road"/>
    <tag k="destination" v="Baclaran;Alabang"/>
    <tag k="hgv" v="no"/>
    <tag k="highway" v="trunk_link"/>
    <tag k="int_ref" v="AH26"/>
    <tag k="lanes" v="2"/>
    <tag k="lit" v="yes"/>
    <tag k="maxspeed" v="60"/>
    <tag k="maxspeed:bus" v="50"/>
    <tag k="maxspeed:hgv" v="50"/>
    <tag k="name" v="EDSA"/>
    <tag k="name:es" v="Avenida Epifanio de los Santos"/>
    <tag k="name:fil" v="Abenida Epifanio de los Santos"/>
    <tag k="name:tl" v="Abenida Epifanio de los Santos"/>
    <tag k="official_name" v="Epifanio de los Santos Avenue"/>
    <tag k="oneway" v="yes"/>
    <tag k="ref" v="1"/>
    <tag k="sidewalk:right" v="separate"/>
    <tag k="source:maxspeed" v="sign"/>
    <tag k="surface" v="asphalt"/>
  </way>
  <way id="1290970972">
    <nd ref="5286257642"/>
    <nd ref="11969229997"/>
    <nd ref="11668730945"/>
    <tag k="highway" v="trunk_link"/>
    <tag k="int_ref" v="AH26"/>
    <tag k="name" v="EDSA"/>
    <tag k="name:es" v="Avenida Epifanio de los Santos"/>
    <tag k="name:fil" v="Abenida Epifanio de los Santos"/>
    <tag k="name:tl" v="Abenida Epifanio de los Santos"/>
    <tag k="oneway" v="yes"/>
    <tag k="ref" v="1"/>
  </way>
  <way id="1290970973">
    <nd ref="88772467"/>
    <nd ref="321554358"/>
    <tag k="cycleway:right" v="lane"/>
    <tag k="designation" v="national_primary_road"/>
    <tag k="foot" v="no"/>
    <tag k="hgv" v="no"/>
    <tag k="highway" v="trunk_link"/>
    <tag k="int_ref" v="AH26"/>
    <tag k="lanes" v="2"/>
    <tag k="lit" v="yes"/>
    <tag k="maxspeed" v="60"/>
    <tag k="maxspeed:bus" v="50"/>
    <tag k="maxspeed:hgv" v="50"/>
    <tag k="name" v="EDSA"/>
    <tag k="name:es" v="Avenida Epifanio de los Santos"/>
    <tag k="name:fil" v="Abenida Epifanio de los Santos"/>
    <tag k="name:tl" v="Abenida Epifanio de los Santos"/>
    <tag k="official_name" v="Epifanio de los Santos Avenue"/>
    <tag k="oneway" v="yes"/>
    <tag k="ref" v="1"/>
    <tag k="source:maxspeed" v="sign"/>
    <tag k="surface" v="asphalt"/>
  </way>
  <way id="1290970974">
    <nd ref="12144725805"/>
    <nd ref="12144694424"/>
    <nd ref="5286257642"/>
    <tag k="highway" v="trunk_link"/>
    <tag k="int_ref" v="AH26"/>
    <tag k="name" v="EDSA"/>
    <tag k="name:es" v="Avenida Epifanio de los Santos"/>
    <tag k="name:fil" v="Abenida Epifanio de los Santos"/>
    <tag k="name:tl" v="Abenida Epifanio de los Santos"/>
    <tag k="oneway" v="yes"/>
    <tag k="ref" v="1"/>
  </way>
  <way id="1290970976">
    <nd ref="11969230003"/>
    <nd ref="11969230002"/>
    <nd ref="5286257643"/>
    <tag k="highway" v="trunk_link"/>
    <tag k="int_ref" v="AH26"/>
    <tag k="name" v="EDSA"/>
    <tag k="name:es" v="Avenida Epifanio de los Santos"/>
    <tag k="name:fil" v="Abenida Epifanio de los Santos"/>
    <tag k="name:tl" v="Abenida Epifanio de los Santos"/>
    <tag k="oneway" v="yes"/>
    <tag k="ref" v="1"/>
  </way>
  <way id="1290970977">
    <nd ref="11969230001"/>
    <nd ref="11969230000"/>
    <tag k="highway" v="primary"/>
    <tag k="int_ref" v="AH26"/>
    <tag k="name" v="EDSA"/>
    <tag k="name:es" v="Avenida Epifanio de los Santos"/>
    <tag k="name:fil" v="Abenida Epifanio de los Santos"/>
    <tag k="name:tl" v="Abenida Epifanio de los Santos"/>
    <tag k="oneway" v="yes"/>
    <tag k="ref" v="1"/>
  </way>
  <way id="1290970978">
    <nd ref="11969230004"/>
    <nd ref="11969230001"/>
    <tag k="highway" v="primary"/>
    <tag k="int_ref" v="AH26"/>
    <tag k="name" v="EDSA"/>
    <tag k="name:es" v="Avenida Epifanio de los Santos"/>
    <tag k="name:fil" v="Abenida Epifanio de los Santos"/>
    <tag k="name:tl" v="Abenida Epifanio de los Santos"/>
    <tag k="oneway" v="yes"/>
    <tag k="ref" v="1"/>
  </way>
  <way id="1290970980">
    <nd ref="4242563043"/>
    <nd ref="11969230007"/>
    <nd ref="12029724348"/>
    <nd ref="11969230005"/>
    <nd ref="11969230004"/>
    <tag k="destination" v="Rosario"/>
    <tag k="highway" v="trunk_link"/>
    <tag k="int_ref" v="AH26"/>
    <tag k="name" v="EDSA"/>
    <tag k="name:es" v="Avenida Epifanio de los Santos"/>
    <tag k="name:fil" v="Abenida Epifanio de los Santos"/>
    <tag k="name:tl" v="Abenida Epifanio de los Santos"/>
    <tag k="oneway" v="yes"/>
    <tag k="ref" v="1"/>
  </way>
  <way id="1292131986">
    <nd ref="11978560054"/>
    <nd ref="5289002934"/>
    <tag k="cycleway:lane" v="advisory"/>
    <tag k="cycleway:right" v="lane"/>
    <tag k="cycleway:separation:left" v="solid_line"/>
    <tag k="designation" v="national_primary_road"/>
    <tag k="foot" v="yes"/>
    <tag k="hgv" v="no"/>
    <tag k="highway" v="trunk"/>
    <tag k="int_ref" v="AH26"/>
    <tag k="lanes" v="2"/>
    <tag k="lit" v="yes"/>
    <tag k="maxspeed" v="60"/>
    <tag k="maxspeed:bus" v="50"/>
    <tag k="maxspeed:hgv" v="50"/>
    <tag k="maxweight" v="20"/>
    <tag k="name" v="EDSA"/>
    <tag k="name:es" v="Avenida Epifanio de los Santos"/>
    <tag k="name:fil" v="Abenida Epifanio de los Santos"/>
    <tag k="name:tl" v="Abenida Epifanio de los Santos"/>
    <tag k="official_name" v="Epifanio de los Santos Avenue"/>
    <tag k="oneway" v="yes"/>
    <tag k="ref" v="1"/>
    <tag k="sidewalk" v="right"/>
    <tag k="source:maxspeed" v="sign"/>
    <tag k="surface" v="asphalt"/>
  </way>
  <way id="1295745768">
    <nd ref="12006737691"/>
    <nd ref="60171014"/>
    <tag k="designation" v="national_primary_road"/>
    <tag k="destination" v="Bonny Serrano"/>
    <tag k="foot" v="yes"/>
    <tag k="highway" v="secondary"/>
    <tag k="int_ref" v="AH26"/>
    <tag k="lanes" v="3"/>
    <tag k="lit" v="yes"/>
    <tag k="maxspeed" v="60"/>
    <tag k="name" v="EDSA"/>
    <tag k="name:es" v="Avenida Epifanio de los Santos"/>
    <tag k="name:fil" v="Abenida Epifanio de los Santos"/>
    <tag k="name:tl" v="Abenida Epifanio de los Santos"/>
    <tag k="official_name" v="Epifanio de los Santos Avenue"/>
    <tag k="oneway" v="yes"/>
    <tag k="ref" v="1"/>
  </way>
  <way id="1295745769">
    <nd ref="12006737692"/>
    <nd ref="258776877"/>
    <tag k="designation" v="national_primary_road"/>
    <tag k="destination" v="Bonny Serrano"/>
    <tag k="foot" v="yes"/>
    <tag k="highway" v="secondary"/>
    <tag k="int_ref" v="AH26"/>
    <tag k="lanes" v="2"/>
    <tag k="lit" v="yes"/>
    <tag k="maxspeed" v="60"/>
    <tag k="maxspeed:bus" v="50"/>
    <tag k="maxspeed:hgv" v="50"/>
    <tag k="name" v="EDSA"/>
    <tag k="name:es" v="Avenida Epifanio de los Santos"/>
    <tag k="name:fil" v="Abenida Epifanio de los Santos"/>
    <tag k="name:tl" v="Abenida Epifanio de los Santos"/>
    <tag k="official_name" v="Epifanio de los Santos Avenue"/>
    <tag k="oneway" v="yes"/>
    <tag k="ref" v="1"/>
    <tag k="source:maxspeed" v="sign"/>
    <tag k="surface" v="asphalt"/>
  </way>
  <way id="1296261555">
    <nd ref="720702081"/>
    <nd ref="679547473"/>
    <tag k="cycleway:right" v="lane"/>
    <tag k="designation" v="national_primary_road"/>
    <tag k="hgv" v="no"/>
    <tag k="highway" v="primary"/>
    <tag k="int_ref" v="AH26"/>
    <tag k="lanes" v="2"/>
    <tag k="lit" v="yes"/>
    <tag k="maxspeed" v="60"/>
    <tag k="maxspeed:bus" v="50"/>
    <tag k="maxspeed:hgv" v="50"/>
    <tag k="name" v="EDSA"/>
    <tag k="name:es" v="Avenida Epifanio de los Santos"/>
    <tag k="name:fil" v="Abenida Epifanio de los Santos"/>
    <tag k="name:tl" v="Abenida Epifanio de los Santos"/>
    <tag k="official_name" v="Epifanio de los Santos Avenue"/>
    <tag k="oneway" v="yes"/>
    <tag k="ref" v="1"/>
    <tag k="source:maxspeed" v="sign"/>
  </way>
  <way id="1296261556">
    <nd ref="11956219757"/>
    <nd ref="7418236935"/>
    <tag k="covered" v="yes"/>
    <tag k="cycleway:right" v="separate"/>
    <tag k="designation" v="national_primary_road"/>
    <tag k="hgv" v="no"/>
    <tag k="highway" v="primary"/>
    <tag k="int_ref" v="AH26"/>
    <tag k="lanes" v="2"/>
    <tag k="lit" v="yes"/>
    <tag k="maxspeed" v="60"/>
    <tag k="maxspeed:bus" v="50"/>
    <tag k="maxspeed:hgv" v="50"/>
    <tag k="name" v="EDSA"/>
    <tag k="name:es" v="Avenida Epifanio de los Santos"/>
    <tag k="name:fil" v="Abenida Epifanio de los Santos"/>
    <tag k="name:tl" v="Abenida Epifanio de los Santos"/>
    <tag k="official_name" v="Epifanio de los Santos Avenue"/>
    <tag k="oneway" v="yes"/>
    <tag k="ref" v="1"/>
    <tag k="source:maxspeed" v="sign"/>
  </way>
  <way id="1300055344">
    <nd ref="12042058198"/>
    <nd ref="313474145"/>
    <tag k="cycleway:lane" v="exclusive"/>
    <tag k="cycleway:right" v="track"/>
    <tag k="foot" v="yes"/>
    <tag k="hgv" v="no"/>
    <tag k="highway" v="trunk"/>
    <tag k="int_ref" v="AH26"/>
    <tag k="int_ref:colour" v="blue"/>
    <tag k="lanes" v="5"/>
    <tag k="lit" v="yes"/>
    <tag k="maxspeed" v="60"/>
    <tag k="maxspeed:bus" v="50"/>
    <tag k="maxspeed:hgv" v="50"/>
    <tag k="name" v="EDSA"/>
    <tag k="name:es" v="Avenida Epifanio de los Santos"/>
    <tag k="name:fil" v="Abenida Epifanio de los Santos"/>
    <tag k="name:tl" v="Abenida Epifanio de los Santos"/>
    <tag k="official_name" v="Epifanio de los Santos Avenue"/>
    <tag k="oneway" v="yes"/>
    <tag k="ref" v="1"/>
    <tag k="sidewalk:right" v="separate"/>
    <tag k="source:maxspeed" v="sign"/>
    <tag k="width" v="16.5"/>
  </way>
  <way id="1303398639">
    <nd ref="12378333451"/>
    <nd ref="12378333452"/>
    <nd ref="5291822143"/>
    <tag k="bus_bay" v="right"/>
    <tag k="cycleway:right" v="lane"/>
    <tag k="designation" v="national_primary_road"/>
    <tag k="hgv" v="no"/>
    <tag k="highway" v="primary"/>
    <tag k="int_ref" v="AH26"/>
    <tag k="int_ref:colour" v="blue"/>
    <tag k="lanes" v="3"/>
    <tag k="lit" v="yes"/>
    <tag k="maxspeed" v="60"/>
    <tag k="maxspeed:bus" v="50"/>
    <tag k="maxspeed:hgv" v="50"/>
    <tag k="name" v="EDSA"/>
    <tag k="name:es" v="Avenida Epifanio de los Santos"/>
    <tag k="name:fil" v="Abenida Epifanio de los Santos"/>
    <tag k="name:tl" v="Abenida Epifanio de los Santos"/>
    <tag k="official_name" v="Epifanio de los Santos Avenue"/>
    <tag k="oneway" v="yes"/>
    <tag k="ref" v="1"/>
    <tag k="source:maxspeed" v="sign"/>
    <tag k="surface" v="concrete"/>
  </way>
  <way id="1310664911">
    <nd ref="12132580801"/>
    <nd ref="224865426"/>
    <tag k="cycleway:right" v="lane"/>
    <tag k="foot" v="no"/>
    <tag k="hgv" v="no"/>
    <tag k="highway" v="primary"/>
    <tag k="int_ref" v="AH26"/>
    <tag k="lanes" v="3"/>
    <tag k="lit" v="yes"/>
    <tag k="maxspeed" v="60"/>
    <tag k="maxspeed:bus" v="50"/>
    <tag k="maxspeed:hgv" v="50"/>
    <tag k="name" v="EDSA"/>
    <tag k="name:es" v="Avenida Epifanio de los Santos"/>
    <tag k="name:fil" v="Abenida Epifanio de los Santos"/>
    <tag k="name:tl" v="Abenida Epifanio de los Santos"/>
    <tag k="official_name" v="Epifanio de los Santos Avenue"/>
    <tag k="oneway" v="yes"/>
    <tag k="source:maxspeed" v="sign"/>
  </way>
  <way id="1311528136">
    <nd ref="32168211"/>
    <nd ref="5527137091"/>
    <nd ref="345516366"/>
    <tag k="access:lanes" v="no|"/>
    <tag k="bridge" v="yes"/>
    <tag k="designation" v="national_primary_road"/>
    <tag k="destination:lanes" v="Balintawak;Monumento|Cubao;NLEX"/>
    <tag k="foot" v="no"/>
    <tag k="hgv" v="no"/>
    <tag k="highway" v="trunk"/>
    <tag k="int_ref" v="AH26"/>
    <tag k="int_ref:colour" v="blue"/>
    <tag k="lanes" v="2"/>
    <tag k="layer" v="2"/>
    <tag k="lit" v="yes"/>
    <tag k="maxspeed" v="60"/>
    <tag k="maxspeed:bus" v="50"/>
    <tag k="maxspeed:hgv" v="50"/>
    <tag k="name" v="EDSA"/>
    <tag k="name:es" v="Avenida Epifanio de los Santos"/>
    <tag k="name:fil" v="Abenida Epifanio de los Santos"/>
    <tag k="name:tl" v="Abenida Epifanio de los Santos"/>
    <tag k="official_name" v="Epifanio de los Santos Avenue"/>
    <tag k="oneway" v="yes"/>
    <tag k="ref" v="1"/>
    <tag k="source:maxspeed" v="sign"/>
    <tag k="surface" v="asphalt"/>
  </way>
  <way id="1311884248">
    <nd ref="5472104745"/>
    <nd ref="5351755327"/>
    <tag k="cycleway:right" v="lane"/>
    <tag k="hgv" v="no"/>
    <tag k="highway" v="primary"/>
    <tag k="int_ref" v="AH26"/>
    <tag k="lanes" v="3"/>
    <tag k="lit" v="yes"/>
    <tag k="maxspeed" v="60"/>
    <tag k="maxspeed:bus" v="50"/>
    <tag k="maxspeed:hgv" v="50"/>
    <tag k="name" v="EDSA"/>
    <tag k="name:es" v="Avenida Epifanio de los Santos"/>
    <tag k="name:fil" v="Abenida Epifanio de los Santos"/>
    <tag k="name:tl" v="Abenida Epifanio de los Santos"/>
    <tag k="official_name" v="Epifanio de los Santos Avenue"/>
    <tag k="oneway" v="yes"/>
    <tag k="sidewalk:right" v="yes"/>
    <tag k="source:maxspeed" v="sign"/>
    <tag k="surface" v="concrete"/>
  </way>
  <way id="1311884249">
    <nd ref="5351755326"/>
    <nd ref="24078839"/>
    <tag k="cycleway:right" v="lane"/>
    <tag k="hgv" v="no"/>
    <tag k="highway" v="primary"/>
    <tag k="int_ref" v="AH26"/>
    <tag k="lanes" v="2"/>
    <tag k="lit" v="yes"/>
    <tag k="maxspeed" v="60"/>
    <tag k="maxspeed:bus" v="50"/>
    <tag k="maxspeed:hgv" v="50"/>
    <tag k="name" v="EDSA"/>
    <tag k="name:es" v="Avenida Epifanio de los Santos"/>
    <tag k="name:fil" v="Abenida Epifanio de los Santos"/>
    <tag k="name:tl" v="Abenida Epifanio de los Santos"/>
    <tag k="official_name" v="Epifanio de los Santos Avenue"/>
    <tag k="oneway" v="yes"/>
    <tag k="sidewalk:right" v="separate"/>
    <tag k="source:maxspeed" v="sign"/>
  </way>
  <way id="1311888648">
    <nd ref="12143125958"/>
    <nd ref="7418236940"/>
    <tag k="cycleway:right" v="lane"/>
    <tag k="designation" v="national_primary_road"/>
    <tag k="hgv" v="no"/>
    <tag k="highway" v="primary"/>
    <tag k="int_ref" v="AH26"/>
    <tag k="lanes" v="2"/>
    <tag k="lit" v="yes"/>
    <tag k="maxspeed" v="60"/>
    <tag k="maxspeed:bus" v="50"/>
    <tag k="maxspeed:hgv" v="50"/>
    <tag k="name" v="EDSA"/>
    <tag k="name:es" v="Avenida Epifanio de los Santos"/>
    <tag k="name:fil" v="Abenida Epifanio de los Santos"/>
    <tag k="name:tl" v="Abenida Epifanio de los Santos"/>
    <tag k="official_name" v="Epifanio de los Santos Avenue"/>
    <tag k="oneway" v="yes"/>
    <tag k="ref" v="1"/>
    <tag k="source:maxspeed" v="sign"/>
  </way>
  <way id="1312073457">
    <nd ref="5286257643"/>
    <nd ref="5286257642"/>
    <tag k="highway" v="trunk_link"/>
    <tag k="int_ref" v="AH26"/>
    <tag k="lanes" v="1"/>
    <tag k="name" v="EDSA"/>
    <tag k="name:es" v="Avenida Epifanio de los Santos"/>
    <tag k="name:fil" v="Abenida Epifanio de los Santos"/>
    <tag k="name:tl" v="Abenida Epifanio de los Santos"/>
    <tag k="oneway" v="yes"/>
    <tag k="ref" v="1"/>
  </way>
  <way id="1312074094">
    <nd ref="11969230000"/>
    <nd ref="12144725805"/>
    <tag k="highway" v="primary"/>
    <tag k="int_ref" v="AH26"/>
    <tag k="name" v="EDSA"/>
    <tag k="name:es" v="Avenida Epifanio de los Santos"/>
    <tag k="name:fil" v="Abenida Epifanio de los Santos"/>
    <tag k="name:tl" v="Abenida Epifanio de los Santos"/>
    <tag k="oneway" v="yes"/>
    <tag k="ref" v="1"/>
  </way>
  <way id="1312077739">
    <nd ref="12144723778"/>
    <nd ref="1740120869"/>
    <tag k="foot" v="no"/>
    <tag k="hazmat" v="no"/>
    <tag k="hgv" v="no"/>
    <tag k="highway" v="trunk"/>
    <tag k="int_ref" v="AH26"/>
    <tag k="int_ref:colour" v="blue"/>
    <tag k="lanes" v="2"/>
    <tag k="lit" v="yes"/>
    <tag k="maxspeed" v="60"/>
    <tag k="maxspeed:bus" v="50"/>
    <tag k="maxspeed:hgv" v="50"/>
    <tag k="name" v="EDSA"/>
    <tag k="name:es" v="Avenida Epifanio de los Santos"/>
    <tag k="name:fil" v="Abenida Epifanio de los Santos"/>
    <tag k="name:tl" v="Abenida Epifanio de los Santos"/>
    <tag k="official_name" v="Epifanio de los Santos Avenue"/>
    <tag k="oneway" v="yes"/>
    <tag k="ref" v="1"/>
    <tag k="source" v="Yahoo"/>
    <tag k="source:maxspeed" v="sign"/>
    <tag k="surface" v="asphalt"/>
  </way>
  <way id="1312093772">
    <nd ref="12144909219"/>
    <nd ref="5289006002"/>
    <tag k="covered" v="yes"/>
    <tag k="cycleway:right" v="lane"/>
    <tag k="foot" v="no"/>
    <tag k="hgv" v="no"/>
    <tag k="highway" v="trunk"/>
    <tag k="int_ref" v="AH26"/>
    <tag k="int_ref:colour" v="blue"/>
    <tag k="lanes" v="4"/>
    <tag k="lit" v="yes"/>
    <tag k="maxspeed" v="60"/>
    <tag k="maxspeed:bus" v="50"/>
    <tag k="maxspeed:hgv" v="50"/>
    <tag k="name" v="EDSA"/>
    <tag k="name:es" v="Avenida Epifanio de los Santos"/>
    <tag k="name:fil" v="Abenida Epifanio de los Santos"/>
    <tag k="name:tl" v="Abenida Epifanio de los Santos"/>
    <tag k="official_name" v="Epifanio de los Santos Avenue"/>
    <tag k="oneway" v="yes"/>
    <tag k="ref" v="1"/>
    <tag k="sidewalk" v="separate"/>
    <tag k="source:maxspeed" v="sign"/>
    <tag k="tunnel" v="building_passage"/>
  </way>
  <way id="1338232970">
    <nd ref="5291822149"/>
    <nd ref="12378333451"/>
    <tag k="cycleway:right" v="lane"/>
    <tag k="designation" v="national_primary_road"/>
    <tag k="hgv" v="no"/>
    <tag k="highway" v="primary"/>
    <tag k="int_ref" v="AH26"/>
    <tag k="int_ref:colour" v="blue"/>
    <tag k="lanes" v="3"/>
    <tag k="lit" v="yes"/>
    <tag k="maxspeed" v="60"/>
    <tag k="maxspeed:bus" v="50"/>
    <tag k="maxspeed:hgv" v="50"/>
    <tag k="name" v="EDSA"/>
    <tag k="name:es" v="Avenida Epifanio de los Santos"/>
    <tag k="name:fil" v="Abenida Epifanio de los Santos"/>
    <tag k="name:tl" v="Abenida Epifanio de los Santos"/>
    <tag k="official_name" v="Epifanio de los Santos Avenue"/>
    <tag k="oneway" v="yes"/>
    <tag k="ref" v="1"/>
    <tag k="source:maxspeed" v="sign"/>
    <tag k="surface" v="concrete"/>
  </way>
  <way id="1338232971">
    <nd ref="12378333453"/>
    <nd ref="8382424184"/>
    <tag k="cycleway:right" v="lane"/>
    <tag k="fine:foot" v="2,000 PHP"/>
    <tag k="foot" v="no"/>
    <tag k="hgv" v="no"/>
    <tag k="highway" v="trunk"/>
    <tag k="int_ref" v="AH26"/>
    <tag k="int_ref:colour" v="blue"/>
    <tag k="lanes" v="4"/>
    <tag k="lit" v="yes"/>
    <tag k="maxspeed" v="60"/>
    <tag k="maxspeed:bus" v="50"/>
    <tag k="maxspeed:hgv" v="50"/>
    <tag k="name" v="EDSA"/>
    <tag k="name:es" v="Avenida Epifanio de los Santos"/>
    <tag k="name:fil" v="Abenida Epifanio de los Santos"/>
    <tag k="name:tl" v="Abenida Epifanio de los Santos"/>
    <tag k="official_name" v="Epifanio de los Santos Avenue"/>
    <tag k="oneway" v="yes"/>
    <tag k="ref" v="1"/>
    <tag k="sidewalk:right" v="separate"/>
    <tag k="source:maxspeed" v="sign"/>
    <tag k="surface" v="asphalt"/>
  </way>
  <way id="1339356219">
    <nd ref="138712055"/>
    <nd ref="12389224008"/>
    <tag k="bicycle" v="use_sidepath"/>
    <tag k="bridge" v="yes"/>
    <tag k="change:lanes" v="no|no|no|no|no"/>
    <tag k="fine:parking:lane:both" v="5,000 PHP"/>
    <tag k="hgv" v="no"/>
    <tag k="highway" v="secondary"/>
    <tag k="lanes" v="5"/>
    <tag k="layer" v="1"/>
    <tag k="lit" v="yes"/>
    <tag k="maxspeed" v="60"/>
    <tag k="maxspeed:bus" v="50"/>
    <tag k="maxspeed:hgv" v="50"/>
    <tag k="name" v="EDSA Extension"/>
    <tag k="name:es" v="Avenida Extensión Epifanio de los Santos"/>
    <tag k="name:fil" v="Karugtong ng Abenida Epifanio de los Santos"/>
    <tag k="name:tl" v="Karugtong ng Abenida Epifanio de los Santos"/>
    <tag k="oneway" v="yes"/>
    <tag k="parking:lane:both" v="no_stopping"/>
    <tag k="surface" v="asphalt"/>
    <tag k="turn:lanes" v="left|through|through|through|right"/>
  </way>
  <way id="1339356220">
    <nd ref="12389224008"/>
    <nd ref="25426152"/>
    <tag k="bicycle" v="use_sidepath"/>
    <tag k="change:lanes" v="no|no|no|no|no"/>
    <tag k="fine:parking:lane:both" v="5,000 PHP"/>
    <tag k="hgv" v="no"/>
    <tag k="highway" v="secondary"/>
    <tag k="lanes" v="5"/>
    <tag k="lit" v="yes"/>
    <tag k="maxspeed" v="60"/>
    <tag k="maxspeed:bus" v="50"/>
    <tag k="maxspeed:hgv" v="50"/>
    <tag k="name" v="EDSA Extension"/>
    <tag k="name:es" v="Avenida Extensión Epifanio de los Santos"/>
    <tag k="name:fil" v="Karugtong ng Abenida Epifanio de los Santos"/>
    <tag k="name:tl" v="Karugtong ng Abenida Epifanio de los Santos"/>
    <tag k="oneway" v="yes"/>
    <tag k="parking:lane:both" v="no_stopping"/>
    <tag k="surface" v="asphalt"/>
    <tag k="turn:lanes" v="left|through|through|through|right"/>
  </way>
  <way id="1343298477">
    <nd ref="7504935578"/>
    <nd ref="88783440"/>
    <tag k="covered" v="yes"/>
    <tag k="cycleway:right" v="lane"/>
    <tag k="foot" v="yes"/>
    <tag k="highway" v="trunk"/>
    <tag k="int_ref" v="AH26"/>
    <tag k="int_ref:colour" v="blue"/>
    <tag k="lanes" v="4"/>
    <tag k="lit" v="yes"/>
    <tag k="maxspeed" v="60"/>
    <tag k="maxspeed:bus" v="50"/>
    <tag k="maxspeed:hgv" v="50"/>
    <tag k="name" v="EDSA"/>
    <tag k="name:es" v="Avenida Epifanio de los Santos"/>
    <tag k="name:fil" v="Abenida Epifanio de los Santos"/>
    <tag k="name:tl" v="Abenida Epifanio de los Santos"/>
    <tag k="official_name" v="Epifanio de los Santos Avenue"/>
    <tag k="oneway" v="yes"/>
    <tag k="ref" v="1"/>
    <tag k="sidewalk" v="right"/>
    <tag k="source:maxspeed" v="sign"/>
    <tag k="surface" v="asphalt"/>
    <tag k="tunnel" v="building_passage"/>
    <tag k="width" v="19.2"/>
  </way>
  <way id="1343298478">
    <nd ref="12429019654"/>
    <nd ref="593999447"/>
    <tag k="covered" v="yes"/>
    <tag k="cycleway:right" v="lane"/>
    <tag k="foot" v="yes"/>
    <tag k="highway" v="trunk"/>
    <tag k="int_ref" v="AH26"/>
    <tag k="int_ref:colour" v="blue"/>
    <tag k="lanes" v="4"/>
    <tag k="lit" v="yes"/>
    <tag k="maxspeed" v="60"/>
    <tag k="maxspeed:bus" v="50"/>
    <tag k="maxspeed:hgv" v="50"/>
    <tag k="name" v="EDSA"/>
    <tag k="name:es" v="Avenida Epifanio de los Santos"/>
    <tag k="name:fil" v="Abenida Epifanio de los Santos"/>
    <tag k="name:tl" v="Abenida Epifanio de los Santos"/>
    <tag k="official_name" v="Epifanio de los Santos Avenue"/>
    <tag k="oneway" v="yes"/>
    <tag k="ref" v="1"/>
    <tag k="sidewalk" v="separate"/>
    <tag k="source:maxspeed" v="sign"/>
    <tag k="surface" v="asphalt"/>
    <tag k="tunnel" v="building_passage"/>
    <tag k="width" v="19.2"/>
  </way>
  <way id="1353225998">
    <nd ref="9979537324"/>
    <nd ref="35456301"/>
    <tag k="cycleway:right" v="lane"/>
    <tag k="foot" v="no"/>
    <tag k="highway" v="trunk"/>
    <tag k="int_ref" v="AH26"/>
    <tag k="int_ref:colour" v="blue"/>
    <tag k="lanes" v="3"/>
    <tag k="lit" v="yes"/>
    <tag k="maxspeed" v="60"/>
    <tag k="maxspeed:bus" v="50"/>
    <tag k="maxspeed:hgv" v="50"/>
    <tag k="name" v="EDSA"/>
    <tag k="name:es" v="Avenida Epifanio de los Santos"/>
    <tag k="name:fil" v="Abenida Epifanio de los Santos"/>
    <tag k="name:tl" v="Abenida Epifanio de los Santos"/>
    <tag k="official_name" v="Epifanio de los Santos Avenue"/>
    <tag k="oneway" v="yes"/>
    <tag k="ref" v="1"/>
    <tag k="sidewalk" v="separate"/>
    <tag k="source:maxspeed" v="sign"/>
    <tag k="surface" v="asphalt"/>
    <tag k="width" v="19.2"/>
  </way>
  <way id="1375735465">
    <nd ref="9765218337"/>
    <nd ref="6510457564"/>
    <nd ref="11656507464"/>
    <nd ref="88764198"/>
    <tag k="cycleway:right" v="lane"/>
    <tag k="foot" v="yes"/>
    <tag k="highway" v="trunk"/>
    <tag k="int_ref" v="AH26"/>
    <tag k="int_ref:colour" v="blue"/>
    <tag k="lanes" v="4"/>
    <tag k="lit" v="yes"/>
    <tag k="maxspeed" v="60"/>
    <tag k="maxspeed:bus" v="50"/>
    <tag k="maxspeed:hgv" v="50"/>
    <tag k="name" v="EDSA"/>
    <tag k="name:abbr" v="EDSA"/>
    <tag k="name:es" v="Avenida Epifanio de los Santos"/>
    <tag k="name:fil" v="Abenida Epifanio de los Santos"/>
    <tag k="name:tl" v="Abenida Epifanio de los Santos"/>
    <tag k="official_name" v="Epifanio de los Santos Avenue"/>
    <tag k="oneway" v="yes"/>
    <tag k="ref" v="1"/>
    <tag k="source:maxspeed" v="sign"/>
    <tag k="surface" v="concrete"/>
    <tag k="width" v="19.2"/>
  </way>
  <way id="1375735482">
    <nd ref="8314746526"/>
    <nd ref="9765218335"/>
    <tag k="cycleway:right" v="lane"/>
    <tag k="foot" v="no"/>
    <tag k="highway" v="trunk"/>
    <tag k="int_ref" v="AH26"/>
    <tag k="int_ref:colour" v="blue"/>
    <tag k="lanes" v="4"/>
    <tag k="lit" v="yes"/>
    <tag k="maxspeed" v="60"/>
    <tag k="maxspeed:bus" v="50"/>
    <tag k="maxspeed:hgv" v="50"/>
    <tag k="name" v="EDSA"/>
    <tag k="name:abbr" v="EDSA"/>
    <tag k="name:es" v="Avenida Epifanio de los Santos"/>
    <tag k="name:fil" v="Abenida Epifanio de los Santos"/>
    <tag k="name:tl" v="Abenida Epifanio de los Santos"/>
    <tag k="official_name" v="Epifanio de los Santos Avenue"/>
    <tag k="oneway" v="yes"/>
    <tag k="ref" v="1"/>
    <tag k="source:maxspeed" v="sign"/>
    <tag k="surface" v="concrete"/>
    <tag k="width" v="19.2"/>
  </way>
  <way id="1444398371">
    <nd ref="8459730704"/>
    <nd ref="746066074"/>
    <nd ref="186466037"/>
    <tag k="designation" v="national_primary_road"/>
    <tag k="foot" v="yes"/>
    <tag k="highway" v="trunk_link"/>
    <tag k="int_ref" v="AH26"/>
    <tag k="lanes" v="2"/>
    <tag k="lit" v="yes"/>
    <tag k="maxspeed" v="60"/>
    <tag k="maxspeed:bus" v="50"/>
    <tag k="maxspeed:hgv" v="50"/>
    <tag k="name" v="EDSA"/>
    <tag k="name:es" v="Avenida Epifanio de los Santos"/>
    <tag k="name:fil" v="Abenida Epifanio de los Santos"/>
    <tag k="name:tl" v="Abenida Epifanio de los Santos"/>
    <tag k="official_name" v="Epifanio de los Santos Avenue"/>
    <tag k="oneway" v="yes"/>
    <tag k="ref" v="1"/>
    <tag k="source:maxspeed" v="sign"/>
  </way>
  <way id="1456820749">
    <nd ref="12018581374"/>
    <nd ref="258776816"/>
    <tag k="designation" v="national_primary_road"/>
    <tag k="foot" v="yes"/>
    <tag k="highway" v="secondary"/>
    <tag k="int_ref" v="AH26"/>
    <tag k="lanes" v="3"/>
    <tag k="lit" v="yes"/>
    <tag k="maxspeed" v="60"/>
    <tag k="maxspeed:bus" v="50"/>
    <tag k="maxspeed:hgv" v="50"/>
    <tag k="name" v="EDSA"/>
    <tag k="name:es" v="Avenida Epifanio de los Santos"/>
    <tag k="name:fil" v="Abenida Epifanio de los Santos"/>
    <tag k="name:tl" v="Abenida Epifanio de los Santos"/>
    <tag k="official_name" v="Epifanio de los Santos Avenue"/>
    <tag k="oneway" v="yes"/>
    <tag k="ref" v="1"/>
    <tag k="source:maxspeed" v="sign"/>
  </way>
  <way id="1469989636">
    <nd ref="8382424181"/>
    <nd ref="6264891389"/>
    <tag k="cycleway:right" v="lane"/>
    <tag k="designation" v="national_primary_road"/>
    <tag k="fine:foot" v="2,000 PHP"/>
    <tag k="fine:hgv" v="5,000 PHP"/>
    <tag k="foot" v="no"/>
    <tag k="hgv" v="no"/>
    <tag k="highway" v="primary"/>
    <tag k="int_ref" v="AH26"/>
    <tag k="int_ref:colour" v="blue"/>
    <tag k="lanes" v="2"/>
    <tag k="lit" v="yes"/>
    <tag k="maxspeed" v="40"/>
    <tag k="maxspeed:bus" v="30"/>
    <tag k="name" v="EDSA"/>
    <tag k="name:es" v="Avenida Epifanio de los Santos"/>
    <tag k="name:fil" v="Abenida Epifanio de los Santos"/>
    <tag k="name:tl" v="Abenida Epifanio de los Santos"/>
    <tag k="official_name" v="Epifanio de los Santos Avenue"/>
    <tag k="oneway" v="yes"/>
    <tag k="ref" v="1"/>
    <tag k="sidewalk:right" v="separate"/>
    <tag k="surface" v="concrete"/>
  </way>
  <way id="1469989637">
    <nd ref="8382424184"/>
    <nd ref="8382424182"/>
    <nd ref="288463431"/>
    <tag k="cycleway:right" v="lane"/>
    <tag k="designation" v="national_primary_road"/>
    <tag k="fine:foot" v="2,000 PHP"/>
    <tag k="fine:hgv" v="5,000 PHP"/>
    <tag k="foot" v="no"/>
    <tag k="hgv" v="no"/>
    <tag k="highway" v="primary"/>
    <tag k="int_ref" v="AH26"/>
    <tag k="int_ref:colour" v="blue"/>
    <tag k="lanes" v="2"/>
    <tag k="lit" v="yes"/>
    <tag k="maxspeed" v="40"/>
    <tag k="maxspeed:bus" v="30"/>
    <tag k="name" v="EDSA"/>
    <tag k="name:es" v="Avenida Epifanio de los Santos"/>
    <tag k="name:fil" v="Abenida Epifanio de los Santos"/>
    <tag k="name:tl" v="Abenida Epifanio de los Santos"/>
    <tag k="official_name" v="Epifanio de los Santos Avenue"/>
    <tag k="oneway" v="yes"/>
    <tag k="ref" v="1"/>
    <tag k="sidewalk:right" v="separate"/>
    <tag k="surface" v="concrete"/>
  </way>
  <way id="1496870784">
    <nd ref="13710396927"/>
    <nd ref="243433817"/>
    <tag k="bus:lanes" v="designated|yes|yes|yes|yes"/>
    <tag k="foot" v="yes"/>
    <tag k="highway" v="trunk"/>
    <tag k="int_ref" v="AH26"/>
    <tag k="int_ref:colour" v="blue"/>
    <tag k="lanes" v="5"/>
    <tag k="lanes:bus" v="2"/>
    <tag k="lit" v="yes"/>
    <tag k="maxspeed" v="60"/>
    <tag k="maxspeed:bus" v="50"/>
    <tag k="maxspeed:hgv" v="50"/>
    <tag k="name" v="EDSA"/>
    <tag k="name:es" v="Avenida Epifanio de los Santos"/>
    <tag k="name:fil" v="Abenida Epifanio de los Santos"/>
    <tag k="name:tl" v="Abenida Epifanio de los Santos"/>
    <tag k="official_name" v="Epifanio de los Santos Avenue"/>
    <tag k="oneway" v="yes"/>
    <tag k="ref" v="1"/>
    <tag k="source:maxspeed" v="sign"/>
    <tag k="surface" v="asphalt"/>
  </way>
  <way id="1525304520">
    <nd ref="8647327365"/>
    <nd ref="8647327362"/>
    <tag k="cycleway:right" v="lane"/>
    <tag k="foot" v="yes"/>
    <tag k="highway" v="trunk"/>
    <tag k="int_ref" v="AH26"/>
    <tag k="int_ref:colour" v="blue"/>
    <tag k="lanes" v="4"/>
    <tag k="lit" v="yes"/>
    <tag k="maxspeed" v="60"/>
    <tag k="maxspeed:bus" v="50"/>
    <tag k="maxspeed:hgv" v="50"/>
    <tag k="name" v="EDSA"/>
    <tag k="name:abbr" v="EDSA"/>
    <tag k="name:es" v="Avenida Epifanio de los Santos"/>
    <tag k="name:fil" v="Abenida Epifanio de los Santos"/>
    <tag k="name:tl" v="Abenida Epifanio de los Santos"/>
    <tag k="nat_ref" v="1"/>
    <tag k="official_name" v="Epifanio de los Santos Avenue"/>
    <tag k="oneway" v="yes"/>
    <tag k="ref" v="1"/>
    <tag k="source:maxspeed" v="sign"/>
    <tag k="surface" v="concrete"/>
    <tag k="width" v="19.2"/>
  </way>
  <way id="1525304521">
    <nd ref="88764198"/>
    <nd ref="8647327365"/>
    <tag k="cycleway:right" v="lane"/>
    <tag k="foot" v="yes"/>
    <tag k="highway" v="trunk"/>
    <tag k="int_ref" v="AH26"/>
    <tag k="int_ref:colour" v="blue"/>
    <tag k="lanes" v="4"/>
    <tag k="lit" v="yes"/>
    <tag k="maxspeed" v="60"/>
    <tag k="maxspeed:bus" v="50"/>
    <tag k="maxspeed:hgv" v="50"/>
    <tag k="name" v="EDSA"/>
    <tag k="name:abbr" v="EDSA"/>
    <tag k="name:es" v="Avenida Epifanio de los Santos"/>
    <tag k="name:fil" v="Abenida Epifanio de los Santos"/>
    <tag k="name:tl" v="Abenida Epifanio de los Santos"/>
    <tag k="nat_ref" v="1"/>
    <tag k="official_name" v="Epifanio de los Santos Avenue"/>
    <tag k="oneway" v="yes"/>
    <tag k="ref" v="1"/>
    <tag k="source:maxspeed" v="sign"/>
    <tag k="surface" v="concrete"/>
    <tag k="width" v="19.2"/>
  </way>
  <way id="1539931392">
    <nd ref="9765218335"/>
    <nd ref="79626404"/>
    <tag k="cycleway:right" v="lane"/>
    <tag k="foot" v="no"/>
    <tag k="highway" v="trunk"/>
    <tag k="int_ref" v="AH26"/>
    <tag k="int_ref:colour" v="blue"/>
    <tag k="lanes" v="4"/>
    <tag k="lit" v="yes"/>
    <tag k="maxspeed" v="60"/>
    <tag k="maxspeed:bus" v="50"/>
    <tag k="maxspeed:hgv" v="50"/>
    <tag k="name" v="EDSA"/>
    <tag k="name:abbr" v="EDSA"/>
    <tag k="name:es" v="Avenida Epifanio de los Santos"/>
    <tag k="name:fil" v="Abenida Epifanio de los Santos"/>
    <tag k="name:tl" v="Abenida Epifanio de los Santos"/>
    <tag k="official_name" v="Epifanio de los Santos Avenue"/>
    <tag k="oneway" v="yes"/>
    <tag k="ref" v="1"/>
    <tag k="source:maxspeed" v="sign"/>
    <tag k="surface" v="concrete"/>
    <tag k="width" v="19.2"/>
  </way>
  <way id="1546846899">
    <nd ref="5414144583"/>
    <nd ref="299385789"/>
    <tag k="cycleway:right" v="lane"/>
    <tag k="cycleway:separation:left" v="solid_line"/>
    <tag k="foot" v="yes"/>
    <tag k="hgv" v="no"/>
    <tag k="highway" v="trunk"/>
    <tag k="int_ref" v="AH26"/>
    <tag k="int_ref:colour" v="blue"/>
    <tag k="lanes" v="3"/>
    <tag k="lit" v="yes"/>
    <tag k="maxheight:signed" v="no"/>
    <tag k="maxspeed" v="90"/>
    <tag k="maxspeed:bus" v="50"/>
    <tag k="maxspeed:hgv" v="50"/>
    <tag k="name" v="EDSA"/>
    <tag k="name:es" v="Avenida Epifanio de los Santos"/>
    <tag k="name:fil" v="Abenida Epifanio de los Santos"/>
    <tag k="name:tl" v="Abenida Epifanio de los Santos"/>
    <tag k="official_name" v="Epifanio de los Santos Avenue"/>
    <tag k="oneway" v="yes"/>
    <tag k="ref" v="1"/>
    <tag k="sidewalk:right" v="separate"/>
    <tag k="source:maxspeed" v="sign"/>
  </way>
  <way id="1553330499">
    <nd ref="833184550"/>
    <nd ref="1723298722"/>
    <tag k="cycleway:right" v="lane"/>
    <tag k="fine:parking:lane:both" v="5,000 PHP"/>
    <tag k="foot" v="use_sidepath"/>
    <tag k="highway" v="trunk"/>
    <tag k="int_ref" v="AH26"/>
    <tag k="int_ref:colour" v="blue"/>
    <tag k="lanes" v="4"/>
    <tag k="lit" v="yes"/>
    <tag k="maxspeed" v="60"/>
    <tag k="maxspeed:bus" v="50"/>
    <tag k="maxspeed:hgv" v="50"/>
    <tag k="name" v="EDSA"/>
    <tag k="name:es" v="Avenida Epifanio de los Santos"/>
    <tag k="name:fil" v="Abenida Epifanio de los Santos"/>
    <tag k="name:tl" v="Abenida Epifanio de los Santos"/>
    <tag k="oneway" v="yes"/>
    <tag k="parking:lane:both" v="no_stopping"/>
    <tag k="placement" v="left_of:3"/>
    <tag k="ref" v="1"/>
    <tag k="sidewalk" v="separate"/>
    <tag k="source:maxspeed" v="sign"/>
    <tag k="surface" v="concrete"/>
  </way>
  <way id="1553330501">
    <nd ref="8386859818"/>
    <nd ref="922440797"/>
    <tag k="bicycle" v="use_sidepath"/>
    <tag k="foot" v="use_sidepath"/>
    <tag k="highway" v="trunk"/>
    <tag k="int_ref" v="AH26"/>
    <tag k="int_ref:colour" v="blue"/>
    <tag k="lanes" v="5"/>
    <tag k="lit" v="yes"/>
    <tag k="maxspeed" v="60"/>
    <tag k="maxspeed:bus" v="50"/>
    <tag k="maxspeed:hgv" v="50"/>
    <tag k="name" v="EDSA"/>
    <tag k="name:es" v="Avenida Epifanio de los Santos"/>
    <tag k="name:fil" v="Abenida Epifanio de los Santos"/>
    <tag k="name:tl" v="Abenida Epifanio de los Santos"/>
    <tag k="oneway" v="yes"/>
    <tag k="ref" v="1"/>
    <tag k="sidewalk" v="separate"/>
    <tag k="source:maxspeed" v="sign"/>
    <tag k="surface" v="concrete"/>
  </way>
  <node id="57127910" lat="14.5355544" lon="120.9848365"/>
  <node id="248838703" lat="14.5356378" lon="120.9855259"/>
  <node id="266809148" lat="14.5354048" lon="120.9855480"/>
  <node id="339399837" lat="14.5357176" lon="120.9858907"/>
  <node id="6004089883" lat="14.5355248" lon="120.9849532"/>
  <node id="8240125007" lat="14.5352015" lon="120.9849277"/>
  <node id="8240981216" lat="14.5352458" lon="120.9849523"/>
  <node id="8241078217" lat="14.5352786" lon="120.9849911"/>
  <node id="8241078240" lat="14.5355336" lon="120.9848791"/>
  <node id="9955916016" lat="14.5355249" lon="120.9850422"/>
  <node id="9989152445" lat="14.5355920" lon="120.9847870"/>
  <node id="9989152446" lat="14.5351362" lon="120.9849001"/>
  <node id="11235215063" lat="14.5353386" lon="120.9852507"/>
  <node id="24915141" lat="14.5361547" lon="120.9888757"/>
  <node id="24915142" lat="14.5361961" lon="120.9890502"/>
  <node id="25389523" lat="14.5371940" lon="120.9923399"/>
  <node id="25426152" lat="14.5369329" lon="120.9923715"/>
  <node id="27049103" lat="14.5369373" lon="120.9912549"/>
  <node id="138712026" lat="14.5371284" lon="120.9920490"/>
  <node id="138712055" lat="14.5368742" lon="120.9920810"/>
  <node id="138712174" lat="14.5371725" lon="120.9922447"/>
  <node id="348029009" lat="14.5368737" lon="120.9909907"/>
  <node id="1107250611" lat="14.5370632" lon="120.9917781"/>
  <node id="1627742469" lat="14.5363644" lon="120.9888480"/>
  <node id="1627742471" lat="14.5364056" lon="120.9890261"/>
  <node id="1690194022" lat="14.5366449" lon="120.9900403"/>
  <node id="1705520753" lat="14.5360373" lon="120.9883532"/>
  <node id="5362391625" lat="14.5367376" lon="120.9914680"/>
  <node id="5371381746" lat="14.5360466" lon="120.9873951"/>
  <node id="6393959925" lat="14.5360821" lon="120.9875574"/>
  <node id="6580439033" lat="14.5367665" lon="120.9905457"/>
  <node id="6580439036" lat="14.5366999" lon="120.9902687"/>
  <node id="6773467728" lat="14.5364284" lon="120.9891230"/>
  <node id="6773467731" lat="14.5362175" lon="120.9891456"/>
  <node id="6773467732" lat="14.5363368" lon="120.9887219"/>
  <node id="6773467733" lat="14.5361257" lon="120.9887478"/>
  <node id="8333006396" lat="14.5358346" lon="120.9874729"/>
  <node id="8333006401" lat="14.5357755" lon="120.9871887"/>
  <node id="8667980587" lat="14.5359682" lon="120.9880467"/>
  <node id="8667980590" lat="14.5358892" lon="120.9876963"/>
  <node id="8667980591" lat="14.5357608" lon="120.9871270"/>
  <node id="8667980594" lat="14.5356680" lon="120.9867155"/>
  <node id="8670428750" lat="14.5365559" lon="120.9896861"/>
  <node id="8998251485" lat="14.5368680" lon="120.9920538"/>
  <node id="9398002640" lat="14.5365934" lon="120.9908243"/>
  <node id="9398002643" lat="14.5363747" lon="120.9898475"/>
  <node id="9398002659" lat="14.5367740" lon="120.9916383"/>
  <node id="9398002669" lat="14.5362260" lon="120.9882154"/>
  <node id="9398002671" lat="14.5359387" lon="120.9879159"/>
  <node id="9398002674" lat="14.5364846" lon="120.9903385"/>
  <node id="9398002676" lat="14.5367941" lon="120.9906602"/>
  <node id="9398002684" lat="14.5358701" lon="120.9865878"/>
  <node id="12389224008" lat="14.5369138" lon="120.9922642"/>
  <node id="12428802650" lat="14.5358792" lon="120.9876522"/>
  <node id="13130124001" lat="14.5371039" lon="120.9919393"/>
  <node id="14132443082" lat="14.5370079" lon="120.9915483"/>
  <node id="12067308" lat="14.5378672" lon="120.9957327"/>
  <node id="21590566" lat="14.5372995" lon="120.9928809"/>
  <node id="24080055" lat="14.5376173" lon="120.9957652"/>
  <node id="24915143" lat="14.5369808" lon="120.9926193"/>
  <node id="25389521" lat="14.5372408" lon="120.9925870"/>
  <node id="25426149" lat="14.5370465" lon="120.9929099"/>
  <node id="34012852" lat="14.5378667" lon="120.9974185"/>
  <node id="34012859" lat="14.5376333" lon="120.9975079"/>
  <node id="140992612" lat="14.5379025" lon="120.9966017"/>
  <node id="243951193" lat="14.5376631" lon="120.9966407"/>
  <node id="243951194" lat="14.5378027" lon="120.9951587"/>
  <node id="243951195" lat="14.5375659" lon="120.9952070"/>
  <node id="331672815" lat="14.5378026" lon="120.9982994"/>
  <node id="371129865" lat="14.5374586" lon="120.9935680"/>
  <node id="414584559" lat="14.5375696" lon="120.9983432"/>
  <node id="833184498" lat="14.5375978" lon="120.9955067"/>
  <node id="833184550" lat="14.5376124" lon="120.9942099"/>
  <node id="922440797" lat="14.5378835" lon="120.9971917"/>
  <node id="1723298719" lat="14.5375262" lon="120.9949917"/>
  <node id="1723298722" lat="14.5375918" lon="120.9941267"/>
  <node id="6510098425" lat="14.5376513" lon="120.9971865"/>
  <node id="6510098426" lat="14.5378993" lon="120.9969592"/>
  <node id="7961927120" lat="14.5373292" lon="120.9941855"/>
  <node id="8383580096" lat="14.5375956" lon="120.9954862"/>
  <node id="8386859818" lat="14.5378700" lon="120.9973661"/>
  <node id="8637608837" lat="14.5375572" lon="120.9939867"/>
  <node id="9854396128" lat="14.5370163" lon="120.9927640"/>
  <node id="11068016553" lat="14.5375139" lon="120.9990510"/>
  <node id="11068016556" lat="14.5375202" lon="120.9989741"/>
  <node id="13043926866" lat="14.5377370" lon="120.9990647"/>
  <node id="13043926878" lat="14.5377458" lon="120.9989621"/>
  <node id="13114148450" lat="14.5379002" lon="120.9968627"/>
  <node id="24080291" lat="14.5374525" lon="121.0014700"/>
  <node id="25650633" lat="14.5376696" lon="121.0031290"/>
  <node id="32167669" lat="14.5378367" lon="121.0044673"/>
  <node id="143676951" lat="14.5376637" lon="121.0006428"/>
  <node id="143676963" lat="14.5374014" lon="121.0005623"/>
  <node id="143676980" lat="14.5376681" lon="121.0007401"/>
  <node id="243796885" lat="14.5381742" lon="121.0048491"/>
  <node id="313099445" lat="14.5374628" lon="121.0015388"/>
  <node id="313099577" lat="14.5378047" lon="121.0042115"/>
  <node id="313099686" lat="14.5376878" lon="120.9996379"/>
  <node id="316955026" lat="14.5377436" lon="121.0014002"/>
  <node id="316955350" lat="14.5379757" lon="121.0031877"/>
  <node id="445412176" lat="14.5379266" lon="121.0051877"/>
  <node id="614127344" lat="14.5377481" lon="121.0014331"/>
  <node id="983430262" lat="14.5376587" lon="121.0004884"/>
  <node id="1107250621" lat="14.5376119" lon="121.0026852"/>
  <node id="1263630907" lat="14.5380506" lon="121.0038204"/>
  <node id="1323803268" lat="14.5374610" lon="120.9996899"/>
  <node id="1423836315" lat="14.5377936" lon="121.0041219"/>
  <node id="1423836325" lat="14.5380807" lon="121.0040708"/>
  <node id="1966222183" lat="14.5374193" lon="121.0011214"/>
  <node id="1966222184" lat="14.5374094" lon="121.0009522"/>
  <node id="4433895789" lat="14.5375023" lon="120.9991988"/>
  <node id="4844600668" lat="14.5374232" lon="121.0012139"/>
  <node id="5313631909" lat="14.5376927" lon="121.0033138"/>
  <node id="5414109107" lat="14.5374438" lon="121.0014123"/>
  <node id="5527137111" lat="14.5377200" lon="121.0011816"/>
  <node id="6225038889" lat="14.5374122" lon="121.0001793"/>
  <node id="6960116824" lat="14.5374012" lon="121.0006849"/>
  <node id="7399609031" lat="14.5378294" lon="121.0044087"/>
  <node id="8646850680" lat="14.5376596" lon="121.0004615"/>
  <node id="8688202810" lat="14.5381259" lon="121.0044334"/>
  <node id="8688202816" lat="14.5381433" lon="121.0045917"/>
  <node id="10303501517" lat="14.5380449" lon="121.0037733"/>
  <node id="11694635122" lat="14.5375389" lon="121.0021236"/>
  <node id="11990898377" lat="14.5378834" lon="121.0024611"/>
  <node id="13043926867" lat="14.5377167" lon="120.9993014"/>
  <node id="13155695648" lat="14.5378261" lon="121.0043823"/>
  <node id="13155695670" lat="14.5378172" lon="121.0043114"/>
  <node id="13278948641" lat="14.5376659" lon="121.0006913"/>
  <node id="320507945" lat="14.6570478" lon="120.9854848"/>
  <node id="323115614" lat="14.6569756" lon="120.9843089"/>
  <node id="6542426129" lat="14.6570157" lon="120.9845184"/>
  <node id="7569423002" lat="14.6570214" lon="120.9846306"/>
  <node id="8647273810" lat="14.6570505" lon="120.9856966"/>
  <node id="9764865366" lat="14.6570003" lon="120.9844071"/>
  <node id="9994946233" lat="14.6570588" lon="120.9859105"/>
  <node id="88762715" lat="14.6571132" lon="120.9904356"/>
  <node id="88764198" lat="14.6570996" lon="120.9882441"/>
  <node id="6510457564" lat="14.6570680" lon="120.9865096"/>
  <node id="8393669617" lat="14.6571154" lon="120.9906051"/>
  <node id="8647327362" lat="14.6571113" lon="120.9893221"/>
  <node id="8647327365" lat="14.6571131" lon="120.9890648"/>
  <node id="9458588329" lat="14.6571251" lon="120.9909643"/>
  <node id="9458588338" lat="14.6571176" lon="120.9907767"/>
  <node id="9765218337" lat="14.6570608" lon="120.9860440"/>
  <node id="9765242230" lat="14.6571084" lon="120.9894432"/>
  <node id="10747679665" lat="14.6571128" lon="120.9903165"/>
  <node id="11656507464" lat="14.6570830" lon="120.9872245"/>
  <node id="12080246585" lat="14.6571128" lon="120.9902117"/>
  <node id="79626404" lat="14.6572984" lon="120.9854512"/>
  <node id="5401245261" lat="14.6573172" lon="120.9842952"/>
  <node id="6542426130" lat="14.6572941" lon="120.9844827"/>
  <node id="7797754058" lat="14.6572804" lon="120.9847534"/>
  <node id="9764865367" lat="14.6573049" lon="120.9843837"/>
  <node id="9765218335" lat="14.6573027" lon="120.9858659"/>
  <node id="35454344" lat="14.6573975" lon="120.9924573"/>
  <node id="35454358" lat="14.6573808" lon="120.9916825"/>
  <node id="35454377" lat="14.6573749" lon="120.9909156"/>
  <node id="35454400" lat="14.6573629" lon="120.9901676"/>
  <node id="35454848" lat="14.6573248" lon="120.9876431"/>
  <node id="4639719628" lat="14.6573144" lon="120.9865429"/>
  <node id="4641892817" lat="14.6573140" lon="120.9868833"/>
  <node id="6510477353" lat="14.6573877" lon="120.9918567"/>
  <node id="6510477356" lat="14.6573938" lon="120.9920340"/>
  <node id="8314746526" lat="14.6573062" lon="120.9861963"/>
  <node id="9458588344" lat="14.6573706" lon="120.9906502"/>
  <node id="9458588352" lat="14.6573657" lon="120.9903667"/>
  <node id="9765218334" lat="14.6573380" lon="120.9881997"/>
  <node id="9765242231" lat="14.6573579" lon="120.9896720"/>
  <node id="10817199994" lat="14.6573577" lon="120.9894319"/>
  <node id="12395775706" lat="14.6571522" lon="120.9924437"/>
  <node id="35454005" lat="14.6574313" lon="120.9990772"/>
  <node id="35454011" lat="14.6572547" lon="120.9988604"/>
  <node id="35454206" lat="14.6574521" lon="120.9963185"/>
  <node id="35454276" lat="14.6574456" lon="120.9955601"/>
  <node id="35454291" lat="14.6574319" lon="120.9947652"/>
  <node id="35454310" lat="14.6574253" lon="120.9940238"/>
  <node id="35454329" lat="14.6574038" lon="120.9932448"/>
  <node id="35455722" lat="14.6574692" lon="120.9978451"/>
  <node id="35455723" lat="14.6574618" lon="120.9970759"/>
  <node id="88765810" lat="14.6571851" lon="120.9944320"/>
  <node id="264479650" lat="14.6572505" lon="120.9987215"/>
  <node id="320506539" lat="14.6574335" lon="120.9985191"/>
  <node id="320507370" lat="14.6572023" lon="120.9961055"/>
  <node id="320507717" lat="14.6574726" lon="120.9982888"/>
  <node id="385993608" lat="14.6571577" lon="120.9926674"/>
  <node id="7454134633" lat="14.6571817" lon="120.9939496"/>
  <node id="8654565484" lat="14.6574035" lon="120.9930882"/>
  <node id="8654565485" lat="14.6571690" lon="120.9930906"/>
  <node id="8868230559" lat="14.6571653" lon="120.9929392"/>
  <node id="8868230560" lat="14.6574031" lon="120.9929712"/>
  <node id="8868230562" lat="14.6571715" lon="120.9932976"/>
  <node id="8894100232" lat="14.6572415" lon="120.9981607"/>
  <node id="11508305357" lat="14.6572002" lon="120.9957153"/>
  <node id="12395783650" lat="14.6572484" lon="120.9984381"/>
  <node id="13161480727" lat="14.6574713" lon="120.9980980"/>
  <node id="13161540812" lat="14.6572196" lon="120.9968608"/>
  <node id="13372198660" lat="14.6571804" lon="120.9937900"/>
  <node id="13372198668" lat="14.6571812" lon="120.9936493"/>
  <node id="35453950" lat="14.6574299" lon="121.0007195"/>
  <node id="50630443" lat="14.6572753" lon="121.0010388"/>
  <node id="612236899" lat="14.6574478" lon="121.0019048"/>
  <node id="617556533" lat="14.6572914" lon="120.9999357"/>
  <node id="617556631" lat="14.6574269" lon="121.0003249"/>
  <node id="617556632" lat="14.6574247" lon="120.9999756"/>
  <node id="1293039826" lat="14.6575188" lon="121.0041230"/>
  <node id="1412035727" lat="14.6574258" lon="120.9999357"/>
  <node id="1440033327" lat="14.6575020" lon="121.0031564"/>
  <node id="1440033367" lat="14.6575086" lon="121.0035339"/>
  <node id="1440033389" lat="14.6574830" lon="121.0020589"/>
  <node id="4742976724" lat="14.6573109" lon="121.0034674"/>
  <node id="4879643689" lat="14.6575077" lon="121.0034855"/>
  <node id="5401204870" lat="14.6574892" lon="121.0024181"/>
  <node id="6659893520" lat="14.6575358" lon="121.0051079"/>
  <node id="6659893527" lat="14.6575362" lon="121.0049015"/>
  <node id="7079099107" lat="14.6574369" lon="121.0016296"/>
  <node id="7729752197" lat="14.6573199" lon="121.0041495"/>
  <node id="7729752198" lat="14.6573260" lon="121.0044929"/>
  <node id="7797754060" lat="14.6572650" lon="121.0007854"/>
  <node id="7797754063" lat="14.6572959" lon="121.0003302"/>
  <node id="8383431719" lat="14.6574838" lon="121.0021058"/>
  <node id="8632578498" lat="14.6573302" lon="121.0047794"/>
  <node id="9957530749" lat="14.6575059" lon="121.0033819"/>
  <node id="12063632329" lat="14.6575448" lon="121.0056281"/>
  <node id="12063632331" lat="14.6573417" lon="121.0056267"/>
  <node id="12063632338" lat="14.6573146" lon="121.0037184"/>
  <node id="12086299358" lat="14.6573352" lon="121.0051486"/>
  <node id="13783975903" lat="14.6572851" lon="120.9992868"/>
  <node id="13955153121" lat="14.6572764" lon="120.9991654"/>
  <node id="12067355" lat="14.5388794" lon="121.0108253"/>
  <node id="243433817" lat="14.5391003" lon="121.0122131"/>
  <node id="243434165" lat="14.5390023" lon="121.0116474"/>
  <node id="299929643" lat="14.5386762" lon="121.0108744"/>
  <node id="305576005" lat="14.5387235" lon="121.0111871"/>
  <node id="333469778" lat="14.5383488" lon="121.0063013"/>
  <node id="449755670" lat="14.5383684" lon="121.0085509"/>
  <node id="750630860" lat="14.5386960" lon="121.0094236"/>
  <node id="1135756371" lat="14.5380477" lon="121.0060994"/>
  <node id="1272285047" lat="14.5385718" lon="121.0080610"/>
  <node id="1272285049" lat="14.5383029" lon="121.0080915"/>
  <node id="1272285052" lat="14.5382763" lon="121.0078673"/>
  <node id="1272285053" lat="14.5385465" lon="121.0078143"/>
  <node id="1993301997" lat="14.5382537" lon="121.0076750"/>
  <node id="2596356488" lat="14.5386288" lon="121.0086157"/>
  <node id="5291735353" lat="14.5381066" lon="121.0065661"/>
  <node id="5527137097" lat="14.5381280" lon="121.0067370"/>
  <node id="5973882897" lat="14.5386287" lon="121.0088532"/>
  <node id="8385938587" lat="14.5384936" lon="121.0074087"/>
  <node id="8462571787" lat="14.5383908" lon="121.0066201"/>
  <node id="8462571795" lat="14.5383605" lon="121.0063960"/>
  <node id="8486973954" lat="14.5388354" lon="121.0119336"/>
  <node id="8646850630" lat="14.5380779" lon="121.0063336"/>
  <node id="8649770968" lat="14.5383203" lon="121.0060641"/>
  <node id="8649770979" lat="14.5383435" lon="121.0062570"/>
  <node id="8688216945" lat="14.5381222" lon="121.0066915"/>
  <node id="11124474798" lat="14.5380130" lon="121.0058383"/>
  <node id="11694657715" lat="14.5382756" lon="121.0078614"/>
  <node id="11913773338" lat="14.5383087" lon="121.0081322"/>
  <node id="13710396922" lat="14.5386473" lon="121.0106565"/>
  <node id="32169158" lat="14.5390993" lon="121.0133388"/>
  <node id="5291036077" lat="14.5390911" lon="121.0136730"/>
  <node id="5291735348" lat="14.5389565" lon="121.0126892"/>
  <node id="6340875589" lat="14.5390517" lon="121.0131552"/>
  <node id="7119315788" lat="14.5390940" lon="121.0135289"/>
  <node id="8486973943" lat="14.5389514" lon="121.0126713"/>
  <node id="13710396927" lat="14.5391150" lon="121.0122989"/>
  <node id="12067356" lat="14.5395407" lon="121.0142918"/>
  <node id="24079369" lat="14.5395728" lon="121.0148271"/>
  <node id="32168211" lat="14.5402182" lon="121.0164158"/>
  <node id="32168953" lat="14.5403768" lon="121.0164095"/>
  <node id="32169081" lat="14.5392941" lon="121.0133321"/>
  <node id="243433824" lat="14.5393383" lon="121.0135973"/>
  <node id="243434743" lat="14.5399977" lon="121.0153306"/>
  <node id="243461673" lat="14.5396277" lon="121.0142810"/>
  <node id="243461675" lat="14.5398037" lon="121.0148118"/>
  <node id="244312768" lat="14.5394681" lon="121.0137348"/>
  <node id="244312769" lat="14.5403723" lon="121.0162796"/>
  <node id="244312772" lat="14.5401918" lon="121.0158435"/>
  <node id="259654650" lat="14.5407299" lon="121.0171655"/>
  <node id="259654651" lat="14.5397083" lon="121.0147572"/>
  <node id="259657388" lat="14.5394038" lon="121.0148765"/>
  <node id="259657389" lat="14.5396801" lon="121.0156421"/>
  <node id="259657390" lat="14.5398837" lon="121.0162024"/>
  <node id="259657391" lat="14.5398709" lon="121.0163241"/>
  <node id="259657393" lat="14.5397687" lon="121.0165571"/>
  <node id="338400276" lat="14.5411272" lon="121.0179077"/>
  <node id="345516348" lat="14.5392881" lon="121.0144863"/>
  <node id="345516354" lat="14.5394046" lon="121.0146245"/>
  <node id="345516355" lat="14.5394785" lon="121.0148508"/>
  <node id="345516356" lat="14.5401642" lon="121.0164975"/>
  <node id="345516366" lat="14.5404847" lon="121.0170056"/>
  <node id="1381245402" lat="14.5398269" lon="121.0150867"/>
  <node id="2389108049" lat="14.5393548" lon="121.0141924"/>
  <node id="2389108051" lat="14.5391953" lon="121.0136137"/>
  <node id="2460488426" lat="14.5398280" lon="121.0164603"/>
  <node id="3308928592" lat="14.5396794" lon="121.0153779"/>
  <node id="3308928594" lat="14.5398674" lon="121.0161066"/>
  <node id="3308928595" lat="14.5398940" lon="121.0156561"/>
  <node id="3308928598" lat="14.5410025" lon="121.0176830"/>
  <node id="3309552985" lat="14.5402818" lon="121.0167467"/>
  <node id="3675773151" lat="14.5400534" lon="121.0154811"/>
  <node id="4079991541" lat="14.5402948" lon="121.0160973"/>
  <node id="5291014587" lat="14.5398543" lon="121.0163952"/>
  <node id="5291036074" lat="14.5398375" lon="121.0157578"/>
  <node id="5291036075" lat="14.5397409" lon="121.0152825"/>
  <node id="5291036076" lat="14.5394138" lon="121.0143819"/>
  <node id="5291036079" lat="14.5391882" lon="121.0140263"/>
  <node id="5291036080" lat="14.5394958" lon="121.0146058"/>
  <node id="5291036081" lat="14.5392734" lon="121.0139104"/>
  <node id="5291036084" lat="14.5394316" lon="121.0135770"/>
  <node id="5291036085" lat="14.5394336" lon="121.0139604"/>
  <node id="5291036086" lat="14.5400201" lon="121.0155884"/>
  <node id="5291036087" lat="14.5406018" lon="121.0169048"/>
  <node id="5291036088" lat="14.5404718" lon="121.0166207"/>
  <node id="5291036089" lat="14.5408626" lon="121.0174230"/>
  <node id="5291043852" lat="14.5408097" lon="121.0173222"/>
  <node id="5291043854" lat="14.5398186" lon="121.0154665"/>
  <node id="5291735349" lat="14.5391829" lon="121.0127403"/>
  <node id="5291735350" lat="14.5392229" lon="121.0129570"/>
  <node id="5527137091" lat="14.5403472" lon="121.0167055"/>
  <node id="6340875590" lat="14.5392739" lon="121.0131868"/>
  <node id="6627292719" lat="14.5391943" lon="121.0140475"/>
  <node id="6627292720" lat="14.5392674" lon="121.0143122"/>
  <node id="6672900913" lat="14.5409573" lon="121.0180200"/>
  <node id="6916433134" lat="14.5415487" lon="121.0186096"/>
  <node id="7117804795" lat="14.5398008" lon="121.0165103"/>
  <node id="7119297181" lat="14.5401058" lon="121.0156184"/>
  <node id="7119297184" lat="14.5396969" lon="121.0156833"/>
  <node id="7119315785" lat="14.5400697" lon="121.0155238"/>
  <node id="7119315786" lat="14.5394542" lon="121.0150160"/>
  <node id="7119315787" lat="14.5393298" lon="121.0146457"/>
  <node id="7119315789" lat="14.5393457" lon="121.0144339"/>
  <node id="8688144394" lat="14.5396925" lon="121.0144776"/>
  <node id="8688144400" lat="14.5397517" lon="121.0146712"/>
  <node id="9881955546" lat="14.5397127" lon="121.0157226"/>
  <node id="9958177667" lat="14.5397194" lon="121.0157373"/>
  <node id="9958177668" lat="14.5400809" lon="121.0155523"/>
  <node id="10696433973" lat="14.5391932" lon="121.0136033"/>
  <node id="13601573434" lat="14.5398812" lon="121.0162570"/>
  <node id="13601573435" lat="14.5398769" lon="121.0161497"/>
  <node id="244452511" lat="14.5424449" lon="121.0198144"/>
  <node id="259655618" lat="14.5454154" lon="121.0233650"/>
  <node id="313927858" lat="14.5456190" lon="121.0235472"/>
  <node id="3775223370" lat="14.5453468" lon="121.0238039"/>
  <node id="3775223371" lat="14.5450425" lon="121.0233642"/>
  <node id="5286836718" lat="14.5420943" lon="121.0193223"/>
  <node id="5291609742" lat="14.5455720" lon="121.0235817"/>
  <node id="5291609744" lat="14.5430454" lon="121.0205863"/>
  <node id="6503105518" lat="14.5417274" lon="121.0188799"/>
  <node id="6916177445" lat="14.5454038" lon="121.0237874"/>
  <node id="6916433138" lat="14.5446789" lon="121.0225264"/>
  <node id="7018806022" lat="14.5415842" lon="121.0189891"/>
  <node id="7018806023" lat="14.5417169" lon="121.0191845"/>
  <node id="7474757281" lat="14.5418670" lon="121.0190704"/>
  <node id="7474757282" lat="14.5437961" lon="121.0214815"/>
  <node id="7474757284" lat="14.5426926" lon="121.0205385"/>
  <node id="7533676209" lat="14.5433993" lon="121.0213670"/>
  <node id="8688080464" lat="14.5423038" lon="121.0196254"/>
  <node id="9885408968" lat="14.5425253" lon="121.0203283"/>
  <node id="13695586356" lat="14.5423883" lon="121.0201132"/>
  <node id="313870322" lat="14.5465325" lon="121.0251305"/>
  <node id="313870367" lat="14.5464199" lon="121.0250791"/>
  <node id="313870403" lat="14.5458584" lon="121.0244097"/>
  <node id="1987893049" lat="14.5470424" lon="121.0253227"/>
  <node id="3775223373" lat="14.5463362" lon="121.0245200"/>
  <node id="3775223375" lat="14.5467545" lon="121.0249869"/>
  <node id="5291609741" lat="14.5459116" lon="121.0239884"/>
  <node id="6916177443" lat="14.5458664" lon="121.0238327"/>
  <node id="24077626" lat="14.5516242" lon="121.0311598"/>
  <node id="225266123" lat="14.5473873" lon="121.0262035"/>
  <node id="266740522" lat="14.5476394" lon="121.0259671"/>
  <node id="266741147" lat="14.5485197" lon="121.0270032"/>
  <node id="303814522" lat="14.5496115" lon="121.0288499"/>
  <node id="313870473" lat="14.5474865" lon="121.0263265"/>
  <node id="313870474" lat="14.5503675" lon="121.0296032"/>
  <node id="313870590" lat="14.5488303" lon="121.0279024"/>
  <node id="313870591" lat="14.5503274" lon="121.0297122"/>
  <node id="313925521" lat="14.5477351" lon="121.0266240"/>
  <node id="313926476" lat="14.5520027" lon="121.0312196"/>
  <node id="313926478" lat="14.5507440" lon="121.0297701"/>
  <node id="313926600" lat="14.5516147" lon="121.0306621"/>
  <node id="313926605" lat="14.5507632" lon="121.0296198"/>
  <node id="316969133" lat="14.5507791" lon="121.0302302"/>
  <node id="570699089" lat="14.5513816" lon="121.0308144"/>
  <node id="570700035" lat="14.5500713" lon="121.0294076"/>
  <node id="1021545469" lat="14.5475849" lon="121.0264438"/>
  <node id="1987893050" lat="14.5472044" lon="121.0255073"/>
  <node id="1987893051" lat="14.5477810" lon="121.0261727"/>
  <node id="2242494551" lat="14.5472501" lon="121.0260332"/>
  <node id="2697093716" lat="14.5501894" lon="121.0295343"/>
  <node id="3775184561" lat="14.5500470" lon="121.0288445"/>
  <node id="3775184564" lat="14.5503159" lon="121.0291888"/>
  <node id="3775184569" lat="14.5504490" lon="121.0293205"/>
  <node id="3775184570" lat="14.5505637" lon="121.0294340"/>
  <node id="3775184578" lat="14.5512144" lon="121.0301484"/>
  <node id="3775223376" lat="14.5471206" lon="121.0253580"/>
  <node id="3775223383" lat="14.5474973" lon="121.0258133"/>
  <node id="3775223385" lat="14.5487815" lon="121.0273547"/>
  <node id="3775223388" lat="14.5488270" lon="121.0273605"/>
  <node id="3775223391" lat="14.5496026" lon="121.0282819"/>
  <node id="4247071073" lat="14.5513213" lon="121.0308599"/>
  <node id="5290898287" lat="14.5517674" lon="121.0309511"/>
  <node id="5290997902" lat="14.5487426" lon="121.0272576"/>
  <node id="5291010328" lat="14.5486319" lon="121.0276673"/>
  <node id="5291010334" lat="14.5471862" lon="121.0258890"/>
  <node id="5556565511" lat="14.5493440" lon="121.0285127"/>
  <node id="5886034954" lat="14.5504050" lon="121.0298071"/>
  <node id="6622633480" lat="14.5477552" lon="121.0260977"/>
  <node id="6622633484" lat="14.5495872" lon="121.0283709"/>
  <node id="6622649387" lat="14.5490766" lon="121.0276592"/>
  <node id="6698143170" lat="14.5475880" lon="121.0264025"/>
  <node id="6916177444" lat="14.5482042" lon="121.0266293"/>
  <node id="7474757263" lat="14.5491803" lon="121.0283139"/>
  <node id="8026686933" lat="14.5492195" lon="121.0283610"/>
  <node id="11115975343" lat="14.5494707" lon="121.0286725"/>
  <node id="24078211" lat="14.5533618" lon="121.0332271"/>
  <node id="225197616" lat="14.5549044" lon="121.0346772"/>
  <node id="313474007" lat="14.5566338" lon="121.0371115"/>
  <node id="313474131" lat="14.5569601" lon="121.0374891"/>
  <node id="313474145" lat="14.5574972" lon="121.0380963"/>
  <node id="313872466" lat="14.5559527" lon="121.0360137"/>
  <node id="313872467" lat="14.5554892" lon="121.0354882"/>
  <node id="313872471" lat="14.5555591" lon="121.0358973"/>
  <node id="313872522" lat="14.5563673" lon="121.0367954"/>
  <node id="321326397" lat="14.5547006" lon="121.0348555"/>
  <node id="321326401" lat="14.5559814" lon="121.0363917"/>
  <node id="964753417" lat="14.5553635" lon="121.0356499"/>
  <node id="1595681066" lat="14.5551193" lon="121.0348627"/>
  <node id="2138782155" lat="14.5556514" lon="121.0354563"/>
  <node id="3262823888" lat="14.5577005" lon="121.0381166"/>
  <node id="3262824161" lat="14.5579774" lon="121.0383483"/>
  <node id="4247071075" lat="14.5567773" lon="121.0370750"/>
  <node id="4247071077" lat="14.5578658" lon="121.0381119"/>
  <node id="5286867449" lat="14.5553170" lon="121.0350724"/>
  <node id="5286867452" lat="14.5548091" lon="121.0345613"/>
  <node id="5286867493" lat="14.5555441" lon="121.0353309"/>
  <node id="5286867518" lat="14.5577281" lon="121.0384100"/>
  <node id="5414188072" lat="14.5546085" lon="121.0347411"/>
  <node id="5443319223" lat="14.5551909" lon="121.0354428"/>
  <node id="6292546983" lat="14.5545669" lon="121.0346913"/>
  <node id="6292546984" lat="14.5547674" lon="121.0345085"/>
  <node id="6651748991" lat="14.5555080" lon="121.0352851"/>
  <node id="6651749000" lat="14.5573839" lon="121.0375357"/>
  <node id="6651749003" lat="14.5569180" lon="121.0369623"/>
  <node id="6651749029" lat="14.5549027" lon="121.0350899"/>
  <node id="6651749033" lat="14.5564619" lon="121.0366696"/>
  <node id="7599203614" lat="14.5552526" lon="121.0351919"/>
  <node id="7599203615" lat="14.5551411" lon="121.0350322"/>
  <node id="8602925444" lat="14.5561880" lon="121.0366078"/>
  <node id="11806213718" lat="14.5555362" lon="121.0353216"/>
  <node id="12042058198" lat="14.5573375" lon="121.0379166"/>
  <node id="12535175313" lat="14.5550210" lon="121.0348616"/>
  <node id="12535175314" lat="14.5545920" lon="121.0342952"/>
  <node id="12535175315" lat="14.5543559" lon="121.0339978"/>
  <node id="313470521" lat="14.5585179" lon="121.0393555"/>
  <node id="313470547" lat="14.5582028" lon="121.0389736"/>
  <node id="313484951" lat="14.5578499" lon="121.0385685"/>
  <node id="313493538" lat="14.5582301" lon="121.0386134"/>
  <node id="5880294770" lat="14.5587620" lon="121.0396424"/>
  <node id="8477491939" lat="14.5584424" lon="121.0392644"/>
  <node id="8477491949" lat="14.5582383" lon="121.0390203"/>
  <node id="8585680906" lat="14.5587405" lon="121.0396171"/>
  <node id="8585680914" lat="14.5585937" lon="121.0394446"/>
  <node id="12067636" lat="14.5641423" lon="121.0444963"/>
  <node id="24078317" lat="14.5634484" lon="121.0443787"/>
  <node id="24080672" lat="14.5625720" lon="121.0438086"/>
  <node id="88927152" lat="14.5611510" lon="121.0424718"/>
  <node id="299385496" lat="14.5616037" lon="121.0429651"/>
  <node id="299385664" lat="14.5600081" lon="121.0411157"/>
  <node id="313469366" lat="14.5595670" lon="121.0405970"/>
  <node id="313469981" lat="14.5591921" lon="121.0401479"/>
  <node id="313708346" lat="14.5636599" lon="121.0442412"/>
  <node id="313708347" lat="14.5627558" lon="121.0436547"/>
  <node id="313873068" lat="14.5599663" lon="121.0406787"/>
  <node id="313873154" lat="14.5598228" lon="121.0405095"/>
  <node id="340147715" lat="14.5618521" lon="121.0428825"/>
  <node id="344569372" lat="14.5627629" lon="121.0439486"/>
  <node id="964753379" lat="14.5613152" lon="121.0422861"/>
  <node id="1532341812" lat="14.5633296" lon="121.0440524"/>
  <node id="5289014602" lat="14.5646912" lon="121.0449902"/>
  <node id="5289014612" lat="14.5651115" lon="121.0448889"/>
  <node id="5289014616" lat="14.5630956" lon="121.0441762"/>
  <node id="5289014619" lat="14.5621147" lon="121.0434343"/>
  <node id="5313631328" lat="14.5644186" lon="121.0448744"/>
  <node id="5443284313" lat="14.5598047" lon="121.0408751"/>
  <node id="5443284320" lat="14.5593836" lon="121.0400121"/>
  <node id="5443296004" lat="14.5641219" lon="121.0447414"/>
  <node id="5443296005" lat="14.5623463" lon="121.0436317"/>
  <node id="5522408186" lat="14.5646052" lon="121.0449535"/>
  <node id="5602529031" lat="14.5618133" lon="121.0431715"/>
  <node id="5880294780" lat="14.5589431" lon="121.0398552"/>
  <node id="6418671631" lat="14.5617520" lon="121.0427823"/>
  <node id="7474757217" lat="14.5644897" lon="121.0446471"/>
  <node id="7474757228" lat="14.5639492" lon="121.0446561"/>
  <node id="8605802814" lat="14.5633334" lon="121.0443156"/>
  <node id="8658206527" lat="14.5601947" lon="121.0413293"/>
  <node id="8658521621" lat="14.5626827" lon="121.0436034"/>
  <node id="8658521625" lat="14.5622646" lon="121.0432628"/>
  <node id="9873260794" lat="14.5637997" lon="121.0445671"/>
  <node id="9875280284" lat="14.5618760" lon="121.0432305"/>
  <node id="9987531507" lat="14.5594011" lon="121.0403972"/>
  <node id="10701045096" lat="14.5616682" lon="121.0426988"/>
  <node id="11806112218" lat="14.5617073" lon="121.0427371"/>
  <node id="12968298115" lat="14.5641863" lon="121.0447703"/>
  <node id="13150221195" lat="14.5606357" lon="121.0418562"/>
  <node id="13150224604" lat="14.5607062" lon="121.0419404"/>
  <node id="13150224607" lat="14.5611164" lon="121.0424304"/>
  <node id="13710396939" lat="14.5617448" lon="121.0431016"/>
  <node id="24078582" lat="14.5651044" lon="121.0451350"/>
  <node id="5307612282" lat="14.5649416" lon="121.0450851"/>
  <node id="5522408185" lat="14.5648963" lon="121.0450690"/>
  <node id="12067627" lat="14.5715805" lon="121.0467307"/>
  <node id="24080775" lat="14.5712786" lon="121.0468901"/>
  <node id="243508481" lat="14.5674682" lon="121.0455462"/>
  <node id="243508486" lat="14.5675045" lon="121.0458036"/>
  <node id="243508493" lat="14.5690937" lon="121.0460524"/>
  <node id="243508499" lat="14.5701382" lon="121.0462849"/>
  <node id="295660686" lat="14.5695146" lon="121.0461333"/>
  <node id="299385789" lat="14.5656381" lon="121.0450334"/>
  <node id="299385801" lat="14.5656900" lon="121.0453071"/>
  <node id="313463498" lat="14.5670978" lon="121.0454443"/>
  <node id="318834573" lat="14.5677897" lon="121.0459356"/>
  <node id="334410876" lat="14.5691122" lon="121.0462728"/>
  <node id="452870175" lat="14.5667817" lon="121.0453641"/>
  <node id="496083457" lat="14.5696743" lon="121.0464227"/>
  <node id="496084634" lat="14.5699643" lon="121.0462363"/>
  <node id="827406972" lat="14.5706800" lon="121.0466927"/>
  <node id="964753388" lat="14.5689390" lon="121.0460101"/>
  <node id="1663866326" lat="14.5719283" lon="121.0471667"/>
  <node id="5289002838" lat="14.5709414" lon="121.0467631"/>
  <node id="5289002840" lat="14.5710128" lon="121.0465294"/>
  <node id="5289002933" lat="14.5691110" lon="121.0459873"/>
  <node id="5289002934" lat="14.5678736" lon="121.0456187"/>
  <node id="5289002935" lat="14.5678560" lon="121.0456853"/>
  <node id="5289002939" lat="14.5693854" lon="121.0460987"/>
  <node id="5289006002" lat="14.5667259" lon="121.0455974"/>
  <node id="5289006003" lat="14.5678070" lon="121.0458702"/>
  <node id="5289006009" lat="14.5690488" lon="121.0462223"/>
  <node id="5289211747" lat="14.5718497" lon="121.0468485"/>
  <node id="5289211749" lat="14.5713492" lon="121.0466496"/>
  <node id="5414144583" lat="14.5666357" lon="121.0453185"/>
  <node id="5414144584" lat="14.5665735" lon="121.0455547"/>
  <node id="5477311628" lat="14.5688347" lon="121.0462391"/>
  <node id="5477311629" lat="14.5690294" lon="121.0462954"/>
  <node id="6564229785" lat="14.5689543" lon="121.0459412"/>
  <node id="7741335664" lat="14.5688583" lon="121.0461686"/>
  <node id="8655154939" lat="14.5704650" lon="121.0466366"/>
  <node id="8658027296" lat="14.5691428" lon="121.0462817"/>
  <node id="8658927291" lat="14.5677757" lon="121.0459302"/>
  <node id="9873153145" lat="14.5690357" lon="121.0462942"/>
  <node id="11693110211" lat="14.5706598" lon="121.0464307"/>
  <node id="11693110218" lat="14.5705998" lon="121.0464140"/>
  <node id="11693116701" lat="14.5719134" lon="121.0468815"/>
  <node id="11699878067" lat="14.5703566" lon="121.0466059"/>
  <node id="11699889572" lat="14.5699507" lon="121.0464969"/>
  <node id="11978560054" lat="14.5678896" lon="121.0456235"/>
  <node id="12087698577" lat="14.5718233" lon="121.0471220"/>
  <node id="12144909219" lat="14.5665804" lon="121.0455566"/>
  <node id="12144909220" lat="14.5691182" lon="121.0459898"/>
  <node id="88901997" lat="14.5746344" lon="121.0489488"/>
  <node id="88903674" lat="14.5766587" lon="121.0504554"/>
  <node id="237016137" lat="14.5726268" lon="121.0472522"/>
  <node id="237037369" lat="14.5723606" lon="121.0473941"/>
  <node id="242433615" lat="14.5730885" lon="121.0475176"/>
  <node id="321744892" lat="14.5782699" lon="121.0514048"/>
  <node id="334410607" lat="14.5781706" lon="121.0515251"/>
  <node id="340650955" lat="14.5724208" lon="121.0471444"/>
  <node id="340651757" lat="14.5725029" lon="121.0474625"/>
  <node id="523941898" lat="14.5741927" lon="121.0483054"/>
  <node id="556538494" lat="14.5734293" lon="121.0477509"/>
  <node id="673239199" lat="14.5736125" lon="121.0478833"/>
  <node id="962953430" lat="14.5780323" lon="121.0511640"/>
  <node id="962953432" lat="14.5779213" lon="121.0513853"/>
  <node id="962953481" lat="14.5783096" lon="121.0513378"/>
  <node id="962956570" lat="14.5777466" lon="121.0509374"/>
  <node id="962956576" lat="14.5776464" lon="121.0508618"/>
  <node id="962956582" lat="14.5773329" lon="121.0506256"/>
  <node id="962956590" lat="14.5771963" lon="121.0505234"/>
  <node id="1075204931" lat="14.5766310" lon="121.0501005"/>
  <node id="1281873039" lat="14.5767440" lon="121.0505199"/>
  <node id="5288983033" lat="14.5731603" lon="121.0478756"/>
  <node id="5289211745" lat="14.5727996" lon="121.0476336"/>
  <node id="5289211746" lat="14.5734439" lon="121.0480814"/>
  <node id="5313629849" lat="14.5776415" lon="121.0511802"/>
  <node id="6539050569" lat="14.5743137" lon="121.0483926"/>
  <node id="7192545200" lat="14.5759715" lon="121.0499348"/>
  <node id="8346270385" lat="14.5742492" lon="121.0483459"/>
  <node id="8601223559" lat="14.5733409" lon="121.0480057"/>
  <node id="8658496375" lat="14.5721759" lon="121.0470175"/>
  <node id="11687275583" lat="14.5766952" lon="121.0501463"/>
  <node id="11693116700" lat="14.5720628" lon="121.0469589"/>
  <node id="13120800158" lat="14.5784242" lon="121.0514222"/>
  <node id="13839136720" lat="14.5739113" lon="121.0484219"/>
  <node id="414556826" lat="14.5783308" lon="121.0516373"/>
  <node id="962953453" lat="14.5781318" lon="121.0515796"/>
  <node id="4535240894" lat="14.5783880" lon="121.0517634"/>
  <node id="334410588" lat="14.5785795" lon="121.0515365"/>
  <node id="12067613" lat="14.5845181" lon="121.0554759"/>
  <node id="12067619" lat="14.5830925" lon="121.0546824"/>
  <node id="24080860" lat="14.5822345" lon="121.0545019"/>
  <node id="31241755" lat="14.5805794" lon="121.0529468"/>
  <node id="88777530" lat="14.5834368" lon="121.0548904"/>
  <node id="88798869" lat="14.5847929" lon="121.0558486"/>
  <node id="88901373" lat="14.5792396" lon="121.0523774"/>
  <node id="92300703" lat="14.5810912" lon="121.0536848"/>
  <node id="186466010" lat="14.5812554" lon="121.0538029"/>
  <node id="186466037" lat="14.5814695" lon="121.0535637"/>
  <node id="320134107" lat="14.5828839" lon="121.0549495"/>
  <node id="321744985" lat="14.5792384" lon="121.0520933"/>
  <node id="331134097" lat="14.5812946" lon="121.0534432"/>
  <node id="332517750" lat="14.5791755" lon="121.0561678"/>
  <node id="334104112" lat="14.5794279" lon="121.0556981"/>
  <node id="334108271" lat="14.5794868" lon="121.0557477"/>
  <node id="334108288" lat="14.5788669" lon="121.0563319"/>
  <node id="414556813" lat="14.5822903" lon="121.0544432"/>
  <node id="414557227" lat="14.5823577" lon="121.0543462"/>
  <node id="746066065" lat="14.5813803" lon="121.0538927"/>
  <node id="746066074" lat="14.5815589" lon="121.0536253"/>
  <node id="964837196" lat="14.5786242" lon="121.0519276"/>
  <node id="994339253" lat="14.5793388" lon="121.0524505"/>
  <node id="1276924654" lat="14.5820579" lon="121.0540039"/>
  <node id="1740120869" lat="14.5849413" lon="121.0558383"/>
  <node id="1909553429" lat="14.5825900" lon="121.0547589"/>
  <node id="1909558882" lat="14.5842441" lon="121.0556355"/>
  <node id="1909558883" lat="14.5835513" lon="121.0552935"/>
  <node id="1981388318" lat="14.5844215" lon="121.0553665"/>
  <node id="2331992409" lat="14.5827412" lon="121.0545797"/>
  <node id="2331992410" lat="14.5832159" lon="121.0550299"/>
  <node id="2331992411" lat="14.5835833" lon="121.0550577"/>
  <node id="2331992413" lat="14.5835947" lon="121.0552354"/>
  <node id="2331992414" lat="14.5843919" lon="121.0554349"/>
  <node id="2331992415" lat="14.5839611" lon="121.0554314"/>
  <node id="2467729092" lat="14.5820609" lon="121.0543822"/>
  <node id="2554268006" lat="14.5836248" lon="121.0549969"/>
  <node id="5286755063" lat="14.5832452" lon="121.0548772"/>
  <node id="5286755064" lat="14.5841761" lon="121.0553527"/>
  <node id="5286755065" lat="14.5840195" lon="121.0552819"/>
  <node id="5286755066" lat="14.5837909" lon="121.0551695"/>
  <node id="5286755068" lat="14.5840526" lon="121.0552050"/>
  <node id="5286755070" lat="14.5838276" lon="121.0550912"/>
  <node id="5286755074" lat="14.5827283" lon="121.0547441"/>
  <node id="5286755082" lat="14.5809312" lon="121.0535698"/>
  <node id="5289211744" lat="14.5842021" lon="121.0552742"/>
  <node id="7244807582" lat="14.5811737" lon="121.0537400"/>
  <node id="7244807594" lat="14.5813752" lon="121.0534987"/>
  <node id="7475238722" lat="14.5805164" lon="121.0532695"/>
  <node id="7475238724" lat="14.5806816" lon="121.0530170"/>
  <node id="7475238783" lat="14.5802438" lon="121.0530755"/>
  <node id="8386217629" lat="14.5789860" lon="121.0561932"/>
  <node id="8459730704" lat="14.5816004" lon="121.0536539"/>
  <node id="8462613410" lat="14.5808776" lon="121.0535312"/>
  <node id="8595216694" lat="14.5845617" lon="121.0554906"/>
  <node id="9951229724" lat="14.5845184" lon="121.0556835"/>
  <node id="9951250288" lat="14.5793470" lon="121.0559105"/>
  <node id="11652962913" lat="14.5830695" lon="121.0550452"/>
  <node id="11662034353" lat="14.5831774" lon="121.0547336"/>
  <node id="11961440148" lat="14.5821720" lon="121.0544603"/>
  <node id="12144723778" lat="14.5848104" lon="121.0557904"/>
  <node id="13116169837" lat="14.5834967" lon="121.0549243"/>
  <node id="13187713371" lat="14.5828604" lon="121.0549342"/>
  <node id="92293959" lat="14.5913639" lon="121.0577442"/>
  <node id="252179221" lat="14.5893608" lon="121.0573950"/>
  <node id="305111668" lat="14.5894350" lon="121.0570647"/>
  <node id="321552827" lat="14.5906286" lon="121.0577413"/>
  <node id="321553333" lat="14.5894149" lon="121.0571473"/>
  <node id="321553342" lat="14.5875485" lon="121.0564551"/>
  <node id="370308116" lat="14.5912362" lon="121.0576000"/>
  <node id="747628282" lat="14.5880739" lon="121.0566393"/>
  <node id="1735964860" lat="14.5911045" lon="121.0579747"/>
  <node id="1740120873" lat="14.5866541" lon="121.0564351"/>
  <node id="2013381877" lat="14.5870291" lon="121.0565643"/>
  <node id="4242563000" lat="14.5887796" lon="121.0571280"/>
  <node id="5286257621" lat="14.5890820" lon="121.0569971"/>
  <node id="5414139152" lat="14.5879758" lon="121.0568830"/>
  <node id="5816996603" lat="14.5900139" lon="121.0576121"/>
  <node id="5821774513" lat="14.5852566" lon="121.0557246"/>
  <node id="5821774515" lat="14.5855744" lon="121.0560778"/>
  <node id="6353472856" lat="14.5884250" lon="121.0567608"/>
  <node id="8186879576" lat="14.5878179" lon="121.0565567"/>
  <node id="8242363647" lat="14.5877290" lon="121.0568028"/>
  <node id="8314936658" lat="14.5899720" lon="121.0572208"/>
  <node id="8386288919" lat="14.5871750" lon="121.0563315"/>
  <node id="8386288920" lat="14.5859506" lon="121.0559419"/>
  <node id="8462600811" lat="14.5880904" lon="121.0566480"/>
  <node id="9776176308" lat="14.5854324" lon="121.0557806"/>
  <node id="11662088542" lat="14.5862470" lon="121.0560358"/>
  <node id="11662179717" lat="14.5872207" lon="121.0563466"/>
  <node id="11662179722" lat="14.5863167" lon="121.0560578"/>
  <node id="11662179727" lat="14.5865743" lon="121.0561394"/>
  <node id="11662179731" lat="14.5866157" lon="121.0561525"/>
  <node id="11662179735" lat="14.5868672" lon="121.0562321"/>
  <node id="11662185649" lat="14.5893809" lon="121.0570552"/>
  <node id="11668730945" lat="14.5913067" lon="121.0576206"/>
  <node id="11670266172" lat="14.5900181" lon="121.0572353"/>
  <node id="11670266175" lat="14.5903327" lon="121.0573241"/>
  <node id="11961376362" lat="14.5903419" lon="121.0577200"/>
  <node id="11961376363" lat="14.5903608" lon="121.0576556"/>
  <node id="11969229995" lat="14.5914704" lon="121.0576434"/>
  <node id="11969229997" lat="14.5914534" lon="121.0576988"/>
  <node id="13116424781" lat="14.5902074" lon="121.0572887"/>
  <node id="13116424784" lat="14.5903021" lon="121.0573155"/>
  <node id="13121412152" lat="14.5887309" lon="121.0568611"/>
  <node id="321554352" lat="14.5923927" lon="121.0579322"/>
  <node id="1347624257" lat="14.5927293" lon="121.0580485"/>
  <node id="4242563029" lat="14.5920075" lon="121.0578115"/>
  <node id="5286257642" lat="14.5924632" lon="121.0580151"/>
  <node id="5286257643" lat="14.5924830" lon="121.0580389"/>
  <node id="10036237764" lat="14.5925003" lon="121.0579688"/>
  <node id="11668730953" lat="14.5920496" lon="121.0578250"/>
  <node id="11969454183" lat="14.5916260" lon="121.0576939"/>
  <node id="12144694424" lat="14.5924907" lon="121.0580134"/>
  <node id="324228757" lat="14.6046439" lon="121.0580574"/>
  <node id="6627663680" lat="14.6047075" lon="121.0580320"/>
  <node id="13155071998" lat="14.6040736" lon="121.0580488"/>
  <node id="60171014" lat="14.6109504" lon="121.0552177"/>
  <node id="61679564" lat="14.6062563" lon="121.0570536"/>
  <node id="258776816" lat="14.6112472" lon="121.0550775"/>
  <node id="258776872" lat="14.6111089" lon="121.0547637"/>
  <node id="258776877" lat="14.6105656" lon="121.0550212"/>
  <node id="258777067" lat="14.6106839" lon="121.0553437"/>
  <node id="298959201" lat="14.6100161" lon="121.0556532"/>
  <node id="345573099" lat="14.6092429" lon="121.0556896"/>
  <node id="345573381" lat="14.6093271" lon="121.0558567"/>
  <node id="345573382" lat="14.6091604" lon="121.0559711"/>
  <node id="496095907" lat="14.6108646" lon="121.0548742"/>
  <node id="594000411" lat="14.6102682" lon="121.0551513"/>
  <node id="594000412" lat="14.6092162" lon="121.0556404"/>
  <node id="614005992" lat="14.6104069" lon="121.0554705"/>
  <node id="673260964" lat="14.6086352" lon="121.0562216"/>
  <node id="964836253" lat="14.6054977" lon="121.0573958"/>
  <node id="1075205087" lat="14.6064516" lon="121.0572318"/>
  <node id="1501006041" lat="14.6099545" lon="121.0556825"/>
  <node id="4844541596" lat="14.6076188" lon="121.0567064"/>
  <node id="4844541597" lat="14.6073948" lon="121.0568110"/>
  <node id="5286171962" lat="14.6090813" lon="121.0557440"/>
  <node id="5286171964" lat="14.6093543" lon="121.0559474"/>
  <node id="5286171973" lat="14.6072962" lon="121.0565846"/>
  <node id="5291573138" lat="14.6075068" lon="121.0564852"/>
  <node id="5412399404" lat="14.6092634" lon="121.0556092"/>
  <node id="5412399406" lat="14.6092032" lon="121.0556486"/>
  <node id="5638516623" lat="14.6061754" lon="121.0570890"/>
  <node id="6751286234" lat="14.6075229" lon="121.0564775"/>
  <node id="7579302870" lat="14.6085328" lon="121.0560022"/>
  <node id="9851595386" lat="14.6107195" lon="121.0553275"/>
  <node id="12006737691" lat="14.6108741" lon="121.0552525"/>
  <node id="12006737692" lat="14.6108227" lon="121.0548935"/>
  <node id="12018581374" lat="14.6111006" lon="121.0551434"/>
  <node id="60093318" lat="14.6119920" lon="121.0547218"/>
  <node id="61679340" lat="14.6131413" lon="121.0537984"/>
  <node id="78041031" lat="14.6168404" lon="121.0521253"/>
  <node id="88787349" lat="14.6144810" lon="121.0532696"/>
  <node id="88788228" lat="14.6135610" lon="121.0536039"/>
  <node id="88788259" lat="14.6118555" lon="121.0544198"/>
  <node id="333524086" lat="14.6168792" lon="121.0522154"/>
  <node id="333524087" lat="14.6150965" lon="121.0530021"/>
  <node id="333524088" lat="14.6148910" lon="121.0530802"/>
  <node id="333524170" lat="14.6149876" lon="121.0532988"/>
  <node id="333524277" lat="14.6167638" lon="121.0524044"/>
  <node id="333524278" lat="14.6151707" lon="121.0531566"/>
  <node id="345573100" lat="14.6124577" lon="121.0542005"/>
  <node id="345573456" lat="14.6130533" lon="121.0541695"/>
  <node id="345573458" lat="14.6125204" lon="121.0543672"/>
  <node id="504009072" lat="14.6136872" lon="121.0538758"/>
  <node id="681130465" lat="14.6173189" lon="121.0522278"/>
  <node id="964832042" lat="14.6152116" lon="121.0532422"/>
  <node id="964832237" lat="14.6150683" lon="121.0529473"/>
  <node id="973552605" lat="14.6161259" lon="121.0524538"/>
  <node id="973552665" lat="14.6164667" lon="121.0523000"/>
  <node id="973552682" lat="14.6164458" lon="121.0526466"/>
  <node id="1615251652" lat="14.6116238" lon="121.0549016"/>
  <node id="1615251678" lat="14.6115032" lon="121.0545807"/>
  <node id="2397945844" lat="14.6167773" lon="121.0524884"/>
  <node id="2467729098" lat="14.6140476" lon="121.0534680"/>
  <node id="2886434136" lat="14.6160698" lon="121.0528257"/>
  <node id="5285153788" lat="14.6161478" lon="121.0527865"/>
  <node id="5286171972" lat="14.6127835" lon="121.0542620"/>
  <node id="5427113964" lat="14.6156129" lon="121.0526924"/>
  <node id="5544304508" lat="14.6176852" lon="121.0520609"/>
  <node id="5731638965" lat="14.6166870" lon="121.0521946"/>
  <node id="5731638971" lat="14.6167180" lon="121.0525169"/>
  <node id="5731645274" lat="14.6165558" lon="121.0522583"/>
  <node id="6264891460" lat="14.6165535" lon="121.0525966"/>
  <node id="6763383665" lat="14.6145239" lon="121.0535045"/>
  <node id="7640063315" lat="14.6161851" lon="121.0525328"/>
  <node id="7640063316" lat="14.6160348" lon="121.0527486"/>
  <node id="8186551770" lat="14.6128114" lon="121.0543142"/>
  <node id="8504056840" lat="14.6133762" lon="121.0536895"/>
  <node id="8504085610" lat="14.6133627" lon="121.0540261"/>
  <node id="8632886859" lat="14.6139440" lon="121.0537618"/>
  <node id="8658768292" lat="14.6137860" lon="121.0538319"/>
  <node id="8658770306" lat="14.6136028" lon="121.0539149"/>
  <node id="8931690112" lat="14.6158487" lon="121.0529330"/>
  <node id="9947173105" lat="14.6158891" lon="121.0525583"/>
  <node id="11956219768" lat="14.6160321" lon="121.0528440"/>
  <node id="12018581370" lat="14.6113900" lon="121.0546339"/>
  <node id="12018581371" lat="14.6115217" lon="121.0549497"/>
  <node id="12026915271" lat="14.6162922" lon="121.0527190"/>
  <node id="13156061486" lat="14.6132331" lon="121.0537558"/>
  <node id="13156099614" lat="14.6122871" lon="121.0542136"/>
  <node id="13156099617" lat="14.6127542" lon="121.0539855"/>
  <node id="13890051240" lat="14.6134440" lon="121.0539884"/>
  <node id="29523876" lat="14.6215736" lon="121.0499577"/>
  <node id="33471553" lat="14.6215967" lon="121.0502862"/>
  <node id="78041112" lat="14.6219565" lon="121.0500150"/>
  <node id="316156993" lat="14.6234581" lon="121.0490754"/>
  <node id="330378903" lat="14.6200122" lon="121.0507547"/>
  <node id="333526141" lat="14.6241771" lon="121.0487909"/>
  <node id="333526143" lat="14.6218922" lon="121.0498691"/>
  <node id="490819305" lat="14.6236472" lon="121.0493090"/>
  <node id="523956057" lat="14.6189985" lon="121.0514626"/>
  <node id="523958867" lat="14.6196725" lon="121.0508287"/>
  <node id="523958868" lat="14.6214709" lon="121.0500025"/>
  <node id="523960191" lat="14.6212802" lon="121.0504233"/>
  <node id="523961397" lat="14.6218609" lon="121.0501576"/>
  <node id="523962960" lat="14.6216970" lon="121.0502334"/>
  <node id="523963095" lat="14.6217479" lon="121.0498655"/>
  <node id="679547473" lat="14.6204454" lon="121.0508070"/>
  <node id="679547546" lat="14.6200615" lon="121.0508679"/>
  <node id="720702081" lat="14.6203563" lon="121.0508499"/>
  <node id="963432226" lat="14.6209489" lon="121.0505704"/>
  <node id="973541486" lat="14.6239007" lon="121.0491807"/>
  <node id="973541489" lat="14.6240427" lon="121.0490754"/>
  <node id="973558871" lat="14.6188794" lon="121.0512784"/>
  <node id="2370264844" lat="14.6214184" lon="121.0503604"/>
  <node id="2370264845" lat="14.6213336" lon="121.0500658"/>
  <node id="2467577360" lat="14.6239239" lon="121.0488523"/>
  <node id="6627879544" lat="14.6200650" lon="121.0509729"/>
  <node id="7010436878" lat="14.6208043" lon="121.0503049"/>
  <node id="7350895328" lat="14.6184829" lon="121.0513751"/>
  <node id="7418236931" lat="14.6192830" lon="121.0510086"/>
  <node id="7418236932" lat="14.6194131" lon="121.0509471"/>
  <node id="7418236934" lat="14.6193938" lon="121.0512838"/>
  <node id="7418236935" lat="14.6196145" lon="121.0511845"/>
  <node id="7418236936" lat="14.6199390" lon="121.0510286"/>
  <node id="7418236937" lat="14.6192023" lon="121.0510468"/>
  <node id="7418236940" lat="14.6197183" lon="121.0508076"/>
  <node id="7640063314" lat="14.6189336" lon="121.0514013"/>
  <node id="8186551752" lat="14.6239393" lon="121.0491066"/>
  <node id="8314359397" lat="14.6210538" lon="121.0501905"/>
  <node id="8594477154" lat="14.6187061" lon="121.0512771"/>
  <node id="8657082065" lat="14.6191220" lon="121.0510867"/>
  <node id="8671593783" lat="14.6188310" lon="121.0512210"/>
  <node id="11956219757" lat="14.6195176" lon="121.0512262"/>
  <node id="11956219761" lat="14.6194530" lon="121.0512557"/>
  <node id="12029548669" lat="14.6213975" lon="121.0500365"/>
  <node id="12143125958" lat="14.6199683" lon="121.0506867"/>
  <node id="12606354248" lat="14.6212063" lon="121.0501233"/>
  <node id="13458739652" lat="14.6211436" lon="121.0504827"/>
  <node id="246783235" lat="14.6179758" lon="121.0516027"/>
  <node id="720696446" lat="14.6181767" lon="121.0518353"/>
  <node id="5285153781" lat="14.6178535" lon="121.0519818"/>
  <node id="24078839" lat="14.6307056" lon="121.0457084"/>
  <node id="24079238" lat="14.6285550" lon="121.0470307"/>
  <node id="40826229" lat="14.6256225" lon="121.0481084"/>
  <node id="305099887" lat="14.6287848" lon="121.0466522"/>
  <node id="462069082" lat="14.6290005" lon="121.0465870"/>
  <node id="462069122" lat="14.6290217" lon="121.0468072"/>
  <node id="479738699" lat="14.6287324" lon="121.0470005"/>
  <node id="512091457" lat="14.6274594" lon="121.0475399"/>
  <node id="681145830" lat="14.6296916" lon="121.0461613"/>
  <node id="957845503" lat="14.6257257" lon="121.0483310"/>
  <node id="962951230" lat="14.6281562" lon="121.0469526"/>
  <node id="962951247" lat="14.6280030" lon="121.0470206"/>
  <node id="1075205320" lat="14.6273697" lon="121.0473089"/>
  <node id="1377334723" lat="14.6293184" lon="121.0463325"/>
  <node id="1411126030" lat="14.6303880" lon="121.0462316"/>
  <node id="5285949906" lat="14.6289639" lon="121.0464911"/>
  <node id="5351745824" lat="14.6305496" lon="121.0457794"/>
  <node id="5351755326" lat="14.6308261" lon="121.0456522"/>
  <node id="5351760937" lat="14.6306804" lon="121.0460980"/>
  <node id="5472104745" lat="14.6308091" lon="121.0460406"/>
  <node id="6264891416" lat="14.6306267" lon="121.0461204"/>
  <node id="6264891419" lat="14.6308875" lon="121.0456230"/>
  <node id="7187521391" lat="14.6267412" lon="121.0475967"/>
  <node id="7256984776" lat="14.6247093" lon="121.0485252"/>
  <node id="8377991961" lat="14.6301227" lon="121.0459649"/>
  <node id="9875360913" lat="14.6283916" lon="121.0468391"/>
  <node id="9875360914" lat="14.6304009" lon="121.0458381"/>
  <node id="11566615666" lat="14.6265966" lon="121.0476637"/>
  <node id="12080025022" lat="14.6273242" lon="121.0473298"/>
  <node id="12128303203" lat="14.6252084" lon="121.0485647"/>
  <node id="12128313402" lat="14.6252992" lon="121.0485233"/>
  <node id="12128313501" lat="14.6244573" lon="121.0489006"/>
  <node id="12067456" lat="14.6330264" lon="121.0446760"/>
  <node id="24081884" lat="14.6330079" lon="121.0445936"/>
  <node id="224865426" lat="14.6332834" lon="121.0448046"/>
  <node id="243461145" lat="14.6331536" lon="121.0448912"/>
  <node id="246782846" lat="14.6371169" lon="121.0419839"/>
  <node id="249226767" lat="14.6372654" lon="121.0421727"/>
  <node id="462068195" lat="14.6325327" lon="121.0448749"/>
  <node id="462069305" lat="14.6331257" lon="121.0448559"/>
  <node id="681146586" lat="14.6351585" lon="121.0435568"/>
  <node id="817088410" lat="14.6331285" lon="121.0445140"/>
  <node id="3666796561" lat="14.6335693" lon="121.0446183"/>
  <node id="5284226033" lat="14.6324748" lon="121.0449874"/>
  <node id="5284226034" lat="14.6329570" lon="121.0449555"/>
  <node id="5285949885" lat="14.6348157" lon="121.0434035"/>
  <node id="5285949886" lat="14.6350500" lon="121.0436838"/>
  <node id="5292825910" lat="14.6348663" lon="121.0434369"/>
  <node id="5292825911" lat="14.6346274" lon="121.0435149"/>
  <node id="5292825912" lat="14.6349984" lon="121.0436051"/>
  <node id="5389609766" lat="14.6360340" lon="121.0429965"/>
  <node id="5427170390" lat="14.6334086" lon="121.0443175"/>
  <node id="5472105348" lat="14.6339032" lon="121.0443959"/>
  <node id="5472105349" lat="14.6337320" lon="121.0441065"/>
  <node id="6264891400" lat="14.6332419" lon="121.0444322"/>
  <node id="6264891405" lat="14.6328732" lon="121.0446709"/>
  <node id="6622286349" lat="14.6350300" lon="121.0433372"/>
  <node id="7899078633" lat="14.6367721" lon="121.0424991"/>
  <node id="7899078634" lat="14.6369247" lon="121.0423963"/>
  <node id="8186731032" lat="14.6326891" lon="121.0448849"/>
  <node id="8186731035" lat="14.6328590" lon="121.0447870"/>
  <node id="8311071062" lat="14.6347865" lon="121.0438310"/>
  <node id="9883999674" lat="14.6334354" lon="121.0446546"/>
  <node id="9883999677" lat="14.6333311" lon="121.0444756"/>
  <node id="9992459492" lat="14.6369090" lon="121.0421187"/>
  <node id="10287131198" lat="14.6327972" lon="121.0447313"/>
  <node id="12132580801" lat="14.6332328" lon="121.0448393"/>
  <node id="12564676608" lat="14.6359609" lon="121.0427335"/>
  <node id="12564676611" lat="14.6362386" lon="121.0425534"/>
  <node id="13112353462" lat="14.6356025" lon="121.0432726"/>
  <node id="13621026210" lat="14.6363720" lon="121.0424669"/>
  <node id="13621026219" lat="14.6365005" lon="121.0423836"/>
  <node id="13621026225" lat="14.6367642" lon="121.0422126"/>
  <node id="13662645648" lat="14.6352717" lon="121.0431805"/>
  <node id="286083465" lat="14.6430490" lon="121.0380707"/>
  <node id="288458254" lat="14.6437225" lon="121.0376029"/>
  <node id="298098895" lat="14.6440036" lon="121.0374140"/>
  <node id="312264218" lat="14.6439100" lon="121.0379269"/>
  <node id="5282138764" lat="14.6431020" lon="121.0380343"/>
  <node id="5383119712" lat="14.6439342" lon="121.0374609"/>
  <node id="6060794828" lat="14.6433528" lon="121.0378707"/>
  <node id="7965461283" lat="14.6432968" lon="121.0383297"/>
  <node id="8186539205" lat="14.6426960" lon="121.0382961"/>
  <node id="8186539206" lat="14.6429076" lon="121.0381610"/>
  <node id="8186539207" lat="14.6430555" lon="121.0384029"/>
  <node id="8186539211" lat="14.6427273" lon="121.0383473"/>
  <node id="8186539212" lat="14.6429399" lon="121.0382139"/>
  <node id="9883466514" lat="14.6433821" lon="121.0382686"/>
  <node id="243460921" lat="14.6419219" lon="121.0391324"/>
  <node id="286083466" lat="14.6415857" lon="121.0390889"/>
  <node id="1140292370" lat="14.6427083" lon="121.0387138"/>
  <node id="1418830464" lat="14.6421328" lon="121.0386628"/>
  <node id="4879643696" lat="14.6396144" lon="121.0403642"/>
  <node id="4879643711" lat="14.6383998" lon="121.0414337"/>
  <node id="5286055351" lat="14.6417678" lon="121.0388907"/>
  <node id="5286055353" lat="14.6417631" lon="121.0392340"/>
  <node id="5286055354" lat="14.6417991" lon="121.0392973"/>
  <node id="5358242502" lat="14.6418151" lon="121.0389464"/>
  <node id="5389608020" lat="14.6392282" lon="121.0408988"/>
  <node id="6507599716" lat="14.6404788" lon="121.0398037"/>
  <node id="6507599719" lat="14.6406155" lon="121.0397151"/>
  <node id="7899078632" lat="14.6412660" lon="121.0395831"/>
  <node id="7987103144" lat="14.6378648" lon="121.0417792"/>
  <node id="8186539209" lat="14.6430923" lon="121.0384630"/>
  <node id="8186539210" lat="14.6428820" lon="121.0386002"/>
  <node id="8315031222" lat="14.6378840" lon="121.0414864"/>
  <node id="8329456052" lat="14.6428456" lon="121.0385405"/>
  <node id="8497832483" lat="14.6379915" lon="121.0414167"/>
  <node id="8497877880" lat="14.6377222" lon="121.0415913"/>
  <node id="8607542947" lat="14.6397779" lon="121.0405473"/>
  <node id="8607542948" lat="14.6427690" lon="121.0386738"/>
  <node id="8659202742" lat="14.6382812" lon="121.0415095"/>
  <node id="9974084566" lat="14.6390236" lon="121.0410309"/>
  <node id="9974142685" lat="14.6398689" lon="121.0404851"/>
  <node id="11467764312" lat="14.6375189" lon="121.0417232"/>
  <node id="11467764323" lat="14.6376525" lon="121.0416365"/>
  <node id="12079421656" lat="14.6399315" lon="121.0404447"/>
  <node id="12079421659" lat="14.6400629" lon="121.0400734"/>
  <node id="12079421661" lat="14.6400501" lon="121.0400817"/>
  <node id="12097311111" lat="14.6414787" lon="121.0395155"/>
  <node id="12097311113" lat="14.6415296" lon="121.0391232"/>
  <node id="13104238619" lat="14.6390688" lon="121.0407181"/>
  <node id="13105642826" lat="14.6386285" lon="121.0410036"/>
  <node id="24078977" lat="14.6316627" lon="121.0456402"/>
  <node id="24081632" lat="14.6327664" lon="121.0450686"/>
  <node id="24081972" lat="14.6327673" lon="121.0451267"/>
  <node id="962951392" lat="14.6310273" lon="121.0455610"/>
  <node id="1497962778" lat="14.6317961" lon="121.0455772"/>
  <node id="3668802714" lat="14.6311757" lon="121.0458707"/>
  <node id="5292825899" lat="14.6312282" lon="121.0454692"/>
  <node id="5351755327" lat="14.6309621" lon="121.0459726"/>
  <node id="5378010142" lat="14.6325480" lon="121.0451781"/>
  <node id="6264891407" lat="14.6329733" lon="121.0450011"/>
  <node id="7573563293" lat="14.6318879" lon="121.0451679"/>
  <node id="7573563296" lat="14.6321374" lon="121.0450561"/>
  <node id="8498137340" lat="14.6314035" lon="121.0453908"/>
  <node id="8649882173" lat="14.6314095" lon="121.0457617"/>
  <node id="12067604" lat="14.5978902" lon="121.0596048"/>
  <node id="21834288" lat="14.5934408" lon="121.0582841"/>
  <node id="24078516" lat="14.5937043" lon="121.0588375"/>
  <node id="24081039" lat="14.5977415" lon="121.0598492"/>
  <node id="29098405" lat="14.5931803" lon="121.0586597"/>
  <node id="87632972" lat="14.5953140" lon="121.0592848"/>
  <node id="88771457" lat="14.5975826" lon="121.0595743"/>
  <node id="88772467" lat="14.5933049" lon="121.0582354"/>
  <node id="88772903" lat="14.5930397" lon="121.0586102"/>
  <node id="92293957" lat="14.5956993" lon="121.0591838"/>
  <node id="321551795" lat="14.5926507" lon="121.0584746"/>
  <node id="321552875" lat="14.5948456" lon="121.0592316"/>
  <node id="321554297" lat="14.5922766" lon="121.0583506"/>
  <node id="321554358" lat="14.5930547" lon="121.0581525"/>
  <node id="496117367" lat="14.5922513" lon="121.0583428"/>
  <node id="1249662120" lat="14.5939703" lon="121.0589336"/>
  <node id="4242563043" lat="14.5957489" lon="121.0591159"/>
  <node id="5285161656" lat="14.5965410" lon="121.0594422"/>
  <node id="5285161657" lat="14.5971113" lon="121.0595151"/>
  <node id="5286201221" lat="14.5968732" lon="121.0595111"/>
  <node id="5286201222" lat="14.5968876" lon="121.0594424"/>
  <node id="5286201224" lat="14.5967345" lon="121.0594855"/>
  <node id="5286225341" lat="14.5941225" lon="121.0585400"/>
  <node id="5286256977" lat="14.5971131" lon="121.0597722"/>
  <node id="5286256978" lat="14.5974267" lon="121.0598161"/>
  <node id="5286256980" lat="14.5980572" lon="121.0598715"/>
  <node id="5288982109" lat="14.5963048" lon="121.0593769"/>
  <node id="5290876967" lat="14.5964719" lon="121.0594269"/>
  <node id="5290876970" lat="14.5961834" lon="121.0595758"/>
  <node id="5290876971" lat="14.5964911" lon="121.0596519"/>
  <node id="5290876972" lat="14.5968012" lon="121.0597174"/>
  <node id="5474624522" lat="14.5929216" lon="121.0582747"/>
  <node id="5729568362" lat="14.5954985" lon="121.0594219"/>
  <node id="8186551767" lat="14.5957522" lon="121.0594252"/>
  <node id="11969230000" lat="14.5932576" lon="121.0582970"/>
  <node id="11969230001" lat="14.5933948" lon="121.0583504"/>
  <node id="11969230002" lat="14.5932444" lon="121.0583220"/>
  <node id="11969230003" lat="14.5933803" lon="121.0583725"/>
  <node id="11969230004" lat="14.5934195" lon="121.0583771"/>
  <node id="11969230005" lat="14.5939739" lon="121.0585672"/>
  <node id="11969230006" lat="14.5957162" lon="121.0590880"/>
  <node id="11969230007" lat="14.5957060" lon="121.0591322"/>
  <node id="11969230008" lat="14.5969315" lon="121.0595138"/>
  <node id="12029724347" lat="14.5952059" lon="121.0589125"/>
  <node id="12029724348" lat="14.5951912" lon="121.0589643"/>
  <node id="12144725805" lat="14.5931078" lon="121.0582395"/>
  <node id="12067593" lat="14.6022214" lon="121.0588907"/>
  <node id="12067600" lat="14.5996487" lon="121.0595774"/>
  <node id="24081110" lat="14.5996325" lon="121.0598249"/>
  <node id="24081128" lat="14.6010735" lon="121.0595514"/>
  <node id="24081145" lat="14.6023825" lon="121.0590899"/>
  <node id="68901115" lat="14.6016657" lon="121.0591107"/>
  <node id="88779660" lat="14.5985075" lon="121.0596343"/>
  <node id="96347306" lat="14.5997298" lon="121.0598143"/>
  <node id="298963478" lat="14.6013154" lon="121.0594887"/>
  <node id="330379463" lat="14.6003775" lon="121.0597113"/>
  <node id="832623603" lat="14.6013567" lon="121.0592143"/>
  <node id="5286256979" lat="14.5983735" lon="121.0598828"/>
  <node id="5286256981" lat="14.5986899" lon="121.0598832"/>
  <node id="5286256982" lat="14.5990062" lon="121.0598727"/>
  <node id="5286256983" lat="14.5993220" lon="121.0598513"/>
  <node id="5286256988" lat="14.5981986" lon="121.0596248"/>
  <node id="5286256991" lat="14.5995027" lon="121.0595928"/>
  <node id="5286256993" lat="14.6003259" lon="121.0594745"/>
  <node id="5286256994" lat="14.6005835" lon="121.0594214"/>
  <node id="5286256997" lat="14.6019731" lon="121.0592614"/>
  <node id="5286256998" lat="14.6016661" lon="121.0593813"/>
  <node id="5286256999" lat="14.6007389" lon="121.0596376"/>
  <node id="5290876955" lat="14.6010100" lon="121.0593162"/>
  <node id="5290876959" lat="14.5999308" lon="121.0595409"/>
  <node id="5291581832" lat="14.6002626" lon="121.0597350"/>
  <node id="5291581833" lat="14.6005075" lon="121.0596870"/>
  <node id="7397059857" lat="14.5989625" lon="121.0596312"/>
  <node id="7397059860" lat="14.5988165" lon="121.0596332"/>
  <node id="8186834076" lat="14.5992265" lon="121.0596154"/>
  <node id="8186834084" lat="14.6018913" lon="121.0590234"/>
  <node id="8317660528" lat="14.6027416" lon="121.0586595"/>
  <node id="8659043416" lat="14.6016159" lon="121.0591282"/>
  <node id="8659087179" lat="14.5997945" lon="121.0595597"/>
  <node id="8659087182" lat="14.6000669" lon="121.0595201"/>
  <node id="9851528696" lat="14.5997631" lon="121.0598116"/>
  <node id="11507995360" lat="14.5993565" lon="121.0596058"/>
  <node id="11507995363" lat="14.5990963" lon="121.0596230"/>
  <node id="11508017775" lat="14.6011795" lon="121.0592683"/>
  <node id="11508017780" lat="14.6008396" lon="121.0593609"/>
  <node id="13161243184" lat="14.5999818" lon="121.0597826"/>
  <node id="1316799535" lat="14.6567889" lon="121.0241626"/>
  <node id="5282138772" lat="14.6567245" lon="121.0244371"/>
  <node id="5284066454" lat="14.6570519" lon="121.0240904"/>
  <node id="6507708993" lat="14.6565164" lon="121.0253173"/>
  <node id="6507708996" lat="14.6565593" lon="121.0251291"/>
  <node id="8637636289" lat="14.6567682" lon="121.0242507"/>
  <node id="8742657344" lat="14.6570184" lon="121.0231987"/>
  <node id="8742657352" lat="14.6570647" lon="121.0230048"/>
  <node id="11395472294" lat="14.6568747" lon="121.0238004"/>
  <node id="13104767778" lat="14.6569270" lon="121.0247657"/>
  <node id="35456301" lat="14.6560771" lon="121.0285161"/>
  <node id="88782921" lat="14.6553525" lon="121.0303697"/>
  <node id="88783440" lat="14.6556223" lon="121.0293904"/>
  <node id="103796296" lat="14.6556656" lon="121.0291813"/>
  <node id="452811250" lat="14.6560816" lon="121.0273055"/>
  <node id="567262411" lat="14.6540293" lon="121.0312454"/>
  <node id="577406327" lat="14.6555859" lon="121.0295591"/>
  <node id="577406331" lat="14.6549334" lon="121.0303425"/>
  <node id="593999447" lat="14.6558972" lon="121.0293330"/>
  <node id="600218408" lat="14.6559474" lon="121.0291062"/>
  <node id="600218409" lat="14.6559730" lon="121.0289865"/>
  <node id="600218410" lat="14.6560007" lon="121.0288633"/>
  <node id="1141810405" lat="14.6551944" lon="121.0301624"/>
  <node id="1416848130" lat="14.6565585" lon="121.0263648"/>
  <node id="3309043461" lat="14.6559197" lon="121.0292288"/>
  <node id="3309043462" lat="14.6559347" lon="121.0291654"/>
  <node id="3309043464" lat="14.6559609" lon="121.0290445"/>
  <node id="3309043465" lat="14.6559863" lon="121.0289250"/>
  <node id="3309043466" lat="14.6560143" lon="121.0287980"/>
  <node id="4109461104" lat="14.6550409" lon="121.0305762"/>
  <node id="4109461105" lat="14.6549038" lon="121.0303634"/>
  <node id="5150002138" lat="14.6553661" lon="121.0300232"/>
  <node id="5150002139" lat="14.6555420" lon="121.0297282"/>
  <node id="5282305957" lat="14.6557596" lon="121.0298561"/>
  <node id="5284066448" lat="14.6566335" lon="121.0260239"/>
  <node id="5292826857" lat="14.6550262" lon="121.0305862"/>
  <node id="5313614842" lat="14.6555125" lon="121.0298084"/>
  <node id="5313614843" lat="14.6554413" lon="121.0299364"/>
  <node id="5377999585" lat="14.6555145" lon="121.0302389"/>
  <node id="5377999586" lat="14.6556287" lon="121.0301086"/>
  <node id="5377999587" lat="14.6554660" lon="121.0302802"/>
  <node id="5432533972" lat="14.6557061" lon="121.0299846"/>
  <node id="5432533973" lat="14.6557826" lon="121.0297967"/>
  <node id="5434506448" lat="14.6563456" lon="121.0272979"/>
  <node id="5464392356" lat="14.6554157" lon="121.0303229"/>
  <node id="5464392357" lat="14.6556711" lon="121.0300487"/>
  <node id="5464392358" lat="14.6555821" lon="121.0301703"/>
  <node id="5464392359" lat="14.6557359" lon="121.0299158"/>
  <node id="5464394005" lat="14.6554893" lon="121.0298609"/>
  <node id="5464394006" lat="14.6554011" lon="121.0299881"/>
  <node id="5464394007" lat="14.6552941" lon="121.0300881"/>
  <node id="5475044862" lat="14.6558087" lon="121.0297067"/>
  <node id="6507708997" lat="14.6562873" lon="121.0263602"/>
  <node id="6507709000" lat="14.6563192" lon="121.0262098"/>
  <node id="7504935578" lat="14.6556466" lon="121.0292730"/>
  <node id="8332689765" lat="14.6555489" lon="121.0302075"/>
  <node id="8392436550" lat="14.6566591" lon="121.0259071"/>
  <node id="8392436553" lat="14.6564904" lon="121.0266633"/>
  <node id="8558962862" lat="14.6558152" lon="121.0296812"/>
  <node id="8658753160" lat="14.6548012" lon="121.0304305"/>
  <node id="8658753168" lat="14.6563229" lon="121.0274011"/>
  <node id="9979537322" lat="14.6563663" lon="121.0259984"/>
  <node id="9979537324" lat="14.6560616" lon="121.0285948"/>
  <node id="12429019653" lat="14.6559050" lon="121.0292969"/>
  <node id="12429019654" lat="14.6558697" lon="121.0294496"/>
  <node id="13816306425" lat="14.6538976" lon="121.0310406"/>
  <node id="103784873" lat="14.6574214" lon="121.0109989"/>
  <node id="250544419" lat="14.6576350" lon="121.0117081"/>
  <node id="250544983" lat="14.6576217" lon="121.0107948"/>
  <node id="504043456" lat="14.6575692" lon="121.0070393"/>
  <node id="673315020" lat="14.6575726" lon="121.0072417"/>
  <node id="1327337466" lat="14.6575613" lon="121.0065799"/>
  <node id="5396058468" lat="14.6576386" lon="121.0119582"/>
  <node id="5396058470" lat="14.6576376" lon="121.0118217"/>
  <node id="5639304792" lat="14.6573905" lon="121.0088934"/>
  <node id="6505207180" lat="14.6576133" lon="121.0100887"/>
  <node id="6505207182" lat="14.6575956" lon="121.0085397"/>
  <node id="6659890442" lat="14.6575758" lon="121.0074293"/>
  <node id="6659912060" lat="14.6575814" lon="121.0077437"/>
  <node id="6659912068" lat="14.6575870" lon="121.0080422"/>
  <node id="7961437445" lat="14.6575523" lon="121.0060584"/>
  <node id="8279597362" lat="14.6576150" lon="121.0102376"/>
  <node id="8313926372" lat="14.6576400" lon="121.0120520"/>
  <node id="8597376318" lat="14.6573545" lon="121.0065595"/>
  <node id="8597376325" lat="14.6573673" lon="121.0072169"/>
  <node id="9926088657" lat="14.6575958" lon="121.0084760"/>
  <node id="9926843933" lat="14.6576251" lon="121.0110287"/>
  <node id="9926843934" lat="14.6574183" lon="121.0107900"/>
  <node id="11461377946" lat="14.6573507" lon="121.0062852"/>
  <node id="11461377951" lat="14.6573518" lon="121.0063637"/>
  <node id="11575825473" lat="14.6575924" lon="121.0083322"/>
  <node id="13164427496" lat="14.6574348" lon="121.0119172"/>
  <node id="13164460804" lat="14.6573790" lon="121.0080592"/>
  <node id="13164536422" lat="14.6573661" lon="121.0071535"/>
  <node id="13164536436" lat="14.6573636" lon="121.0070249"/>
  <node id="13164602672" lat="14.6576041" lon="121.0092833"/>
  <node id="250543335" lat="14.6577024" lon="121.0159895"/>
  <node id="250543852" lat="14.6577329" lon="121.0174683"/>
  <node id="250544755" lat="14.6574973" lon="121.0166013"/>
  <node id="671874623" lat="14.6576737" lon="121.0143313"/>
  <node id="671874625" lat="14.6574700" lon="121.0143170"/>
  <node id="673308065" lat="14.6574640" lon="121.0139074"/>
  <node id="1074584514" lat="14.6576983" lon="121.0157507"/>
  <node id="1293071645" lat="14.6575262" lon="121.0187401"/>
  <node id="1293071689" lat="14.6577571" lon="121.0187377"/>
  <node id="1362327008" lat="14.6574514" lon="121.0130482"/>
  <node id="4879643690" lat="14.6574653" lon="121.0139961"/>
  <node id="4879643691" lat="14.6576481" lon="121.0126110"/>
  <node id="5374518340" lat="14.6574888" lon="121.0160229"/>
  <node id="5396037028" lat="14.6576686" lon="121.0140146"/>
  <node id="5396058474" lat="14.6576674" lon="121.0139339"/>
  <node id="5396058478" lat="14.6576500" lon="121.0127640"/>
  <node id="7470961146" lat="14.6574760" lon="121.0147200"/>
  <node id="7648268525" lat="14.6576914" lon="121.0153501"/>
  <node id="8119843849" lat="14.6574869" lon="121.0158363"/>
  <node id="8119843850" lat="14.6574852" lon="121.0154330"/>
  <node id="8119843851" lat="14.6576960" lon="121.0156153"/>
  <node id="8313900808" lat="14.6576811" lon="121.0147570"/>
  <node id="8313952230" lat="14.6576449" lon="121.0124692"/>
  <node id="8627217834" lat="14.6574938" lon="121.0163636"/>
  <node id="8657586005" lat="14.6576614" lon="121.0135174"/>
  <node id="8679239218" lat="14.6574873" lon="121.0159157"/>
  <node id="8870838809" lat="14.6574864" lon="121.0156363"/>
  <node id="9275731292" lat="14.6575218" lon="121.0183653"/>
  <node id="9275731297" lat="14.6575187" lon="121.0180656"/>
  <node id="9275731303" lat="14.6575176" lon="121.0179891"/>
  <node id="9699847146" lat="14.6574706" lon="121.0143564"/>
  <node id="9699847151" lat="14.6574678" lon="121.0141658"/>
  <node id="9699847157" lat="14.6576709" lon="121.0141721"/>
  <node id="9926088652" lat="14.6576602" lon="121.0134382"/>
  <node id="11222284090" lat="14.6574583" lon="121.0135158"/>
  <node id="11575691905" lat="14.6574514" lon="121.0131678"/>
  <node id="12113071352" lat="14.6577540" lon="121.0185758"/>
  <node id="12113071355" lat="14.6577568" lon="121.0187226"/>
  <node id="13164427491" lat="14.6574398" lon="121.0122548"/>
  <node id="12089240" lat="14.6574930" lon="121.0203684"/>
  <node id="527765724" lat="14.6573124" lon="121.0229128"/>
  <node id="566895348" lat="14.6577689" lon="121.0193829"/>
  <node id="566895353" lat="14.6577187" lon="121.0205998"/>
  <node id="566895359" lat="14.6571752" lon="121.0224764"/>
  <node id="671874629" lat="14.6575269" lon="121.0193436"/>
  <node id="674492671" lat="14.6575223" lon="121.0198308"/>
  <node id="1293071630" lat="14.6575295" lon="121.0190753"/>
  <node id="1293071637" lat="14.6577604" lon="121.0190729"/>
  <node id="1648499023" lat="14.6575111" lon="121.0220058"/>
  <node id="2467577355" lat="14.6573621" lon="121.0214500"/>
  <node id="2467577359" lat="14.6575427" lon="121.0218505"/>
  <node id="2467577361" lat="14.6577779" lon="121.0199523"/>
  <node id="4879643695" lat="14.6573043" lon="121.0218318"/>
  <node id="5284282521" lat="14.6577693" lon="121.0201526"/>
  <node id="6507741821" lat="14.6574409" lon="121.0223465"/>
  <node id="6507770014" lat="14.6577545" lon="121.0203855"/>
  <node id="7797754056" lat="14.6574654" lon="121.0206468"/>
  <node id="7797754065" lat="14.6575997" lon="121.0215417"/>
  <node id="8005076349" lat="14.6571869" lon="121.0234807"/>
  <node id="8742657361" lat="14.6572321" lon="121.0221935"/>
  <node id="8742657364" lat="14.6571408" lon="121.0226404"/>
  <node id="8742657372" lat="14.6577168" lon="121.0206146"/>
  <node id="11575617489" lat="14.6573019" lon="121.0218441"/>
  <node id="11575617490" lat="14.6572494" lon="121.0221069"/>
  <node id="11575648982" lat="14.6575410" lon="121.0218587"/>
  <node id="12941596950" lat="14.6576529" lon="121.0211208"/>
  <node id="250545550" lat="14.6499489" lon="121.0336164"/>
  <node id="258777207" lat="14.6457426" lon="121.0366521"/>
  <node id="286082780" lat="14.6442044" lon="121.0377379"/>
  <node id="286082839" lat="14.6443940" lon="121.0376169"/>
  <node id="286083464" lat="14.6451904" lon="121.0366503"/>
  <node id="288463431" lat="14.6494834" lon="121.0342732"/>
  <node id="295525881" lat="14.6449157" lon="121.0372773"/>
  <node id="295525883" lat="14.6448874" lon="121.0368409"/>
  <node id="504019415" lat="14.6476472" lon="121.0354070"/>
  <node id="593999463" lat="14.6456305" lon="121.0364613"/>
  <node id="763949661" lat="14.6469967" lon="121.0355370"/>
  <node id="1446031115" lat="14.6460914" lon="121.0360843"/>
  <node id="2467398191" lat="14.6441934" lon="121.0372887"/>
  <node id="5284251078" lat="14.6452067" lon="121.0370846"/>
  <node id="5284251079" lat="14.6450153" lon="121.0367585"/>
  <node id="5286078046" lat="14.6467876" lon="121.0356769"/>
  <node id="5286078047" lat="14.6466818" lon="121.0357194"/>
  <node id="5291822143" lat="14.6478414" lon="121.0353655"/>
  <node id="5291822149" lat="14.6466676" lon="121.0361436"/>
  <node id="5383119711" lat="14.6441288" lon="121.0377878"/>
  <node id="6054242042" lat="14.6444628" lon="121.0375731"/>
  <node id="6054242043" lat="14.6442638" lon="121.0372426"/>
  <node id="6264891389" lat="14.6505825" lon="121.0335653"/>
  <node id="6507637754" lat="14.6477470" lon="121.0350426"/>
  <node id="6659979001" lat="14.6457477" lon="121.0367385"/>
  <node id="7987103145" lat="14.6454251" lon="121.0369444"/>
  <node id="8382424181" lat="14.6504981" lon="121.0336193"/>
  <node id="8382424182" lat="14.6492090" lon="121.0344538"/>
  <node id="8382424183" lat="14.6491586" lon="121.0343844"/>
  <node id="8382424184" lat="14.6490914" lon="121.0344794"/>
  <node id="8382424185" lat="14.6483324" lon="121.0349554"/>
  <node id="8382424186" lat="14.6484340" lon="121.0349167"/>
  <node id="8382424187" lat="14.6483722" lon="121.0350145"/>
  <node id="9883466506" lat="14.6445699" lon="121.0370441"/>
  <node id="11416696811" lat="14.6497746" lon="121.0337293"/>
  <node id="11416696814" lat="14.6498901" lon="121.0336545"/>
  <node id="11448932642" lat="14.6461885" lon="121.0360193"/>
  <node id="11448932646" lat="14.6463309" lon="121.0359270"/>
  <node id="11448932653" lat="14.6465029" lon="121.0358160"/>
  <node id="11935074788" lat="14.6497692" lon="121.0340850"/>
  <node id="12111420958" lat="14.6499946" lon="121.0335868"/>
  <node id="12378333451" lat="14.6470104" lon="121.0359163"/>
  <node id="12378333452" lat="14.6475163" lon="121.0355810"/>
  <node id="12378333453" lat="14.6489601" lon="121.0345667"/>
  <node id="13103850006" lat="14.6457033" lon="121.0363309"/>
  <node id="13112431462" lat="14.6483229" lon="121.0346696"/>
  <node id="13816306412" lat="14.6465704" lon="121.0358445"/>
  <node id="13816306439" lat="14.6504745" lon="121.0335577"/>
  <node id="1307423504" lat="14.6523923" lon="121.0323783"/>
  <node id="5414159589" lat="14.6520237" lon="121.0322710"/>
  <node id="5556186529" lat="14.6521746" lon="121.0325152"/>
  <node id="7961498676" lat="14.6514790" lon="121.0326178"/>
  <node id="7961498680" lat="14.6510544" lon="121.0329010"/>
  <node id="8083108227" lat="14.6522414" lon="121.0321341"/>
  <node id="8375781324" lat="14.6507579" lon="121.0334160"/>
  <node id="8382424180" lat="14.6506796" lon="121.0335016"/>
  <node id="8392623559" lat="14.6518548" lon="121.0327199"/>
  <node id="8658753151" lat="14.6515005" lon="121.0326034"/>
  <node id="8658753154" lat="14.6510204" lon="121.0329232"/>
  <node id="11811299483" lat="14.6513441" lon="121.0327120"/>

</osm>
